english	spanish	accepted_es	accepted_en	split
yes i speak spanish	sí yo hablo español	sí yo hablo español	yes i speak spanish	test
this bread is delicious	este pan está delicioso	este pan está delicioso	this bread is delicious	test
never say that	nunca digas eso	nunca digas eso	never say that	test
okay lets go	vale vámonos	vale vamos|vale vámonos	okay lets go	test
dont be shy	no tengas pena	no sea tímido|no seas tímido|no tengas pena	dont be shy	test
she makes me happy	ella me hace feliz	ella me hace feliz	she makes me happy	test
it sounds easy	parece fácil	parece fácil	it sounds easy	test
wait and see	espera y mira	espera y mira|esperad y mirad|espere y mire	wait and see	test
that man is strong	ese hombre es fuerte	ese hombre es fuerte	that man is strong	test
thank you for coming	gracias por venir	gracias por venir	thank you for coming|thanks for coming	test
thats good	eso está bien	eso es bueno|eso está bien	thats good	test
go get it	vete a por ello	ve a por ello|vete a por ello	go get it	test
im big and strong	soy grande y fuerte	soy grande y fuerte	im big and strong	test
take tom inside	lleva adentro a tom	lleva adentro a tom	take tom inside	test
i have another sister	tengo otra hermana	tengo otra hermana	i have another sister	test
from where ?	¿ de dónde ?	¿ de dónde ?	from where ?	test
youre a smart boy	eres un chico inteligente	eres un chico inteligente	youre a smart boy	test
put your clothes away	guarda tu ropa	guarda tu ropa	put your clothes away	test
he slept	durmió	durmió	he slept	test
she ate one apple	comió una manzana	comió una manzana	she ate one apple	test
i can be good	yo puedo ser bueno	yo puedo ser bueno	i can be good	test
a bird can fly	un pájaro puede volar	un pájaro puede volar	a bird can fly	test
he became famous	él se hizo famoso	él se hizo famoso	he became famous	test
he looks young	él se ve joven	él se ve joven	he looks young	test
youre poor	eres pobre	eres pobre	youre poor	test
toms awake	tom está despierto	tom está despierto	toms awake	test
just hang in there	espera un segundo	espera un segundo|solo espera ahí|un momento	hold on one second|just hang in there|wait one second	test
give me the key	dame la llave	dame la llave	bring me the key|give me the key	test
no its not right	no no está bien	no no está bien	no its not right	test
nobody called	nadie llamó	nadie llamó	nobody called	test
get down	abajo	abajo	get down	test
it wasnt important	no era importante	no era importante	it wasnt important	test
i cant do anything	no puedo hacer nada	no puedo hacer nada	i cant do anything	test
see you later !	¡ hasta luego !	¡ hasta luego !|¡ nos vemos !	goodbye !|see you later !|see you soon !	test
they can fish	saben pescar	ellos saben pescar|pueden pescar|saben pescar	they can fish	test
i get you	te entiendo	te entiendo	i get you|i understand you	test
she came home	ella volvió a casa	ella volvió a casa	she came home	test
i was sick	yo estaba enfermo	yo estaba enferma|yo estaba enfermo	i was sick	test
she teaches us english	ella nos enseña inglés	ella nos enseña inglés	she teaches us english	test
tom misled us	tom nos engañó	tom nos engañó	tom misled us	test
hold it !	espera	espera	hold it !	test
please do it quickly	por favor hazlo rápido	por favor hazlo rápido	please do it quickly	test
dont forget about me	no me olvides	no me olvides	dont forget about me	test
we have good news	tenemos buenas noticias	tenemos buenas noticias	we have good news	test
i am smart	soy inteligente	soy inteligente	i am smart|im wise	test
i feel like singing	tengo ganas de cantar	tengo ganas de cantar	i feel like singing	test
its really cold	hace mucho frío	hace mucho frío	its really cold|its very cold	test
he is my teacher	él es mi profesor	él es mi profesor	he is my teacher	test
its delicious !	¡ está delicioso !	¡ está delicioso !	its delicious !	test
it was dark green	era verde oscuro	era verde oscuro	it was dark green	test
youre still young	todavía son jóvenes	todavía eres joven|todavía son jóvenes|ustedes aún son jóvenes	theyre still young|youre still young	test
i know it hurts	sé que duele	sé que duele	i know it hurts	test
excuse me im lost	disculpe me he perdido	disculpe me he perdido	excuse me im lost	test
i like speaking french	me gusta hablar francés	me gusta hablar francés	i like speaking french	test
tom wants something different	tom quiere algo diferente	tom quiere algo diferente	tom wants something different	test
my cat died yesterday	mi gato murió ayer	mi gato murió ayer	my cat died yesterday	test
he loves the son	él ama al hijo	él ama al hijo	he loves the son	test
call your brother	llama a tu hermano	llama a tu hermano	call your brother	test
tom is strong	tom es fuerte	tom es fuerte	tom is strong|toms strong	test
he began to sing	él empezó a cantar	él empezó a cantar	he began to sing|he started singing	test
the answer is simple	la respuesta es simple	la respuesta es simple	the answer is simple	test
youre probably tired	probablemente estás cansado	probablemente estás cansado	youre probably tired	test
were very happy together	somos muy felices juntos	somos muy felices juntos	were very happy together	test
im always late	siempre estoy atrasado	siempre estoy atrasado	im always late	test
its new	es nuevo	es nuevo	it is new|its new|thats new	test
im not that famous	no soy tan famoso	no soy tan famoso	im not that famous	test
were ready to go	estamos listos para partir	estamos listos para partir	were ready to go|were ready to leave	test
i play tennis	juego al tenis	juego al tenis|yo juego tenis	i play tennis	test
that doesnt sound good	eso no suena bien	eso no suena bien	that doesnt sound good	test
dont eat without me	no comas sin mí	no comas sin mí	dont eat without me	test
come on home	vuelve a casa	vuelve a casa	come back home|come on home	test
look at this	mira esto	mira esto	look at this|watch this	test
its all right	todo está bien	todo está bien	all is well|everything is all right|everything is fine|everything is ok|everythings fine|its all ok|its all right	test
he was deeply moved	él estaba profundamente emocionado	estaba profundamente emocionado|él estaba profundamente emocionado	he was deeply moved	test
are you hungry ?	¿ tienes hambre ?	¿ tienes hambre ?	are you hungry ?|hungry ?	test
were not rich	no somos ricos	no somos ricos	were not rich	test
im so full	estoy tan lleno	estoy tan lleno	im so full	test
the girls won	ganaron las chicas	ganaron las chicas	the girls won	test
ill call them	los llamaré	los llamaré	ill call them	test
he let us go	nos dejó irnos	nos dejó irnos	he let us go	test
she was very happy	ella estaba muy feliz	ella estaba muy feliz	she was very happy	test
we need more food	necesitamos más comida	necesitamos más comida	we need more food	test
im loved	soy amado	soy amado	im loved	test
mary is pregnant	mary está embarazada	mary está embarazada	mary is pregnant	test
god is bad	dios es malo	dios es malo	god is bad	test
its old	es viejo	es viejo	its old	test
this problem seems difficult	este problema parece difícil	este problema parece difícil	this problem seems difficult	test
we did our work	hicimos nuestro trabajo	hicimos nuestro trabajo	we did our work	test
theyre coming back	ellas están de vuelta	ellas están de vuelta	theyre back|theyre coming back	test
i love life	amo la vida	amo la vida	i love life	test
im eating	estoy comiendo	estoy comiendo	i am eating|im eating	test
he was born dumb	él nació estúpido	él nació estúpido	he was born dumb	test
he is speaking quickly	está hablando rápido	está hablando rápido	he is speaking quickly	test
we are not young	no somos jóvenes	no somos jóvenes	we are not young|we arent young	test
you may also come	tú también puedes venir	tú también puedes venir	you may also come	test
youre sweet	eres muy dulce	eres muy dulce	youre sweet|youre very sweet	test
tom worked	tom trabajó	tom trabajó	tom worked	test
tom wants the best	tom quiere lo mejor	tom quiere lo mejor	tom wants the best	test
im trapped	estoy atrapado	estoy atrapado	im trapped	test
i was afraid	tenía miedo	tenía miedo	i was afraid	test
theres somebody there	hay alguien ahí	hay alguien ahí	theres somebody there	test
im a cat	soy un gato	soy un gato	i am a cat|im a cat	test
the rain stopped	dejó de llover	dejó de llover|la lluvia paró|paró de llover	the rain stopped	test
my father is busy	mi padre está ocupado	mi padre está ocupado	my father is busy	test
tom bought flowers	tom compró flores	tom compró flores	tom bought flowers	test
he is very kind	es muy amable	es muy amable|él es muy amable	he is very kind	test
thats hard to say	es difícil de decir	es difícil de decir	thats hard to say	test
the world is sick	el mundo está enfermo	el mundo está enfermo	the world is sick	test
tom is very tired	tom está muy cansado	tom está muy cansado	tom is very tired	test
thats nice	es agradable	es agradable|eso es bueno|está bien	its nice|thats nice	test
theres room	hay lugar	hay lugar	theres room	test
its a difficult question	es una pregunta difícil	es una pregunta difícil	its a difficult question|its a hard question	test
im not very hungry	no tengo mucha hambre	no tengo mucha hambre	im not very hungry	test
it is very short	es muy corto	es muy corto	it is very short|its too short|its very short	test
i think youre right	pienso que tienes razón	creo que tenéis razón|creo que tienes razón|pienso que tienes razón	i think youre right	test
now leave us	ahora déjanos	ahora déjanos	now leave us	test
youre still smiling	todavía estás sonriendo	todavía estás sonriendo	youre still smiling	test
the car is black	el carro es negro	el carro es negro	the car is black	test
wait for them	espera por ellos	espera por ellos	wait for them	test
im with him	estoy con él	estoy con él	im with him	test
we live in peace	vivimos en paz	vivimos en paz	we live in peace	test
i should learn french	debería aprender francés	debería aprender francés	i should learn french	test
we should study together	deberíamos estudiar juntos	deberíamos estudiar juntos	we should study together	test
ive been running	he estado corriendo	he estado corriendo	ive been running	test
please think about it	piénsalo por favor	piénsalo por favor	please think about it	test
i want to learn	quiero aprender	quiero aprender	i want to learn	test
tom was very patient	tomás tenía mucha paciencia	tomás tenía mucha paciencia	tom was very patient	test
toms waiting for you	tom te está esperando	tom te está esperando	toms waiting for you	test
i helped tony	le ayudé a tony	le ayudé a tony	i helped tony	test
i changed my mind	cambié de idea	cambié de idea	i changed my mind|ive changed my mind	test
this is impossible	es imposible	es imposible|eso es imposible	its impossible|thats impossible|this is impossible	test
tom is still asleep	tomás todavía está durmiendo	tomás todavía está durmiendo	tom is still asleep|tom is still sleeping	test
sit down please !	por favor siéntate	por favor siéntate|por favor siéntense|sentate por favor|siéntate por favor|siéntense por favor	please sit|sit down please !	test
he changed his address	él cambió su dirección	él cambió su dirección	he changed his address	test
reading makes me happy	leer me hace feliz	leer me hace feliz	reading makes me happy	test
open the bag	abra la bolsa	abra la bolsa|abran la bolsa|abre la bolsa	open the bag	test
just like here	como aquí	como aquí	i eat here|just like here	test
shes very lonely	ella está muy sola	ella está muy sola	shes very lonely	test
we like girls	nos gustan las chicas	nos gustan las chicas	we like girls	test
come help me	ven a ayudarme	ven a ayudarme	come and help me|come help me|come to help me	test
someone is watching them	alguien los está mirando	alguien los está mirando	someone is watching them	test
its the perfect number	es el número perfecto	es el número perfecto	its the perfect number	test
youre lucky	tenés suerte	tenés suerte	youre lucky	test
i am totally confused	estoy completamente confundido	estoy completamente confundido	i am totally confused	test
dont speak so fast	no hables tan rápido	no hables tan rápido	dont speak so fast	test
he teaches arabic	él enseña árabe	él enseña árabe	he teaches arabic	test
i forgot her name	he olvidado su nombre	he olvidado su nombre|olvidé su nombre	i forget his name|i forgot her name|i forgot his name	test
this is wonderful	esto es maravilloso	esto es maravilloso	this is wonderful	test
youre pretty good	eres muy bueno	eres muy buena|eres muy bueno	youre pretty good	test
tom was really surprised	tom estaba realmente sorprendido	tom estaba realmente sorprendido	tom was really surprised	test
just stand up	solo levántate	solo levántate	just stand up	test
i hate that movie	odio esa película	odio esa película	i hate that movie	test
come on inside	ven entra	entra|ven entra	come on inside	test
youre on time	estás a tiempo	estás a tiempo	youre on time	test
i need those shoes	necesito esos zapatos	necesito esos zapatos	i need those shoes	test
come and see me	venid a verme	ven a verme|venid a verme	come and see me|come see me	test
this is really bad	esto está muy malo	esto está muy malo	this is really bad|this is very bad	test
i love her	la amo	la amo	i love her|i love you	test
im your friend	soy tu amigo	soy tu amiga|soy tu amigo	i am your friend|im your friend	test
theyre listening	están escuchando	están escuchando	theyre listening	test
anyone can do it	cualquiera puede hacerlo	cualquiera puede hacerlo	anyone can do it	test
i love my parents	amo a mis padres	amo a mis padres	i love my parents	test
you speak very slowly	habla muy despacio	habla muy despacio	he speaks very slowly|she speaks very slowly|you speak very slowly	test
he can swim well	él puede nadar bien	él puede nadar bien|él sabe nadar bien	he can swim well	test
im not young anymore	ya no soy joven	ya no soy joven	im not young anymore	test
im young	soy joven	soy joven	im young	test
im close	estoy cerca	estoy cerca	im close	test
its our job	es nuestro trabajo	es nuestro trabajo	its our job	test
youve already won	ya has ganado	ya has ganado	youve already won	test
okay	¡ órale !	bueno|vale|¡ órale !	all right|come on|come on !|cool !|go away|go away !|great !|lets go|lets go !|ok|okay|sweet !|understood	test
the boy was full	el niño estaba lleno	el niño estaba lleno	the boy was full	test
stop there	detente ahí	detente ahí	stop there	test
i have no problem	no tengo ningún problema	no tengo ningún problema	i have no problem	test
im at home	estoy en casa	estoy en casa|estoy en la casa|ya estoy en casa	i am at home|im at home|im home	test
i was naive	yo era ingenuo	yo era ingenuo	i was naive	test
you cant go there	no puedes ir ahí	no puedes ir ahí	you cant go there	test
we mean it	eso queremos decir	eso queremos decir	we mean it	test
its there now	ahora está ahí	ahora está ahí	its there now	test
ill let them know	les haré saber	les haré saber	ill let them know	test
i remember tom	me acuerdo de tom	me acuerdo de tom	i remember tom	test
now i live here	vivo aquí ahora	vivo aquí ahora	now i live here	test
he believes in god	él cree en dios	él cree en dios	he believes in god	test
mary was beautiful	mary era hermosa	mary era hermosa	mary was beautiful	test
its three oclock	son las tres	son las tres	its three oclock	test
i feel for you	lo siento por ti	lo siento por ti	i feel for you|im sorry for you	test
never mind !	olvídalo	olvídalo	forget him|forget it|never mind|never mind !	test
this is so crazy	esto es tan loco	esto es tan loco	this is so crazy	test
wait right here	espera justo aquí	espera justo aquí	wait right here	test
tom saw her	tom la vio	tom la vio	tom saw her	test
its my turn	es mi turno	es mi turno|me toca	its my turn	test
thats all	eso es todo	eso es todo	that is all|thats about it|thats all	test
here are our books	aquí están nuestros libros	aquí están nuestros libros	here are our books	test
nobody needs to talk	nadie tiene que hablar	nadie tiene que hablar	nobody needs to talk	test
count me in	cuenta conmigo	cuenta conmigo	count me in|count on me	test
tom eats a lot	tom come mucho	tom come mucho	tom eats a lot	test
please wait here	espere aquí por favor	esperad aquí por favor|espere aquí por favor	please wait here	test
this isnt sugar	esto no es azúcar	esto no es azúcar	this isnt sugar	test
i cant explain it	no lo puedo explicar	no lo puedo explicar	i cant explain it	test
how beautiful !	¡ qué bonito !	¡ qué bonito !	how beautiful !	test
she lost her dog	perdió a su perro	perdió a su perro	she lost her dog	test
this place is great	este lugar es estupendo	este lugar es estupendo	this place is great	test
the sun is white	el sol es blanco	el sol es blanco	the sun is white	test
you understand me	usted me entiende	tú me entiendes|usted me entiende	you understand me	test
nobody believes me	nadie me cree	nadie me cree	no one believes me|nobody believes me	test
come back to boston	vuelve a boston	vuelve a boston	come back to boston	test
trust me	confía en mi	confía en mi|confía en mí	trust me	test
i do remember	claro que recuerdo	claro que recuerdo|sí yo recuerdo	i do remember	test
welcome to our home	bienvenido a nuestro hogar	bienvenido a nuestro hogar	welcome to our home	test
she looks bored	ella parece aburrida	ella parece aburrida	she looks bored	test
tom betrayed me	tom me traicionó	tom me traicionó	tom betrayed me|tom has betrayed me	test
please tell me	dime por favor	dime por favor	please tell me	test
hi guys	hola por aquí	buenas|hola por aquí	hi guys	test
weve come home	hemos venido a casa	hemos venido a casa	weve come home	test
we watched a movie	vimos una película	vimos una película	we watched a movie	test
dont leave me alone	no me dejes solo	no me dejes solo	dont leave me alone	test
i sure am lucky	qué suerte que tengo	qué suerte que tengo	i sure am lucky	test
she loves coffee	le encanta el café	le encanta el café	he loves coffee|she loves coffee	test
ill phone you later	te llamo luego	te llamo luego	ill call you later|ill phone you later	test
its nice	es agradable	es agradable|hace buen tiempo	its nice|thats nice	test
thats a big problem	es un gran problema	es un gran problema	thats a big problem	test
tom is studying	tom está estudiando	tom está estudiando	tom is studying	test
tom speaks russian	tom habla ruso	tom habla ruso	tom speaks russian	test
no one knows yet	nadie sabe todavía	nadie sabe todavía	no one knows yet	test
i called him up	lo llamé	lo llamé	i called him up	test
it was like that	era así	era así	it was like that	test
take this !	¡ tome esto !	¡ toma esto !|¡ tome esto !	take this !	test
they like snow	les gusta la nieve	les gusta la nieve	they like snow	test
theres a serious problem	hay un problema serio	hay un problema serio	theres a serious problem	test
ill be ok	estaré bien	estaré bien	ill be fine|ill be ok	test
he came in person	él vino en persona	él vino en persona	he came in person	test
i can sing	puedo cantar	puedo cantar	i can sing	test
my soup is cold	mi sopa está fría	mi sopa está fría	my soup is cold	test
theyre old friends	ellos son viejos amigos	ellos son viejos amigos	theyre old friends	test
everything is stupid	todo es tonto	todo es tonto	everything is stupid	test
thats not a question	no es una pregunta	no es una pregunta	thats not a question	test
for what ?	¿ para qué ?	¿ para qué ?	for what ?|what for ?	test
the time has come	ha llegado el momento	ha llegado el momento	its time|the time has come	test
i have time	tengo tiempo	tengo tiempo	i have time|ive got time	test
i already called him	ya lo llamé	ya lo llamé	i already called him	test
stop right there	párate ahí mismo	párate ahí mismo	stop right there	test
were married	estamos casados	estamos casados	were married	test
im full	estoy lleno	estoy lleno	i am full|im full	test
were all hungry	todos tenemos hambre	todos tenemos hambre	were all hungry	test
come with me !	¡ ven conmigo !	¡ ven conmigo !	come with me !	test
dont stop here	no pares aquí	no pares aquí	dont stop here	test
it looked cheap	se veía barato	se veía barato	it looked cheap	test
this is a girl	esto es una niña	esto es una niña	this is a girl	test
this is a name	esto es un nombre	esto es un nombre	this is a name	test
im disappointed with you	me has decepcionado	estoy decepcionado de ti|me has decepcionado	im disappointed with you|you disappointed me	test
dont leave me again	no me dejes nuevamente	no me dejes nuevamente	dont leave me again	test
im embarrassed	estoy avergonzado	estoy avergonzado	i am embarrassed|im embarrassed	test
i know her secret	yo sé su secreto	yo sé su secreto	i know her secret|i know his secret	test
thats my problem	ese es mi problema	ese es mi problema	thats my problem	test
i take it	lo tomo	lo tomo	i take him|i take it|ill take him|ill take it	test
she doesnt exist	ella no existe	ella no existe	she doesnt exist	test
tom wanted money	tom quería dinero	tom quería dinero	tom wanted money	test
youve done your homework	habéis hecho los deberes	habéis hecho los deberes	youve done your homework	test
i like english better	prefiero el inglés	prefiero el inglés	i like english better	test
people are talking	la gente está hablando	la gente está hablando	people are talking	test
she has nothing	no tiene nada	no tiene nada	he has nothing|she has nothing	test
well youve found it	pues lo has conseguido	pues lo has conseguido	well youve found it	test
it is warm	hace calor	hace calor	it is hot|it is warm|its hot	test
he worked very hard	él trabajó muy duro	él trabajó muy duro	he worked very hard	test
its not very fun	no es muy divertido	no es muy divertido	its not very fun	test
their number is great	su número es grande	su número es grande	their number is great	test
i share his opinion	comparto su opinión	comparto su opinión	i share his opinion	test
tom might be canadian	tom podría ser canadiense	tom podría ser canadiense	tom might be canadian	test
i know his name	conozco su nombre	conozco su nombre|sé cómo se llama|sé su nombre	i know his name	test
i can buy two	yo puedo comprar dos	yo puedo comprar dos	i can buy two	test
ive already said no	ya dije que no	ya dije que no	ive already said no	test
its dangerous !	es peligroso	es peligroso	its dangerous !	test
its not broken	no está roto	no está roto	its not broken	test
it makes us better	nos hace mejor	nos hace mejor	it makes us better	test
we were all tired	estábamos todos cansados	estábamos todos cansados	we were all tired	test
im extremely tired	estoy extremadamente cansado	estoy extremadamente cansado	im extremely tired	test
im watching tv	estoy viendo la tele	estoy viendo la tele	im watching tv	test
everything stopped	todo paró	todo paró	everything stopped	test
i hate her now	la odio ahora	la odio ahora	i hate her now	test
i cook well	soy buena para cocinar	soy buena para cocinar	i cook well|im a good cook|im good at cooking	test
yes im coming immediately	sí voy inmediatamente	sí voy inmediatamente	yes im coming immediately	test
i ate it	me lo comí	me la comí|me lo comí	i ate him|i ate it	test
im still worried	todavía estoy preocupado	todavía estoy preocupado	im still worried	test
tom is very tall	tom es muy alto	tom es muy alto	tom is very tall	test
the book is new	el libro es nuevo	el libro es nuevo	the book is new	test
i wanted to fight	quería luchar	quería luchar	i wanted to fight	test
i have money	tengo dinero	tengo dinero	i have money	test
we help them	los ayudamos	las ayudamos|los ayudamos|nosotras las ayudamos|nosotras los ayudamos|nosotros las ayudamos|nosotros los ayudamos	we help them	test
they were swimming	ellas estaban nadando	ellas estaban nadando	they were swimming	test
he is tony	él es tony	él es tony	he is tony	test
money is needed	hace falta dinero	hace falta dinero	money is needed	test
those apples are big	esas manzanas son grandes	esas manzanas son grandes	those apples are big	test
i myself saw it	lo vi yo mismo	lo vi yo mismo	i myself saw it	test
there was no hurry	no había prisa	no había prisa	there was no hurry	test
she didnt go far	ella no fue lejos	ella no fue lejos	she didnt go far	test
come on !	¡ órale !	¡ órale !	all right|come on|come on !|cool !|go away|go away !|great !|lets go|lets go !|ok|okay|sweet !|understood	test
that looks good	tiene buen aspecto	tiene buen aspecto	he looks well|she looks well|that looks good	test
the man is young	el hombre es joven	el hombre es joven	the man is young	test
ive already eaten	ya he comido	ya he comido	ive already eaten	test
tom needs a friend	tom necesita un amigo	tom necesita un amigo	tom needs a friend	test
i changed the sentence	cambié la frase	cambié la frase	i changed the sentence	test
he doesnt drink	él no bebe	él no bebe	he doesnt drink	test
youre first	tú vas primero	te toca primero|tú eres el primero|tú vas el primero|tú vas primero	youre first	test
you are the one	tú eres aquel	tú eres aquel	you are the one	test
theres a cat there	hay un gato ahí	hay un gato ahí	theres a cat there	test
we love it here	nos encanta estar aquí	nos encanta estar aquí	we love it here	test
how curious !	¡ qué curioso !	¡ qué curioso !	how curious !	test
lets come back	volvamos	volvamos	lets come back|lets go back|lets turn back	test
tom is learning	tom está aprendiendo	tom está aprendiendo	tom is learning	test
he also speaks french	también habla francés	también habla francés	he also speaks french|she also speaks french	test
its tom	es tom	es tom	its tom	test
he stole my watch	él robó mi reloj	me robó el reloj|él robó mi reloj	he stole my watch	test
they seem happy	parecen felices	ellos se ven felices|parecen felices	they look happy|they seem happy	test
welcome	bienvenidas	bienvenida|bienvenidas|bienvenidos|¡ bienvenido !	welcome	test
yours is worse	el vuestro es peor	el tuyo es peor|el vuestro es peor	yours is worse	test
tom eats very little	tom come muy poco	tom come muy poco	tom eats very little	test
there isnt any problem	no hay ningún problema	no hay ningún problema	there are no problems|there isnt any problem|theres no problem	test
these arent words	esas no son palabras	esas no son palabras|estas no son palabras	these are not words|these arent words	test
it was black	era negro	era negro	it was black	test
i missed the bus	perdí el bus	perdí el bus	i missed the bus	test
theres no problem	no hay problema	no hay ningún problema|no hay problema	there is no problem|theres no problem	test
you went there	tú fuiste ahí	tú fuiste ahí	you went there	test
this tea tastes good	este té está bueno	este té está bueno	this tea tastes good	test
im fair	soy justo	soy justo	im fair	test
stand up for yourself	levántate por ti mismo	levántate por ti mismo	stand up for yourself	test
shes not fat	no está gorda	no está gorda	shes not fat	test
tom had nothing	tom no tenía nada	tom no tenía nada	tom had nothing	test
tom didnt see you	tom no te vio	tom no te vio	tom didnt see you	test
tom felt trapped	tom se sintió atrapado	tom se sentía atrapado|tom se sintió atrapado	tom felt trapped	test
i love my daughter	quiero a mi hija	quiero a mi hija	i love my daughter	test
no im not singing	no no estoy cantando	no no estoy cantando	no im not singing	test
he called my name	él dijo mi nombre	él dijo mi nombre	he called my name	test
tell me !	¡ cuéntame !	¡ cuéntame !	tell me !	test
he should come	debería venir	debería venir	he should come	test
she walked very carefully	caminó con mucho cuidado	caminó con mucho cuidado	she walked very carefully	test
coffee is ready	el café está listo	el café está listo	coffee is ready	test
he is in trouble	él está en problemas	él está en problemas	he is in trouble	test
thats another matter	eso es otro problema	eso es otra cosa|eso es otro problema	that is another matter|thats another matter	test
lets try something	intentemos algo	intentemos algo|¡ intentemos algo !	lets try something	test
hes still young	todavía es joven	todavía es joven	hes still young|shes still young	test
that horse is white	aquel caballo es blanco	aquel caballo es blanco|ese caballo es blanco	that horse is white	test
youve done that	has hecho eso	has hecho eso	youve done that	test
they dont want it	no lo quieren	no lo quieren	they dont want it	test
no way !	¡ imposible !	¡ imposible !	impossible !|no way !	test
he may be there	él puede estar allá	él puede estar allá	he may be there	test
i was very afraid	estaba muy asustado	estaba muy asustado	i was very afraid	test
it has to stop	tiene que parar	tiene que parar	it has to stop	test
nobody did anything	nadie hizo nada	nadie hizo nada	nobody did anything	test
no way	de eso nada	de eso nada	no way	test
i am learning chinese	estoy aprendiendo chino	estoy aprendiendo chino	i am learning chinese|im learning chinese	test
we eat at six	comemos a las seis	comemos a las seis	we eat at six	test
im a student too	también soy estudiante	también soy estudiante	im a student too	test
i read a letter	leí una carta	estoy leyendo una carta|leo una carta|leí una carta	i read a letter	test
im not angry	no estoy enojada	no estoy enojada	im not angry	test
tom understands	tomás entiende	tomás entiende	tom understands	test
keep it up !	¡ continúa !	¡ continúa !	keep it up !	test
yanni drinks too much	yanni bebe demasiado	yanni bebe demasiado	yanni drinks too much	test
theyre really tight	son muy buenos amigos	son muy buenos amigos	theyre really tight	test
here anything can happen	aquí todo puede pasar	aquí todo puede pasar	here anything can happen	test
return immediately	vuelve inmediatamente	vuelve inmediatamente	return immediately	test
tom will come later	tom vendrá más tarde	tom vendrá más tarde	tom will come later	test
it may return	quizá vuelva	quizá vuelva	he may come back|he may return|he might come back|he might return|it may come back|it may return|it might come back|it might return|she may come back|she may return|she might come back|she might return|you may come back|you may return|you might come back|you might return	test
i talk to myself	yo hablo conmigo mismo	yo hablo conmigo mismo	i talk to myself	test
tom won	tom ganó	tom ganó	tom won	test
dont call her now	no la llames ahora	no la llames ahora	dont call her now|dont phone her now	test
i understand why	entiendo por qué	comprendo por qué|entiendo por qué	i understand why	test
im a teacher too	yo también soy profesor	yo también soy profesor	im a teacher too	test
youve got to go	tienes que irte	tienes que irte	you have to go|you must leave|youve got to go	test
she works hard	ella trabaja duro	ella trabaja duro	she works hard	test
i want to call	quiero llamar	quiero llamar	i want to call	test
im not english	no soy inglés	no soy inglés	im not english|no i am english|no im english	test
leave this here	deja eso aquí	deja eso aquí	leave this here	test
smell this	huele esto	huele esto	smell this	test
im studying music	estoy estudiando música	estoy estudiando música	im studying music	test
he writes a letter	él escribe una carta	él escribe una carta	he writes a letter	test
who died ?	¿ quién murió ?	¿ quién murió ?	who died ?	test
id rather walk	preferiría caminar	preferiría caminar	id rather walk	test
i know that well	yo sé eso bien	sé eso bien|yo sé eso bien	i know that well	test
you have already eaten	ya ha comido	ya ha comido	he has already eaten|she has already eaten|you have already eaten	test
love doesnt exist	el amor no existe	el amor no existe	love doesnt exist	test
tom gave me something	tom me dio algo	tom me dio algo	tom gave me something	test
he needs glasses	él necesita gafas	él necesita gafas|él necesita lentes	he needs glasses	test
hes so stupid	es muy tonto	es muy tonto	hes so stupid	test
thanks for your help	gracias por tu ayuda	gracias por tu ayuda	thanks for your help	test
the bicycle is mine	la bicicleta es mía	la bicicleta es mía	the bicycle is mine	test
i still love tom	todavía amo a tom	todavía amo a tom	i still love tom	test
i hate working	odio trabajar	detesto trabajar|odio trabajar	i hate working	test
she loves cats	ella adora los gatos	ella adora los gatos	she loves cats	test
tom is very rich	tom es muy rico	tom es muy rico	tom is very rich	test
theyre students	son estudiantes	son estudiantes	theyre students	test
ill call you later	te llamo luego	te llamo luego	ill call you later|ill phone you later	test
i helped them yesterday	ayer les ayudé	ayer les ayudé	i helped them yesterday	test
she smiled at me	ella me sonrió	ella me sonrió	she smiled at me	test
it isnt a fish	no es un pez	no es un pez	it isnt a fish|its not a fish	test
tom shut his mouth	tom cerró la boca	tom cerró la boca	tom closed his mouth|tom shut his mouth	test
water is important	el agua es importante	el agua es importante	water is important	test
it seems strange	parece extraño	parece extraño	it seems strange	test
were in boston	estamos en boston	estamos en boston	were in boston	test
tom doesnt know french	tom no sabe francés	tom no sabe francés	tom doesnt know french	test
we like him	él nos agrada	él nos agrada	we like him	test
i want another	quiero otro	quiero otro	i want another	test
im not busy now	no estoy ocupada ahora	ahora no estoy ocupado|no estoy ocupada ahora	im not busy now	test
cold water please	agua fría por favor	agua fría por favor	cold water please	test
im on the phone	estoy en el teléfono	estoy al teléfono|estoy en el teléfono	im on the phone	test
it happened	eso sucedió	eso sucedió|pasó	it happened	test
her bicycle is blue	su bicicleta es azul	su bicicleta es azul	her bicycle is blue|his bicycle is blue	test
there is no water	no hay agua	no hay agua	there is no water|theres no water	test
its my umbrella	es mi paraguas	es mi paraguas	its my umbrella	test
tom isnt dead	tom no ha muerto	tom no ha muerto	tom is not dead|tom isnt dead	test
hold on one second	espera un segundo	espera un segundo	hold on one second|just hang in there|wait one second	test
dont worry about it	no te preocupes	no te preocupes	dont worry|dont worry about it	test
im in my car	estoy en mi coche	estoy en mi coche	im in my car	test
ill come back soon	voy a volver pronto	volveré pronto|voy a volver pronto	ill be back soon|ill come back soon	test
tom is very forgetful	tom es muy olvidadizo	tom es muy olvidadizo	tom is very forgetful	test
i believe your story	yo creo tu historia	yo creo tu historia	i believe your story	test
this should be easy	esto debería ser fácil	esto debería ser fácil	this should be easy	test
i can not	no puedo	no puedo	i can not|i cant	test
ive seen that	lo he visto	he visto eso|lo he visto	ive seen it|ive seen that	test
it is a secret	es un secreto	es un secreto	it is a secret|its a secret	test
im italian	yo soy italiano	soy italiano|yo soy italiano	i am italian|im italian	test
tom died of cancer	tomás murió de cáncer	tomás murió de cáncer	tom died of cancer	test
hello said tom smiling	hola dijo tom sonriendo	hola dijo tom sonriendo	hello said tom smiling	test
she loves him	ella lo ama	a ella le gusta|ella le quiere|ella lo ama|ella lo quiere	she loves him	test
tom was better	tom estaba mejor	tom estaba mejor	tom was better	test
is it here ?	¿ aquí ?	¿ aquí ?|¿ es acá ?|¿ está aquí ?	is it here ?	test
we saw nothing	no hemos visto nada	no hemos visto nada	we saw nothing|weve seen nothing	test
is this it ?	¿ es este ?	¿ es este ?	is this it ?	test
hell be busy tomorrow	él estará ocupado mañana	él estará ocupado mañana	hell be busy tomorrow	test
she doesnt have anybody	no tiene a nadie	no tiene a nadie	he doesnt have anybody|she doesnt have anybody	test
now lets go	ahora vámonos	ahora vámonos	lets go now|now lets go	test
the teacher teaches	el maestro enseña	el maestro enseña	the teacher teaches	test
hello im mike	hola soy mike	hola soy mike	hello im mike|hello this is mike|hey im mike	test
theres nobody here	no hay nadie acá	no hay nadie acá	theres nobody here	test
they came in	llegaron	llegaron	they came in	test
tom helped	tom ayudó	tom ayudó	tom helped	test
tom looks strong	tom parece fuerte	tom parece fuerte	tom looks strong	test
thats difficult to explain	es difícil de explicar	es difícil de explicar	its hard to explain|thats difficult to explain	test
i feel important	me siento importante	me siento importante	i feel important	test
its ok	está bien	está bien	hes all right|its good|its ok|its okay|its right|thats fine|thats nice	test
theyre gone	se fueron	se fueron	they left|theyre gone	test
he can play tennis	él sabe jugar tenis	él sabe jugar tenis	he can play tennis	test
today is extremely hot	hoy hace muchísimo calor	hoy hace muchísimo calor	today is extremely hot	test
you know me	me conoces	me conoces|tú me conoces|ya me conoces	you know me	test
i have blue eyes	tengo ojos azules	tengo ojos azules	i have blue eyes	test
let tom finish	deja terminar a tom	deja terminar a tom	let tom finish	test
yes i did it	sí lo he hecho	sí lo he hecho|sí lo hice	yes i did it	test
i love this language	yo adoro esta lengua	yo adoro esta lengua	i love this language	test
i am hot	tengo calor	tengo calor	i am hot|im hot	test
i wanted that car	quise ese carro	quise ese carro	i wanted that car	test
you are beautiful	eres guapa	eres guapa	you are beautiful|youre beautiful|youre pretty	test
its very boring	es muy aburrido	es muy aburrido	its very boring	test
hes still at work	él todavía está trabajando	él todavía está trabajando	hes still at work	test
they have the horse	ellos tienen el caballo	ellos tienen el caballo	they have the horse	test
it went well	salió bien	salió bien	it went well	test
i felt cheated	me sentí engañado	me sentí engañado	i felt cheated	test
tom needs rest now	tom necesita descansar ahora	tom necesita descansar ahora	tom needs rest now	test
everyone talks about her	todos hablan de ella	todos hablan de ella	everyone talks about her	test
just hang on	sólo espera	sólo espera	just hang on|just hold on	test
he teaches english	él enseña inglés	él enseña inglés	he teaches english	test
bring tom with you	trae a tom contigo	trae a tom contigo	bring tom with you	test
he is reading	está leyendo	está leyendo|él está leyendo	he is reading|hes reading	test
show me that	muéstrame eso	muéstrame eso	show me that	test
he is human	él es humano	él es humano	he is human	test
were out of tea	no nos queda té	no nos queda té	were out of tea	test
better than nothing	es mejor que nada	es mejor que nada	better than nothing|its better than nothing	test
the food is cold	la comida está fría	la comida está fría	the food is cold	test
she runs	ella corre	ella corre	she runs	test
well fight	vamos a luchar	vamos a luchar	we will fight|well fight|were going to fight	test
be serious	sé serio	sé serio	be serious	test
she knows nothing	no sabe nada	no sabe nada	he knows nothing|she knows nothing	test
tom cant wait	tom no puede esperar	tom no puede esperar	tom cant wait	test
you work with mary	trabajas con maría	trabajas con maría	you work with mary	test
come again	vuelve otra vez	vuelve otra vez	come again	test
i hate being single	odio estar soltera	odio estar soltera|odio estar soltero	i hate being single	test
he still loves her	él todavía la ama	él todavía la ama	he still loves her	test
my house is here	mi casa está aquí	mi casa está aquí	my house is here	test
dont touch my camera	no toques mi cámara	no toques mi cámara	dont touch my camera	test
good luck tom	buena suerte tom	buena suerte tom	good luck tom	test
ill dream with you	voy a soñar contigo	voy a soñar contigo	ill dream with you	test
it cant be helped	no queda otra	no queda otra	it cannot be helped|it cant be helped|there is no choice	test
theres a book here	hay un libro aquí	aquí hay un libro|hay un libro aquí	theres a book here	test
let me back in	déjame entrar	déjame entrar|déjame entrar otra vez	let me back in|let me come in|let me in	test
tom was inside	tom estaba adentro	tom estaba adentro	tom was inside	test
thanks for calling	gracias por llamar	gracias por llamar	thank you for calling|thanks for calling	test
this is very cheap	esto es muy barato	esto es muy barato	this is very cheap	test
someones outside	hay alguien afuera	hay alguien afuera	someones outside|theres someone outside	test
dont make noise	no hagas ruido	no hagas ruido	dont make noise	test
are you lying ?	¿ estás mintiendo ?	¿ estás mintiendo ?	are you lying ?	test
shes a beauty	ella es una belleza	ella es una belleza	she is a beauty|shes a beauty	test
he knows nothing	no sabe nada	no sabe nada	he knows nothing|she knows nothing	test
you are my friend	eres mi amigo	eres mi amiga|eres mi amigo|sos mi amiga|tú eres mi amiga|tú eres mi amigo	you are my friend|youre my friend	test
tom is bad	tom es malo	tom es malo	tom is bad|toms mean	test
i think im pregnant	creo que estoy embarazada	creo que estoy embarazada	i think im pregnant	test
i told him nothing	no le dije nada	no le dije nada	i told her nothing|i told him nothing	test
its fine	está perfecto	está perfecto	its fine|its perfect	test
its very late	es muy tarde	es muy tarde	its too late|its very late	test
thats pretty bad	eso es bastante malo	eso es bastante malo	thats pretty bad	test
bob doesnt exist	bob no existe	bob no existe	bob doesnt exist	test
i doubt those things	dudo de esas cosas	dudo de esas cosas	i doubt those things	test
this is easy	esto es sencillo	esto es fácil|esto es sencillo	this is easy|this is simple	test
write to tom	escribe a tom	escribe a tom	write to tom|write tom	test
i am okay	estoy bien	estoy bien	i am good|i am okay|i am well|im cool|im doing fine|im doing okay|im doing well|im fine|im ok|im okay|im well	test
he abandoned the idea	él abandonó la idea	él abandonó la idea	he abandoned the idea	test
this is so sad	es tan triste	es tan triste	this is so sad	test
tom felt tired	tom se sentía cansado	tom se sentía cansado	tom felt tired	test
this could be interesting	esto puede ser interesante	esto puede ser interesante	this could be interesting	test
i need this job	necesito ese empleo	necesito ese empleo	i need this job	test
i know tom understands	sé que tom entiende	sé que tom entiende	i know tom understands	test
i have no family	no tengo familia	no tengo familia	i have no family	test
i am that	soy eso	soy eso	i am that	test
its all white	es todo blanco	es todo blanco	its all white	test
i want them alive	los quiero vivos	los quiero vivos	i want them alive	test
its not clean	no está limpio	no está limpia|no está limpio	its not clean	test
very !	¡ mucho !	¡ mucho !	very !	test
ill go without you	iré sin ti	iré sin ti	ill go without you	test
i went on reading	seguí leyendo	seguí leyendo	i went on reading	test
i was not drunk	yo no estaba borracho	no estaba borracho|yo no estaba borracho	i was not drunk	test
tom teaches us french	tom nos enseña francés	tom nos enseña francés	tom teaches us french	test
she wants to speak	quiere hablar	quiere hablar	she wants to speak	test
im your lawyer	soy tu abogado	soy tu abogado	im your lawyer	test
i hope so	eso espero	eso espero|espero que sí	i do hope so|i hope so	test
my shoes are brown	mis zapatos son marrones	mis zapatos son marrones	my shoes are brown	test
they want to leave	quieren irse	quieren irse	they want to leave	test
maybe its too late	quizás sea demasiado tarde	quizás sea demasiado tarde	maybe its too late	test
i did all right	lo hice bien	lo hice bien	i did all right|i did ok|ive done ok	test
theyre not coming back	no van a volver	no van a volver	they wont come back|theyre not coming back	test
i like running	me gusta correr	me gusta correr	i like running|i like to run	test
were always learning	siempre estamos aprendiendo	siempre estamos aprendiendo	were always learning	test
this is very strange	esto es muy extraño	esto es muy extraño	this is very strange	test
youre too drunk	sos demasiado borracho	sos demasiado borracho	youre too drunk	test
he can read well	él sabe leer bien	él sabe leer bien	he can read well	test
you all right ?	¿ estás bien ?	¿ estás bien ?	are you ok ?|are you okay ?|are you well ?|you all right ?	test
we helped tom	nosotros ayudamos a tom	ayudamos a tom|nosotros ayudamos a tom	we help tom|we helped tom	test
were trying	lo estamos intentando	lo estamos intentando	were trying	test
nobody is speaking	nadie está hablando	nadie está hablando|no está hablando nadie	nobody is speaking	test
let me go	¡ déjeme ir !	¡ déjeme ir !	let me go|let me go !	test
it was really sweet	fue muy agradable	fue muy agradable	it was really sweet	test
we are learning spanish	estamos aprendiendo español	estamos aprendiendo español	we are learning spanish	test
i am fat	soy gorda	soy gorda	i am fat|im fat	test
this hat is mine	este sombrero es mío	este sombrero es mío	this hat is mine	test
i forget his name	he olvidado su nombre	he olvidado su nombre|olvidé su nombre	i forget his name|i forgot her name|i forgot his name	test
my cat is white	mi gato es blanco	mi gato es blanco	my cat is white	test
it may snow	puede que nieve	es posible que nieve|podría nevar|puede que nieve	it may snow|maybe itll snow	test
ill be waiting	estaré esperando	estaré esperando	ill be waiting	test
i want a lawyer	quiero un abogado	quiero un abogado	i want a lawyer	test
weve done it	lo hemos hecho	lo hemos hecho	weve done it	test
i hate cats	odio los gatos	odio los gatos	i hate cats	test
were in no hurry	no tenemos prisa	no tenemos prisa	were in no hurry	test
please	¡ por favor !	¡ por favor !	please	test
is that all ?	¿ es todo ?	¿ es todo ?	is that all ?	test
we eat rice	nosotras comemos arroz	comemos arroz|nosotras comemos arroz|nosotros comemos arroz	we eat rice	test
theyre old	son viejos	son viejos	theyre old	test
the meat tastes bad	la carne sabe mal	la carne sabe mal	the meat tastes bad	test
hes jealous	él es celoso	él es celoso|él está celoso	hes jealous	test
nothing is forever	nada es para siempre	nada es para siempre	nothing is forever	test
it is dangerous !	¡ es peligroso !	¡ es peligroso !	it is dangerous !	test
its for free	es gratis	es gratis	its for free|its free|this is free	test
id like to go	me gustaría ir	me gustaría ir	id like to go	test
those are too big	esos son demasiado grandes	esos son demasiado grandes	those are too big	test
ill call later	llamaré más tarde	llamaré más tarde	ill call later	test
god lives forever	dios vive para siempre	dios vive para siempre	god lives forever	test
we talked about australia	hablamos sobre australia	hablamos sobre australia	we talked about australia	test
shes not a child	no es una niña	ella no es niña|no es una niña	shes not a child	test
finish your work quickly	termina rápido tu trabajo	termina rápido tu trabajo	finish your work quickly	test
he eats a lot	come mucho	come mucho|él come mucho	he eats a lot	test
you drink tea	usted bebe té	bebe té|beben té|usted bebe té|ustedes beben té	you drink tea	test
come home	ven a casa	ven a casa	come home	test
my dog is white	mi perro es blanco	mi perro es blanco	my dog is white	test
ive bought a car	he comprado un coche	compré un carro|he comprado un carro|he comprado un coche	ive bought a car	test
tom is my brother	tom es mi hermano	tom es mi hermano|tomás es mi hermano	tom is my brother	test
tom fired first	tom disparó primero	tom disparó primero	tom fired first	test
itll be that way	será así	será así	itll be that way	test
thats all ?	¿ sólo eso ?	¿ sólo eso ?	just that ?|thats all ?	test
its impossible	no puede ser	es imposible|no puede ser	its impossible	test
were waiting for you	te estamos esperando	te estamos esperando	were waiting for you	test
theyre green	son verdes	están verdes|son verdes	theyre green	test
times have changed	los tiempos han cambiado	los tiempos han cambiado	times have changed	test
may it be so	que así sea	que así sea	may it be so	test
toms crazy	tom es loco	tom es loco	toms crazy	test
food !	la comida !	la comida !|¡ comida !	food !	test
she likes him	a ella le gusta	a ella le gusta	she likes him|she loves him	test
this is my friend	éste es mi amigo	es mi amigo|éste es mi amigo	this is my friend	test
ill be fine	estaré bien	estaré bien	ill be fine|ill be ok	test
i have sisters	tengo hermanas	tengo hermanas	i have sisters	test
i hate the rules	odio las reglas	odio las reglas	i hate rules|i hate the rules	test
theres no time	no hay tiempo	no hay tiempo	theres no time	test
he doesnt sing well	él no canta bien	él no canta bien	he cannot sing well|he cant sing well|he doesnt sing well	test
tom wont go alone	tom no irá solo	tom no irá solo	tom wont go alone	test
this isnt yours	esto no es tuyo	esto no es tuyo	this isnt yours	test
good morning	buenos días	buenos días	good morning	test
they have many friends	ellos tienen muchos amigos	ellos tienen muchos amigos	they have many friends	test
theyre learning english	están aprendiendo inglés	están aprendiendo inglés	theyre learning english	test
it is not ours	no es nuestro	no es nuestro	it is not ours	test
the answer was yes	la respuesta fue sí	la respuesta fue sí	the answer was yes	test
hes gone into hiding	él se está escondiendo	él se está escondiendo	hes gone into hiding	test
i am at home	estoy en casa	estoy en casa|ya estoy en casa	i am at home|im at home|im home	test
im very hungry today	hoy tengo mucha hambre	hoy tengo mucha hambre	im very hungry today	test
time to go	es hora de irse	es hora de irse|hora de irse	its time to go|its time to leave|time to go	test
im taking the book	tomo el libro	tomo el libro	im taking the book	test
its raining very hard	está lloviendo mucho	está lloviendo mucho	its raining very hard	test
is it white ?	¿ es blanco ?	¿ es blanco ?	is it white ?	test
the water was warm	el agua estaba caliente	el agua estaba caliente	the water was warm	test
it is cold outside	hace frío fuera	hace frío afuera|hace frío fuera	it is cold outside	test
he is always right	él siempre tiene razón	él siempre tiene razón	he is always right	test
its a serious problem	es un problema importante	es un problema importante	its a serious problem	test
dont be an idiot	no seas idiota	no seas idiota	dont be an idiot	test
she deserves more	ella merece más	ella merece más	she deserves more	test
my friend is stupid	mi amigo es estúpido	mi amigo es estúpido	my friend is stupid	test
i love kids	me encantan los chicos	me encantan los chicos|me encantan los niños	i love kids	test
i brought the book	traje el libro	traje el libro	i brought the book	test
is there more ?	¿ hay más ?	¿ hay más ?	is there more ?	test
im your sister	soy tu hermana	soy tu hermana|yo soy tu hermana	im your sister	test
please dont die	por favor no mueras	por favor no mueras	please dont die	test
did anybody come ?	¿ vino alguien ?	¿ vino alguien ?	did anybody come ?	test
i love love	amo el amor	amo el amor|yo amo el amor	i love love	test
she isnt alone anymore	ya no está sola	ya no está sola	she isnt alone anymore|she isnt lonely anymore	test
why ?	¿ por qué ?	¿ por qué ?	why ?	test
this is very true	esto es muy cierto	esto es muy cierto	this is very true	test
just take one	coge solo uno	coge solo una|coge solo uno	just take one	test
you never said no	nunca dijiste que no	nunca dijiste que no	you never said no	test
its not important	no es importante	no es importante|no importa	it doesnt matter|its not important|this is not important	test
give me that key	dame esa llave	dame esa llave	give me that key	test
im still very tired	todavía estoy muy cansado	todavía estoy muy cansado	im still very tired	test
i love that shirt	me encanta esa camisa	me encanta esa camisa	i love that shirt	test
he cant stop her	no puede pararla	no puede pararla	he cannot stop her|he cant stop her|she cant stop her	test
that went well	eso salió bien	eso salió bien	that went well	test
tom remained outside	tom se quedó afuera	tom se quedó afuera	tom remained outside	test
it smiled	sonrió	sonrió	he smiled|it smiled|she smiled	test
theyre married	están casados	están casados	theyre married	test
tom needed mary	tom necesitaba a mary	tom necesitaba a mary	tom needed mary	test
the women are working	las mujeres están trabajando	las mujeres están trabajando	the women are working	test
i liked that movie	me gustó esa película	me gustó esa película	i liked that movie	test
he speaks ten languages	él habla diez idiomas	él habla diez idiomas	he speaks ten languages	test
this is too long	esto es demasiado largo	esto es demasiado largo	this is too long	test
dont wait	¡ no esperen !	¡ no esperen !	dont wait	test
he doesnt like talking	no le gusta hablar	no le gusta hablar	he doesnt like talking	test
im not patient	no tengo paciencia	no tengo paciencia	i have no patience|im not patient	test
i like cats	me gustan los gatos	me gustan los gatos	i like cats	test
i like to dance	me gusta bailar	me gusta bailar	i like to dance	test
wait for me outside	espera por mí fuera	espera por mí fuera	wait for me outside	test
only tom knows	solo tom sabe	solo tom sabe	only tom knows	test
enough i said	suficiente he dicho	suficiente he dicho	enough i said	test
see you soon !	¡ hasta pronto !	te veré pronto|¡ hasta luego !|¡ hasta pronto !	see you soon !	test
my mother was crying	mi madre estaba llorando	mi madre estaba llorando	my mother was crying	test
theyre friends	son amigos	son amigos	theyre friends	test
dont tell lies	¡ no mientas !	no mientas|¡ no mientas !	dont tell lies	test
theyll kill me	me matarán	me matarán	theyll kill me	test
i feel dead	me siento muerto	me siento muerto	i feel dead	test
somebody knows that	alguien lo sabe	alguien lo sabe	somebody knows that	test
id like that	eso me gustaría	eso me gustaría	id like that	test
i give in	me rindo	me rindo	i give in|i give up	test
he talks well	habla bien	habla bien	he does speak well|he talks well	test
i believe in him	yo creo en él	yo creo en él	i believe in him	test
tom had three	tom tenía tres	tom tenía tres	tom had three	test
hes no doctor	él no es médico	él no es médico	hes no doctor|hes not a doctor	test
that will be funny	eso será divertido	eso será divertido	itll be fun|that will be funny	test
he was busy	él estaba ocupado	él estaba ocupado	he was busy	test
i needed help	yo necesitaba ayuda	yo necesitaba ayuda	i needed help	test
i have three brothers	tengo tres hermanos	tengo tres hermanos	i have three brothers	test
i love this picture	me encanta esta foto	me encanta esta foto|me gusta esta foto	i love this picture	test
are you working ?	¿ estás trabajando ?	¿ estás trabajando ?	are you working ?	test
i didnt do anything	no hice nada	no hice nada	i did nothing|i didnt do anything|ive done nothing	test
there is a knife	hay un cuchillo	hay un cuchillo	there is a knife	test
he stole the money	él robó el dinero	él robó el dinero	he stole the money	test
the world hates me	el mundo me odia	el mundo me odia	the world hates me	test
have you slept ?	¿ has dormido ?	¿ habéis dormido ?|¿ has dormido ?	have you slept ?	test
i need her help	necesito su ayuda	necesito su ayuda	i need her help|i need his help	test
let me speak	dejame hablar	dejame hablar	let me speak	test
he has no bicycle	no tiene bicicleta	no tiene bicicleta	he has no bicycle|she has no bicycle	test
start again	empieza de nuevo	empieza de nuevo|empieza otra vez	start again|start over	test
tom was very lucky	tom tuvo mucha suerte	tom era muy afortunado|tom fue muy afortunado|tom tuvo mucha suerte	tom was very lucky	test
im here with tom	estoy aquí con tom	estoy aquí con tom	im here with tom	test
here are your keys	he aquí tus llaves	aquí están tus llaves|he aquí tus llaves	here are your keys	test
come with me please	venga conmigo por favor	venga conmigo por favor	come with me please	test
thats life	esa es la vida	así es la vida|esa es la vida	thats life	test
she said trust me	dijo confía en mí	dijo confía en mí	he said trust me|she said trust me|trust me he said	test
shes a student	ella es estudiante	ella es estudiante	shes a student	test
he called me fat	él me llamó gordo	él me llamó gordo	he called me fat	test
yanni was working	yanni estaba trabajando	yanni estaba trabajando	yanni was working	test
were busy right now	ahora mismo estamos ocupados	ahora mismo estamos ocupados	were busy right now	test
hello tom	hola tom	hola tom|¡ hola tom !	hello tom|hi tom	test
swimming is easy	nadar es sencillo	nadar es fácil|nadar es sencillo	swimming is easy	test
check it out !	¡ míralo !	¡ míralo !	check it out !	test
i wash myself	me lavo	me lavo|yo me lavo	i wash myself	test
we cant do it	no podemos hacerlo	no podemos hacerlo	we cant do it	test
you are my children	vosotros sois mis niños	ustedes son mis chicos|vosotros sois mis niños	you are my children	test
you cant lose	no puedes perder	no puedes perder	you cannot lose|you cant lose	test
youll get over it	se te pasará	se te pasará	youll get over it	test
keep on smiling	sigue sonriendo	sigue sonriendo	keep on smiling|keep smiling	test
they all left	todos se fueron	todos se fueron	they all left	test
i like that place	me gusta ese lugar	me gusta ese lugar	i like that place	test
hes a smart boy	es un chico listo	es un chico listo	hes a smart boy	test
give me your shirt	dame tu camisa	dame tu camisa	give me your shirt	test
tom began to talk	tom empezó a hablar	tom empezó a hablar	tom began talking|tom began to speak|tom began to talk	test
there are no rules	no hay reglas	no hay reglas	there are no rules	test
i can come tomorrow	puedo venir mañana	puedo venir mañana	i can come tomorrow	test
i saw you yesterday	te vi ayer	te vi ayer	i saw you yesterday	test
tom started crying	tom empezó a llorar	tom empezó a llorar	tom began to cry|tom started crying	test
im sick	estoy enferma	estoy enferma|estoy enfermo	i am sick|im sick	test
you must work	tienes que trabajar	tenés que trabajar|tienes que trabajar	you must do work|you must work	test
this is my book	este libro es mío	este es mi libro|este libro es mío	this book is mine|this is my book	test
im not so sure	no estoy tan seguro	no estoy tan seguro	im not so sure	test
hey im mike	hola soy mike	hola soy mike	hello im mike|hello this is mike|hey im mike	test
go do something	vete a hacer algo	vete a hacer algo	go do something	test
she looks well	tiene buen aspecto	tiene buen aspecto	he looks well|she looks well|that looks good	test
he wants the money	él quiere el dinero	quiere el dinero|él quiere el dinero	he wants the money	test
tom is very interesting	tom es muy interesante	tom es muy interesante	tom is very interesting	test
make some music	toca algo de música	toca algo de música	make some music	test
theyve gone	ellos han ido	ellas han ido|ellos han ido|se han ido	theyve gone	test
we did it together	lo hicimos juntos	lo hicimos juntos	we did it together	test
he has already eaten	ya ha comido	ya ha comido	he has already eaten|she has already eaten|you have already eaten	test
work !	¡ trabaja !	¡ trabaja !	work !	test
i dont feel anything	no siento nada	no siento nada	i cant feel anything|i dont feel anything|i feel nothing	test
come to me	venid a mí	ven a mí|venid a mí	come to me	test
they were my friends	ellos eran mis amigos	ellos eran mis amigos	they were my friends	test
tom is happy	tom es feliz	tom es feliz	tom is happy	test
he is still here	todavía está aquí	todavía está aquí	he is still here|its still here	test
thats interesting	eso es interesante	eso es interesante	thats interesting	test
they are good people	son buena gente	son buena gente	they are good people	test
i saw her swim	la vi nadar	la vi nadar	i saw her swim	test
i hate her parents	odio a sus padres	odio a sus padres	i hate her parents|i hate his parents	test
they were only playing	sólo estaban jugando	sólo estaban jugando	they were just playing|they were only playing	test
my mother is sleeping	mi madre está durmiendo	mi madre está durmiendo	my mother is sleeping	test
hes strong	él es fuerte	él es fuerte	hes strong	test
it was raining	estaba lloviendo	estaba lloviendo	it was raining	test
sit over there	siéntate ahí	siéntate ahí|siéntense allá	sit over there	test
can you swim ?	¿ sabes nadar ?	¿ sabes nadar ?	can you swim ?	test
give me the number	dame el número	dame el número	give me the number	test
this is not safe	esto no es seguro	esto no es seguro	this is not safe	test
let me try it	déjame intentarlo	déjame intentarlo	let me try it	test
you work hard	trabajas duro	trabajas duro|trabajas mucho	you work hard	test
it was very beautiful	era muy bonito	era muy bonito|era muy hermoso|fue muy bonito	it was very beautiful	test
you are very ugly	estás muy feo	estás muy feo	you are very ugly	test
its very dark	está muy oscuro	está muy oscuro	its too dark|its very dark	test
they hate tom	ellos odian a tom	ellos odian a tom	they hate tom	test
i hate snow	odio la nieve	odio la nieve	i hate snow	test
father abandoned us	nuestro padre nos abandonó	nuestro padre nos abandonó	father abandoned us	test
tom hates the rules	tom odia las reglas	tom odia las reglas	tom hates the rules	test
let me see that	a ver eso	a ver eso|déjame ver eso	let me see that	test
i want that fruit	quiero esa fruta	quiero esa fruta	i want that fruit	test
i like french	me gusta el francés	me gusta el francés	i like french	test
i follow the rules	sigo las normas	sigo las normas	i follow the rules	test
that would be funny	eso sería divertido	eso sería divertido	that would be funny	test
i like learning languages	me gusta aprender idiomas	me gusta aprender idiomas	i like learning languages	test
i make the rules	yo hago las normas	yo hago las normas	i make the rules	test
theres someone there	hay alguien allá	hay alguien allá	theres someone there	test
coffee please	café por favor	café por favor	coffee please	test
i like coffee better	prefiero el café	prefiero el café	i like coffee better	test
were not cold	no tenemos frío	no tenemos frío	were not cold	test
tom never laughed	tomás nunca se rio	tomás nunca se rio	tom never laughed	test
she has a book	tiene un libro	tiene un libro	he has a book|she has a book	test
try this	prueba esto	prueba esto	try this	test
my mother has arrived	mi madre ha llegado	mi madre ha llegado	my mother has arrived	test
we study french together	estudiamos francés juntos	estudiamos francés juntos	we study french together	test
this man is strong	este hombre es fuerte	este hombre es fuerte	this man is strong	test
thats a great picture	muy buena la foto	muy buena la foto	thats a great picture	test
i prefer dogs	prefiero a los perros	prefiero a los perros	i prefer dogs	test
we arent doing anything	no estamos haciendo nada	no estamos haciendo nada	we arent doing anything|were doing nothing|were not doing anything	test
talk to you later	hablamos luego	hablamos luego	talk to you later	test
life is cheap	la vida es barata	la vida es barata	life is cheap	test
mary is extremely beautiful	mary es verdaderamente bella	mary es verdaderamente bella	mary is extremely beautiful	test
im tired !	estoy cansada	estoy cansada|¡ estoy cansado !	i am tired|i am tired !|im sleepy !|im tired|im tired !	test
im coming !	¡ ya voy !	¡ ya voy !	im coming !	test
she must be sick	debe de estar enferma	debe de estar enferma	she must be sick	test
i know its impossible	sé que es imposible	sé que es imposible	i know its impossible	test
you were singing	estabas cantando	estabas cantando	you were singing	test
tom quit smoking	tom dejó de fumar	tom dejó de fumar	tom gave up smoking|tom quit smoking	test
thats not tom	ese no es tom	ese no es tom	that isnt tom|thats not tom	test
the milk smells bad	la leche huele mal	la leche huele mal	the milk smells bad	test
nobody knows why	nadie sabe por qué	nadie sabe por qué	no one knows why|nobody knows why	test
tom finished	tom terminó	tom terminó	tom finished	test
its well worth it	merece la pena	merece la pena	its well worth it	test
thanks for the drink	gracias por el trago	gracias por el trago	thanks for the drink	test
its one of those	es uno de esos	es uno de esos	its one of those	test
leave me	déjame	déjame	leave me	test
youre not needed here	no haces falta aquí	no haces falta aquí	youre not needed here	test
it is my fault	la culpa es mía	la culpa es mía	i am to blame|it is my fault|its my fault|the fault is mine	test
tom opened the beer	tom abrió la cerveza	tom abrió la cerveza	tom opened the beer	test
eat slowly	come despacio	come despacio	eat slowly	test
is he married ?	¿ está casado ?	¿ está casado ?	is he married ?	test
i forgot its name	olvidé su nombre	olvidé su nombre	i forget his name|i forgot her name|i forgot his name|i forgot its name	test
hi !	¡ hola !	¡ hola !	hello !|hi|hi !	test
go	vaya	vaya|ve|vete|váyase	go	test
tom is right	tom tiene razón	tom tiene razón	tom is correct|tom is right|toms right	test
i think it true	creo que es verdad	creo que es verdad	i think it true|i think its true	test
tom worked for mary	tom trabajó para mary	tom trabajó para mary	tom worked for mary	test
are you awake ?	¿ estás despierta ?	¿ estás despierta ?	are you awake ?	test
i work a lot	trabajo mucho	trabajo mucho	i work a lot	test
this is obviously impossible	obviamente es imposible	obviamente es imposible	this is obviously impossible	test
you were hiding	tú te estabas escondiendo	tú te estabas escondiendo	you were hiding	test
tom needs to pay	tom necesita pagar	tom necesita pagar	tom needs to pay	test
he won everything	él lo ganó todo	él lo ganó todo	he won everything	test
just go to sleep	vete a dormir	limítate a dormir|vete a dormir	go to sleep|just go to sleep	test
we have some	tenemos algo	tenemos algo|tenemos algunos	we have some|weve got something	test
i can start tomorrow	puedo empezar mañana	puedo empezar mañana	i can start tomorrow	test
mary can dance well	mary sabe bailar bien	mary sabe bailar bien	mary can dance well	test
tom works too much	tom trabaja demasiado	tom trabaja demasiado	tom works too much	test
they despise him	ellos lo desprecian	ellos lo desprecian	they despise him	test
see you monday	te veo el lunes	te veo el lunes	see you monday	test
this is much worse	esto es mucho peor	esto es mucho peor	this is much worse	test
that sounds reasonable	eso suena razonable	eso suena razonable|parece razonable	that sounds reasonable	test
we just ate dinner	acabamos de cenar	acabamos de cenar	we just ate dinner	test
he did run	él corrió	él corrió	he did run|he ran	test
they are exhausted	están muy cansados	están muy cansados	they are exhausted	test
i study	estudio	estoy estudiando|estudio	i study	test
were finally alone	por fin estamos solos	por fin estamos solos	were finally alone	test
i let them go	yo los dejé ir	yo los dejé ir	i let them go	test
thanks i understand now	gracias ahora comprendo	gracias ahora comprendo	thanks i understand now	test
take a break	tómate un descanso	tómate un descanso	take a break	test
you look bored	pareces aburrido	pareces aburrido	you look bored	test
people like me	la gente me adora	gusto a la gente|la gente me adora	people like me	test
this is impossible !	¡ es imposible !	¡ es imposible !	this is impossible !	test
they eat	ellas comen	comen|ellas comen|ellos comen	they eat	test
ill go do that	iré a hacer eso	iré a hacer eso	ill go do that	test
these are our books	estos son nuestros libros	estos son nuestros libros	these are our books	test
i see your house	yo veo tu casa	yo veo tu casa	i see your house	test
it was our secret	era nuestro secreto	era nuestro secreto	it was our secret	test
you cant go yet	todavía no puedes irte	todavía no puedes irte	you cant go yet|you cant leave yet	test
something smells bad	algo huele mal	algo huele mal	something smells bad	test
ive made my decision	tomé mi decisión	tomé mi decisión	i made my decision|ive made my decision	test
take anything you want	toma lo que quieras	toma lo que quieras	take anything you want|take what you want	test
how naive	qué ingenuo eres	qué ingenuo eres	how naive|how naive you are	test
there isnt any hope	no hay ninguna esperanza	no hay ninguna esperanza	there isnt any hope	test
this clock isnt working	este reloj no funciona	este reloj no funciona	this clock isnt working	test
i never drink wine	no bebo nunca vino	no bebo nunca vino	i never drink wine	test
all hope is gone	ya no hay esperanza	ya no hay esperanza	all hope is gone	test
i teach	yo enseño	yo enseño	i teach	test
thats true too	eso también es cierto	eso es verdad también|eso también es cierto|también es verdad	thats true as well|thats true too	test
i remember everything	me acuerdo de todo	me acuerdo de todo	i remember everything	test
i already bought it	ya lo he comprado	ya lo he comprado	i already bought it	test
hes surprised	está sorprendido	está sorprendido|él está sorprendido	hes surprised	test
he stopped smoking	él dejó de fumar	él dejó de fumar	he has stopped smoking|he stopped smoking	test
let me leave !	¡ déjame salir !	¡ déjame irme !|¡ déjame salir !	let me leave !|let me out !	test
were you there ?	¿ estabas allí ?	¿ estabas allí ?	were you there ?	test
we need money	necesitamos dinero	necesitamos dinero	we need money	test
bob can cook	bob puede cocinar	bob puede cocinar|bob sabe cocinar	bob can cook	test
stay with tom	quédate con tom	quédate con tom	stay with tom	test
read !	¡ lee !	¡ lea !|¡ lean !|¡ lee !	read !	test
you have seven sons	tienes siete hijos	tienes siete hijos	you have seven children|you have seven kids|you have seven sons	test
they arrived yesterday	ellas llegaron ayer	ellas llegaron ayer|ellos llegaron ayer	they arrived yesterday	test
its already too late	ya es demasiado tarde	ya es demasiado tarde	its already too late	test
im talking	estoy hablando	estoy hablando	im speaking|im talking	test
that should help	eso debería ayudar	eso debería ayudar	that should help	test
she is here	ella está aquí	ella está aquí	she is here	test
you said nothing	no dijiste nada	no dijiste nada	you didnt say anything|you said nothing	test
the house is warm	la casa está caliente	la casa está caliente	the house is warm	test
just please be quiet	por favor cállate	por favor cállate	just please be quiet|please stop talking	test
singing is her thing	lo suyo es cantar	lo suyo es cantar	singing is her thing|singing is his thing|singing is their thing	test
its time to leave	es hora de irse	es hora de irse|es hora de salir	its time to go|its time to leave|time to go	test
we shouldnt have come	no deberíamos haber venido	no deberíamos haber venido	we shouldnt have come	test
thats my umbrella	ese es mi paraguas	ese es mi paraguas	thats my umbrella	test
the pain was terrible	el dolor era terrible	el dolor era terrible	the pain was terrible	test
i came last	quedé última	quedé en último lugar|quedé última|quedé último	i came last	test
were not together anymore	ya no estamos juntos	ya no estamos juntos	were not together anymore	test
theyre not happy	ellos no son felices	ellos no son felices	theyre not happy	test
tom is here	tom está aquí	tom está aquí	tom is here|toms here	test
were just talking	solo estamos hablando	solo estamos hablando	were just talking	test
i cant feel anything	no siento nada	no siento nada	i cant feel anything|i dont feel anything|i feel nothing	test
i bought a house	compré una casa	compré una casa	i bought a house	test
youre lying again	estás mintiendo otra vez	estás mintiendo otra vez	youre lying again	test
you cant run tom	no puedes correr tom	no puedes correr tom	you cant run tom	test
you look satisfied	te ves satisfecho	te ves satisfecho	you look satisfied	test
good morning mike	buenos días mike	buenos días mike	good morning mike	test
go home	vete a casa	vete a casa	go home|go on home	test
speak up !	habla más fuerte	habla más fuerte	speak up !	test
i want this one	quiero éste	quiero éste	i want this one	test
tom is quite intelligent	tom es bastante inteligente	tom es bastante inteligente	tom is quite intelligent	test
tom felt weak	tom se sentía débil	tom se sentía débil	tom felt weak	test
its almost six	son casi las seis	son casi las seis	its almost six|its almost six oclock	test
this house is mine	esta casa es mía	esta casa es mía	this house is mine	test
i want everything	lo quiero todo	lo quiero todo	i want everything	test
they already got married	ya se han casado	ya se han casado	they already got married	test
he studies chinese	él estudia chino	él estudia chino	he studies chinese	test
we are watching tv	estamos viendo la tele	estamos viendo la tele	we are watching tv	test
its still monday	todavía es lunes	todavía es lunes	its still monday	test
i needed that job	necesitaba ese trabajo	necesitaba ese trabajo	i needed that job	test
youre really beautiful	eres realmente hermosa	eres realmente hermosa|eres realmente hermoso	you sure are pretty|youre really beautiful	test
we watch tv together	vemos la televisión juntos	vemos la televisión juntos	we watch tv together	test
were not in boston	no estamos en boston	no estamos en boston	were not in boston	test
it wasnt luck	no fue suerte	no fue suerte	it wasnt luck	test
tom works for mary	tom trabaja para mary	tom trabaja para mary	tom works for mary	test
keep the secret	guarda el secreto	guarda el secreto	keep the secret	test
sorry	lo siento	disculpe|lo siento	im sorry|im sorry !|sorry	test
i think its possible	creo que es posible	creo que es posible|pienso que es posible	i think its possible	test
lets try something different	intentemos algo diferente	intentemos algo diferente	lets try something different	test
tom doesnt drink beer	tom no bebe cerveza	tom no bebe cerveza	tom doesnt drink beer	test
i also speak spanish	también hablo español	también hablo español	i also speak spanish	test
we were outside	estábamos afuera	estábamos afuera	we were outside	test
you look japanese	pareces japonés	pareces japonés	you look japanese	test
i mean it !	hablo en serio	hablo en serio	i mean it|i mean it !|im serious	test
he talked about music	habló de música	habló de música	he talked about music	test
ziri wrote a letter	ziri escribió una carta	ziri escribió una carta	ziri wrote a letter	test
my bad	culpa mía	culpa mía|mi culpa	my bad|my mistake	test
tom is my enemy	tom es mi enemigo	tom es mi enemigo	tom is my enemy	test
i am so disappointed	estoy muy decepcionado	estoy muy decepcionado	i am so disappointed	test
she cant stop me	no puede pararme	no puede pararme	she cant stop me|you cant stop me	test
i have two eyes	tengo dos ojos	tengo dos ojos	i have two eyes	test
the girl walked slowly	la niña caminó lentamente	la niña caminó lentamente	the girl walked slowly	test
this needs to stop	esto debe parar	esto debe parar|esto tiene que parar	this must stop|this needs to stop	test
dont leave them alone	no los deje solos	no las deje solas|no los deje solos	dont leave them alone	test
i talked to friends	hablé con amigos	hablé con amigos	i talked to friends	test
ive been really busy	he estado bastante ocupado	he estado bastante ocupado	ive been really busy	test
many parents died	muchos padres murieron	muchos padres murieron	many parents died	test
he was surprised too	él también estaba sorprendido	él también estaba sorprendido	he was surprised too	test
i got bored	estoy aburrido	estoy aburrido	i am bored|i got bored|im bored	test
lets go to bed	vámonos a la cama	vámonos a la cama	lets go to bed	test
im not a teacher	no soy profesor	no soy profesor|no soy profesora	im not a teacher	test
he can read	él sabe leer	él sabe leer	he can read	test
and here they are	y aquí están	y aquí están	and here they are	test
dont make noise here	no hagas ruido acá	no hagas ruido acá	dont make noise here	test
she began crying	ella rompió a llorar	ella empezó a llorar|ella rompió a llorar|empezó a llorar	she began crying	test
he is not married	él no está casado	él no está casado	he is not married|he isnt married|hes not married	test
we were friends	éramos amigos	éramos amigos	we were friends	test
liar !	¡ mentiroso !	¡ mentiroso !	liar !	test
tom sang for mary	tom cantó para mary	tom cantó para mary	tom sang for mary	test
hes depressed	está deprimido	está deprimido	hes depressed	test
this isnt your fault	no es culpa tuya	no es culpa tuya	this isnt your fault	test
my eyes are red	tengo los ojos rojos	tengo los ojos rojos	my eyes are red	test
tom was wrong	tom estaba equivocado	tom estaba equivocado	tom was wrong	test
thats funny !	¡ qué gracioso !	¡ qué gracioso !	thats funny !	test
he just arrived	acaba de llegar	acaba de llegar	he just arrived|hes just arrived	test
youre late again	estás atrasado otra vez	estás atrasado otra vez	youre late again	test
take control	toma el control	toma el control	take control|take over	test
they arrived too soon	ellos llegaron demasiado pronto	ellos llegaron demasiado pronto	they arrived too soon	test
she understands music	ella entiende la música	ella entiende de música|ella entiende la música	she understands music	test
everybody is fine	todos están bien	todos están bien	everybody is fine	test
toms dead	tom ha muerto	tom ha muerto	tom died|tom is dead|toms dead|toms died	test
maybe youre right	puede que tengas razón	puede que tengas razón|quizá tengas razón	maybe youre right|you may be right|you might be right	test
tom wasnt healthy	tom no estaba saludable	tom no estaba saludable	tom wasnt healthy	test
im very forgetful	soy muy olvidadizo	soy muy olvidadizo	im very forgetful	test
you must stop him	debes detenerlo	deben detenerlo|debes detenerlo	you must stop him	test
tom is calling you	tom te está llamando	tom te está llamando	tom is calling you	test
this is very serious	esto es muy serio	esto es muy grave|esto es muy serio	this is very serious	test
i like to talk	me gusta hablar	me gusta hablar	i like talking|i like to talk	test
do your homework now	haz tu tarea ya	haz tu tarea ya	do your homework now	test
tom continued eating	tom siguió comiendo	tom siguió comiendo	tom continued eating	test
yes i knew	sí lo sabía	sí lo sabía	yes i knew	test
this sentence is good	esta frase es buena	esta frase es buena|esta oración es buena	this sentence is good	test
i miss that place	extraño ese lugar	extraño ese lugar	i miss that place	test
where is this ?	¿ dónde está ?	¿ dónde está ?	where is it ?|where is that ?|where is this ?	test
no im not hungry	no no tengo hambre	no no tengo hambre	no im not hungry	test
tom is very old	tom es muy viejo	tom es muy viejo	tom is very old	test
sami knows the truth	sami conoce la verdad	sami conoce la verdad	sami knows the truth	test
he made me go	él me hizo ir	él me hizo ir	he made me go	test
we watched tv yesterday	vimos la tele ayer	vimos la tele ayer	we watched tv yesterday	test
he lied to me	él me mintió	él me mintió	he lied to me	test
she denied it	ella lo negó	ella lo negó	she denied it	test
come alone	ven solo	ven solo	come alone	test
tom is confused	tomás está confundido	tomás está confundido	tom is confused|toms confused	test
i can read french	sé leer francés	sé leer francés	i can read french	test
hes already married	él ya está casado	él ya está casado	hes already married	test
this isnt money	éste no es dinero	éste no es dinero	this isnt money	test
it looked so delicious	se veía tan delicioso	se veía tan delicioso	it looked so delicious	test
we all know	todos sabemos	todos sabemos	we all know	test
were coming	vamos a ir	vamos a ir	were coming|were going	test
its easy money	es dinero fácil	es dinero fácil	its easy money	test
this is my room	este es mi cuarto	este es mi cuarto	this is my room	test
you havent any money	no tienes dinero	no tienes dinero	you havent any money	test
i didnt want anything	no quería nada	no quería nada	i didnt want anything	test
i like that shirt	me gusta esa camisa	me gusta esa camisa	i like that shirt	test
come on	¡ órale !	¡ órale !	all right|come on|come on !|cool !|go away|go away !|great !|lets go|lets go !|ok|okay|sweet !|understood	test
the fault is mine	la culpa es mía	la culpa es mía	i am to blame|it is my fault|its my fault|the fault is mine	test
he cheated on me	fui engañado por él	fui engañado por él|él me engañó	he cheated on me	test
ive found another job	encontré otro trabajo	encontré otro trabajo	ive found another job	test
do as you like	haz lo que quieras	haz lo que quieras	do as you like|do as you want|do what you like|do what you want	test
shes writing	ella está escribiendo	ella está escribiendo	shes writing	test
his girlfriend is japanese	su amiga es japonesa	su amiga es japonesa|su novia es japonesa	his girlfriend is japanese	test
nobody does that	nadie hace eso	nadie hace eso	nobody does that	test
please speak slowly	por favor habla despacio	por favor habla despacio|por favor hable despacio	please speak slowly	test
im not feeling well	no me siento bien	no me siento bien	i dont feel well|im not feeling well	test
they arent my books	no son mis libros	no son mis libros	they arent my books	test
leave our house	váyase de nuestra casa	váyase de nuestra casa	leave our house	test
i want tom	quiero a tom	quiero a tom	i want tom	test
i hate that	odio eso	odio eso	i hate that	test
hes not in	no está aquí	no está|no está aquí|no está en casa|él no está adentro	he is not here|he is not in|hes not here|hes not in|it isnt here|she is not here|shes not here	test
he likes attention	le gusta la atención	le gusta la atención	he likes attention|she likes attention	test
i need help	¡ necesito ayuda !	necesito ayuda|¡ necesito ayuda !	i need help|i need help !	test
he is chinese ?	¿ es chino ?	¿ es chino ?	he is chinese ?	test
i want something better	quiero algo mejor	quiero algo mejor	i want something better	test
come into my room	ven a mi habitación	ven a mi habitación	come into my room	test
i am thirsty	tengo sed	tengo sed	i am thirsty|im thirsty	test
toms died	tom ha muerto	tom ha muerto	tom died|tom is dead|toms dead|toms died	test
shes already outside	ya está fuera	ya está fuera	hes already outside|shes already outside	test
hello tom good morning	hola tom buenos días	hola tom buenos días	hello tom good morning	test
ill see tom today	hoy veré a tom	hoy veré a tom	ill see tom today	test
tom asked for help	tom pidió ayuda	tom pidió ayuda	tom asked for help	test
you got here fast	llegaste rápido	llegaste rápido	you got here fast	test
the books yours	el libro es tuyo	el libro es tuyo|el libro es vuestro	the book is yours|the books yours	test
she is canadian	ella es canadiense	ella es canadiense|es canadiense	she is canadian|shes canadian	test
listen up everybody !	¡ escuchen todos !	¡ escuchen todos !	listen up everybody !	test
your number doesnt answer	tu número no responde	tu número no responde	your number doesnt answer	test
he runs	él corre	él corre	he does run|he runs	test
tom needs more time	tom necesita más tiempo	tom necesita más tiempo	tom needs more time	test
we need a plan	necesitamos un plan	necesitamos un plan	we need a plan	test
he arrived too early	él llegó demasiado pronto	él llegó demasiado pronto	he arrived too early	test
theres nothing there	no hay nada ahí	allí no hay nada|no hay nada ahí	theres nothing there	test
this place has everything	aquí hay de todo	aquí hay de todo	this place has everything	test
hey	hola	hola	hello|hello !|hey|hi	test
one is blue	uno es azul	uno es azul	one is blue	test
i want your love	quiero tu amor	quiero tu amor	i want your love	test
help tom	ayuda a tom	ayuda a tom	help tom|help tom out	test
you should know better	deberías saberlo mejor	deberías saberlo mejor	you should know better	test
youre like tom	eres como tom	eres como tom	youre like tom	test
tom looked at mary	tom miró a mary	tom miró a mary	tom looked at mary	test
theyre running without shoes	están corriendo sin zapatos	están corriendo sin zapatos	theyre running without shoes	test
the train has arrived	el tren ha llegado	el tren ha llegado	the train has arrived	test
tom began to cry	tom empezó a llorar	tom empezó a llorar	tom began to cry|tom started crying	test
toms eating fruit	tom está comiendo fruta	tom está comiendo fruta	toms eating fruit	test
john alone went there	sólo john fue allá	sólo john fue allá	john alone went there	test
tom forgot to pay	tom olvidó pagar	tom olvidó pagar	tom forgot to pay	test
youre not that important	no eres tan importante	no eres tan importante	youre not that important	test
i come from australia	vengo de australia	vengo de australia	i come from australia	test
it opened	abrió	abrió	it opened	test
try it once more	intenta otra vez	intenta otra vez|trata una vez más	try again|try it once more	test
i have to run	yo tengo que correr	yo tengo que correr	i have to run	test
he speaks russian	él habla ruso	él habla ruso	he speaks russian	test
tom came yesterday	ayer vino tom	ayer vino tom	tom came yesterday	test
they know everything	ellos saben todo	ellos saben todo	they know everything	test
she is his friend	ella es su amiga	ella es su amiga	she is her friend|she is his friend	test
we love tom	amamos a tom	amamos a tom	we love tom	test
he does not smoke	él no fuma	no fuma|él no fuma	he does not smoke|he doesnt smoke	test
look at that dog	mirá ese perro	mirá ese perro	look at that dog	test
wait dont go	espera no te vayas	espera no te vayas	wait dont go	test
hurry up tom	date prisa tom	date prisa tom	hurry up tom	test
he didnt pay anything	él no pagó nada	él no pagó nada	he didnt pay anything	test
the dogs were happy	los perros eran felices	los perros eran felices	the dogs were happy	test
i want to die	quiero morir	quiero morir	i want to die	test
i speak french	hablo francés	hablo francés|yo hablo francés	i speak french	test
just do it tom	limítate a hacerlo tom	limítate a hacerlo tom	just do it tom	test
bring me the dictionary	tráeme el diccionario	tráeme el diccionario	bring me the dictionary	test
tom is my son	tom es mi hijo	tom es mi hijo	tom is my son	test
ive got a cold	estoy resfriado	estoy resfriado	i have a cold|ive got a cold	test
tom must be hungry	tom debe tener hambre	tom debe tener hambre	tom must be hungry	test
its delicious	es delicioso	es delicioso	its delicious	test
thats very big	eso es muy grande	esa es muy grande|ese es muy grande|eso es muy grande	thats very big	test
dont forget your money	no olvides tu dinero	no olvides el dinero|no olvides tu dinero	dont forget your money	test
i wasnt lucky	no tuve suerte	no tuve suerte	i wasnt lucky	test
i am getting dressed	me estoy poniendo ropa	me estoy poniendo ropa	i am getting dressed	test
he speaks five languages	él habla cinco idiomas	él habla cinco idiomas	he speaks five languages	test
i think youre dumb	creo que eres tonto	creo que eres tonto	i think youre dumb	test
two women are singing	dos mujeres están cantando	dos mujeres cantan|dos mujeres están cantando	two women are singing	test
tom believes me	tom me cree	tom me cree	tom believes me	test
im very tired today	hoy estoy muy cansado	hoy estoy muy cansado	im very tired today	test
thats so weird	eso es tan raro	eso es tan raro	thats so weird	test
i like reading books	me gusta leer libros	me gusta leer libros	i like reading books|i love reading books	test
the room was empty	la habitación estaba vacía	la habitación estaba vacía	the room was empty	test
hes broke	está sin blanca	está sin blanca	hes broke	test
theyre waiting for you	te están esperando	te están esperando	theyre waiting for you	test
good as always	bueno como siempre	bueno como siempre	good as always	test
wait for me here	espera por mí aquí	espera por mí aquí	wait for me here|wait here for me	test
tom looks sad	tom parece triste	tom parece triste	tom looks sad	test
its me again tom	soy yo nuevamente tom	soy yo nuevamente tom	its me again tom	test
i have a dog	tengo un perro	tengo un perro	i have a dog|i keep a dog	test
i like blue	me gusta el azul	me gusta el azul	i like blue|i like the blue	test
its time for lunch	es hora de almorzar	es hora de almorzar	its lunch time|its time for lunch|lunch is on	test
you are john	tú eres john	tú eres john	you are john	test
i am cooking now	ahora estoy cocinando	ahora estoy cocinando	i am cooking now	test
its never good	nunca es bueno	nunca es bueno	its never good	test
im not italian	no soy italiano	no soy italiano	im not italian	test
i must go back	debo volver	debo volver	i must go back	test
tom shot him	tom le disparó	tom le disparó	tom shot him	test
i have a friend	tengo una amiga	tengo un amigo|tengo una amiga	i have a friend	test
his mother speaks italian	su madre habla italiano	su madre habla italiano	his mother speaks italian	test
leave it !	¡ déjalo !	¡ déjalo !	leave it !	test
trust me he said	dijo confía en mí	dijo confía en mí	he said trust me|she said trust me|trust me he said	test
i want to dance	quiero bailar	quiero bailar	i want to dance	test
nobody can pay this	nadie puede pagar esto	nadie puede pagar esto	nobody can pay this	test
the clock has stopped	el reloj se paró	el reloj se paró	the clock has stopped	test
im not from here	no soy de aquí	no soy de aquí	im not from here	test
its not worth much	no vale mucho	no vale mucho	its not worth much	test
my phone is beautiful	mi teléfono es bonito	mi teléfono es bonito	my phone is beautiful|my telephone is pretty	test
well do it tomorrow	lo haremos mañana	lo haremos mañana	well do it tomorrow	test
let me go !	¡ déjeme ir !	¡ déjame marchar !|¡ déjeme ir !	let me go|let me go !	test
tom almost died	tom casi muere	tom casi muere	tom almost died	test
good morning everybody	buenos días a todos	buenos días a todos	good morning everybody|good morning everyone	test
im not poor	no soy pobre	no soy pobre	im not poor	test
done	ya está	terminado|ya está|ya está hecho	done|that is all	test
theyre in danger	están en peligro	están en peligro	theyre in danger	test
im coming to boston	voy a boston	voy a boston	im coming to boston	test
this is good	esto está bien	esto es bueno|esto está bien	this is good|this is nice|this is ok	test
its my brothers	es de mi hermano	es de mi hermano	its my brothers	test
she always works hard	ella siempre trabaja mucho	ella siempre trabaja mucho	she always works hard	test
hes a bit naive	es un poco ingenuo	es un poco ingenuo	hes a bit naive	test
hes intelligent	él es inteligente	es inteligente|él es inteligente	he is intelligent|he is smart|hes intelligent|hes smart	test
the dog is yours	el perro es tuyo	el perro es tuyo	the dog is yours	test
you seem nice enough	tú pareces bastante simpático	tú pareces bastante simpático	you seem nice enough	test
i like sleeping	me gusta dormir	me gusta dormir	i like sleeping	test
is tom here ?	¿ está tom ?	¿ está tom ?	is tom here ?|is tom in ?	test
im coming for tom	voy por tom	voy por tom	im coming for tom	test
me too	yo también	yo también	me too	test
were not smiling	no estamos sonriendo	no estamos sonriendo	were not smiling	test
everything will be ok	todo estará bien	todo estará bien	all will be well|everything will be ok	test
its worth the money	vale la pena	vale la pena	its worth it|its worth the money	test
i am short	soy baja	soy baja|soy bajo	i am short	test
nobody lied	nadie mintió	nadie mintió	nobody lied	test
who ran ?	¿ quién corrió ?	¿ quién corrió ?	who ran ?	dev
he is awake	él está despierto	él está despierto	he is awake	dev
there was nobody there	no había nadie ahí	allí no había nadie|no había nadie ahí	there was nobody there|there wasnt anyone there	dev
my mistake	mi falta	culpa mía|mi falta	my mistake	dev
tom be reasonable	tom sé razonable	tom sé razonable	tom be reasonable	dev
tom changed the plan	tomás cambió el plan	tomás cambió el plan	tom changed the plan	dev
yanni is listening now	ahora yanni está escuchando	ahora yanni está escuchando	yanni is listening now	dev
stay here	quedate acá	quedate acá	stay here	dev
i dont need glasses	no necesito gafas	no necesito gafas	i dont need glasses	dev
i work too much	trabajo demasiado	trabajo demasiado	i work too much	dev
i know its difficult	sé que es difícil	sé que es difícil	i know its difficult	dev
tom is tall	tom es alto	tom es alto	tom is tall	dev
tom is nice	tom es amable	tom es amable	tom is nice	dev
youd better not speak	mejor no hablar	mejor no hablar	youd better not speak	dev
shes very beautiful	ella es muy bonita	ella es muy bonita|es muy hermosa	shes very beautiful	dev
he has blue eyes	tiene ojos azules	tiene ojos azules	he has blue eyes|she has blue eyes	dev
you really did it	lo hiciste de verdad	lo hiciste de verdad	you really did it	dev
i was just joking	solo estaba bromeando	solo estaba bromeando	i was just joking|i was only joking	dev
something happened	algo sucedió	algo sucedió	something happened	dev
just keep talking	simplemente sigue hablando	simplemente sigue hablando	just keep talking	dev
it is a fish	es un pescado	es un pescado	it is a fish|its a fish	dev
i cannot see it	no puedo verlo	no puedo verlo	i cannot see it	dev
mary lost the keys	mary perdió las llaves	mary perdió las llaves	mary lost her keys|mary lost the keys	dev
now thats a problem	ahora es un problema	ahora es un problema	now thats a problem	dev
are you brothers ?	¿ sois hermanos ?	¿ sois hermanos ?|¿ son hermanos ?	are you brothers ?	dev
no ones safe here	aquí nadie está seguro	aquí nadie está seguro	no ones safe here	dev
yes i am crying	sí estoy llorando	sí estoy llorando	yes i am crying	dev
are you sisters ?	¿ son hermanas ?	¿ son hermanas ?	are they sisters ?|are you sisters ?	dev
he writes arabic	él escribe árabe	él escribe en árabe|él escribe árabe	he writes arabic	dev
i wake up early	despierto temprano	despierto temprano	i wake up early	dev
she opened her eyes	ella abrió los ojos	ella abrió los ojos	she opened her eyes	dev
i want your opinion	quiero su opinión	quiero su opinión|quiero tu opinión|quiero vuestra opinión	i want your opinion	dev
am i normal ?	¿ soy normal ?	¿ soy normal ?	am i normal ?	dev
just a moment please	un momento por favor	un momento por favor	just a moment please	dev
i eat fruit	como fruta	como fruta	i eat fruit	dev
i need my glasses	necesito mis lentes	necesito mis gafas|necesito mis lentes	i need my glasses	dev
tom is out	tom ha salido	tom ha salido	tom is out	dev
youre a human	eres humano	eres humano	you are human|youre a human	dev
my sister hates me	mi hermana me odia	mi hermana me odia	my sister hates me	dev
he is always happy	él siempre está feliz	él siempre está feliz	he is always happy	dev
i already did it	ya lo he hecho	ya lo he hecho|ya lo hice	i already did it	dev
she eats fruit	ella come fruta	ella come fruta	she eats fruit	dev
the dog wants meat	el perro quiere carne	el perro quiere carne	the dog wants meat	dev
this could be dangerous	esto podría ser peligroso	esto podría ser peligroso	this could be dangerous	dev
i just want it	simplemente lo quiero	lo quiero ya|simplemente lo quiero	i just want it	dev
well do it together	lo haremos juntos	lo haremos juntos	well do it together	dev
im single	soy soltero	estoy soltera|estoy soltero|soy soltera|soy soltero	i am single|im single	dev
please stay here	por favor quédate aquí	por favor quédate aquí	please stay here	dev
come along with us	ven con nosotras	ven con nosotras|ven con nosotros|venga con nosotros|vengan con nosotras|venid con nosotros	come along with us|come with us	dev
we saw nothing strange	no vimos nada extraño	no vimos nada extraño	we saw nothing strange	dev
got it !	¡ lo tengo !	¡ lo tengo !	got it !	dev
please drive slowly	conduce más despacio	conduce más despacio	please drive slowly	dev
tom likes you	a tom le gustas	a tom le gustas	tom likes you	dev
do not enter here	no entrar aquí	no entrar aquí	do not enter here	dev
you had me worried	me tenías preocupado	me tenías preocupado	you had me worried	dev
i made him cry	lo hice llorar	lo hice llorar	i made him cry	dev
tom say something	tom di algo	tom di algo	tom say something	dev
im a liar	soy un mentiroso	soy un mentiroso	im a liar	dev
his son is ill	su hijo está malo	su hijo está enfermo|su hijo está malo	his son is ill	dev
i know it	yo lo conozco	yo lo conozco	i know him|i know it	dev
shes a woman now	ahora es una mujer	ahora es una mujer	shes a woman now	dev
they know what happened	ellos saben qué pasó	ellos saben qué ocurrió|ellos saben qué pasó	they know what happened	dev
i already tried that	ya lo he intentado	ya lo he intentado	i already tried that|ive already tried that	dev
is that true ?	¿ es verdad ?	¿ es verdad ?	is it true ?|is that true ?	dev
i need to stop	tengo que parar	tengo que parar	i need to stop	dev
tom is fat	tom está gordo	tom está gordo	tom is fat|toms fat	dev
youre not poor	no eres pobre	no eres pobre	youre not poor	dev
dont touch those	no toques esos	no toques esos	dont touch those	dev
my life is boring	mi vida es aburrida	mi vida es aburrida	my life is boring	dev
hang on there	espere allí	espera ahí|espere allí	hang on there	dev
we were here first	nosotras estábamos acá primero	nosotras estábamos acá primero|nosotros estábamos acá primero	we were here first	dev
i do remember it	claro que lo recuerdo	claro que lo recuerdo	i do remember it	dev
nobody bought it	no lo compró nadie	no lo compró nadie	nobody bought it	dev
you should read more	podrías leer más	podrías leer más	you should read more	dev
youre not my girlfriend	no sos mi novia	no eres mi novia|no sos mi novia	youre not my girlfriend	dev
i like to swim	me gusta nadar	me gusta nadar	i like swimming|i like to swim	dev
they have hope	ellos tienen esperanza	ellos tienen esperanza|tienen esperanza	they have hope	dev
i cant sing	no puedo cantar	no puedo cantar	i cant sing	dev
we have money	tenemos dinero	tenemos dinero	we have money	dev
ill kill you	te voy a matar	te voy a matar	ill kill you	dev
i need to sleep	necesito dormir	necesito dormir	i need sleep|i need to sleep	dev
i understand now	ahora lo entiendo	ahora entiendo|ahora lo entiendo	i understand now|now i get it|now i understand	dev
help me !	¡ ayúdeme !	ayúdame|¡ ayúdame !|¡ ayúdeme !	help me !	dev
read this now	lee esto ahora	lee esto ahora	read this now	dev
we played baseball yesterday	ayer jugamos al béisbol	ayer jugamos al béisbol	we played baseball yesterday	dev
were from boston	somos de boston	somos de boston	were from boston	dev
that sounds like french	eso suena a francés	eso suena a francés	that sounds like french	dev
say good night tom	di buenas noches tom	di buenas noches tom	say good night tom	dev
let me pay tonight	déjame pagar esta noche	déjame pagar esta noche	let me pay tonight	dev
im still hungry	todavía tengo hambre	todavía tengo hambre	im still hungry	dev
youre not normal	no sos normal	no sos normal	youre not normal	dev
speak italian !	¡ habla italiano !	¡ habla italiano !	speak italian !	dev
i havent met friends	no he encontrado amigos	no he encontrado amigos	i havent met friends	dev
he looks strong	él parece fuerte	él parece fuerte	he looks strong	dev
bob is my friend	bob es mi amigo	bob es mi amigo	bob is my friend	dev
so what ?	¿ y qué ?	¿ entonces qué ?|¿ y qué ?	and then ?|so what ?	dev
were here !	¡ estamos aquí !	¡ estamos aquí !	were here !	dev
i eat a book	como un libro	como un libro	i eat a book	dev
tom dont leave	no te vayas tom	no te vayas tom	tom dont leave	dev
i dont need money	no necesito dinero	no necesito dinero	i dont need money	dev
she teaches us french	ella nos enseña francés	ella nos enseña francés|nos enseña francés	she teaches us french	dev
i can swim fast	yo puedo nadar rápido	yo puedo nadar rápido	i can swim fast	dev
no ones hungry	nadie tiene hambre	nadie tiene hambre	no ones hungry	dev
i have two hands	tengo dos manos	tengo dos manos	i have two hands	dev
drink up your milk	bebe tu leche	bebe tu leche|tómate tu leche	drink up your milk	dev
see you around	te veo por ahí	te veo por ahí	see you around	dev
i am bored	estoy aburrida	estoy aburrida|estoy aburrido	i am bored	dev
dont go	no te vayas	no te vayas	dont go	dev
somebody killed tom	alguien mató a tom	alguien mató a tom	somebody killed tom	dev
im forgetful	soy olvidadizo	soy olvidadizo	im forgetful	dev
we are students	somos estudiantes	somos estudiantes	we are students|were students	dev
john works hard	john trabaja duro	john trabaja duro	john works hard	dev
nobody can know everything	nadie puede saberlo todo	nadie puede saberlo todo	nobody can know everything	dev
i lost my keys	he perdido mis llaves	he perdido mis llaves	i lost my keys|ive lost my keys	dev
i love snow	me encanta la nieve	me encanta la nieve|me gusta la nieve	i love snow	dev
you look busy	pareces ocupada	pareces ocupada|pareces ocupado	you look busy|you seem busy	dev
how handsome !	¡ qué guapo !	¡ qué guapo !	how handsome !	dev
all are happy	todos son felices	todos están felices|todos son felices	all are happy	dev
youre like me	son como yo	eres como yo|son como yo|usted es como yo	youre like me	dev
i saw tom cry	vi a tom llorar	vi a tom llorar	i saw tom cry	dev
it was too expensive	era demasiado caro	era demasiado caro	it was too expensive	dev
did something happen ?	¿ pasó algo ?	¿ pasó algo ?	did something happen ?	dev
thanks !	¡ gracias !	¡ gracias !	thank you|thank you !|thanks|thanks !	dev
this is a sentence	ésta es una oración	ésta es una oración	this is a sentence	dev
the woman is ready	la mujer está lista	la mujer está lista	the woman is ready	dev
im a doctor	soy médico	soy doctor|soy médico	im a doctor	dev
here is japan	esto es japón	esto es japón	here is japan|this is japan	dev
thats impossible	eso es imposible	es imposible|eso es imposible	thats impossible|this is impossible	dev
its broken	está roto	está roto	its broken	dev
i can do both	yo puedo hacer ambos	yo puedo hacer ambos	i can do both	dev
i drink coffee	bebo café	bebo café	i drink coffee	dev
tom was never happy	tom nunca fue feliz	tom nunca fue feliz	tom was never happy	dev
ill be back later	volveré luego	volveré luego	ill be back later|ill be back soon	dev
children understand everything	los niños entienden todo	los niños entienden todo	children understand everything|the children understand everything	dev
i love reading	me encanta leer	me encanta leer	i love reading	dev
i love learning	adoro aprender	adoro aprender	i love learning	dev
toms joking	tomás está bromeando	tomás está bromeando	tom is joking|tom is kidding|toms joking	dev
i got jealous	yo me puse celoso	yo me puse celoso	i got jealous	dev
its raining	está lloviendo	está lloviendo|llueve	it is raining|its raining	dev
im a free man	soy un hombre libre	soy un hombre libre	im a free man	dev
you are learning arabic	estás aprendiendo árabe	estás aprendiendo árabe	you are learning arabic	dev
youre fine	usted está bien	tú estás bien|usted está bien|ustedes están bien	youre fine	dev
its for you	esto es para usted	esto es para usted	its for you	dev
it may be true	puede ser cierto	puede ser cierto	it may be true|that might be true	dev
it must be true	debe de ser verdad	debe de ser verdad	it must be true	dev
everything is possible	todo es posible	todo es posible	everything is possible	dev
we are studying spanish	estamos estudiando español	estamos estudiando español	we are studying spanish	dev
ive got no choice	no tengo elección	no tengo elección	ive got no choice	dev
today is sunday	este día es domingo	este día es domingo|hoy es domingo	today is sunday	dev
toms bored	tom está aburrido	tom está aburrido	tom is boring|toms bored	dev
lets not go	no vayamos	no vayamos	lets not go	dev
remember where we are	recuerda dónde estamos	recuerda dónde estamos	remember where we are	dev
im ready to leave	estoy listo para partir	estoy listo para partir|estoy preparado para irme	im ready to leave	dev
youre going too far	vas demasiado lejos	vas demasiado lejos	youre going too far	dev
hes a bit jealous	es un poco celoso	es un poco celoso	hes a bit jealous	dev
that was a mistake	eso fue un error	eso fue un error	that was a mistake	dev
im married	soy casada	estoy casada|estoy casado|soy casada|soy casado	im married	dev
i will be loved	yo seré amado	yo seré amado	i will be loved	dev
its still early	todavía es temprano	todavía es temprano	its still early	dev
this is my brother	este es mi hermano	este es mi hermano	this is my brother	dev
there is no god	no hay dios	no hay dios	there is no god	dev
is he dead ?	¿ está muerto ?	¿ está muerto ?	is he dead ?	dev
i dont care	me da igual	me da igual|no me importa	i dont care|i dont mind	dev
that man is dead	ese hombre está muerto	ese hombre está muerto|este hombre está muerto	that man is dead	dev
this is your wine	este es tu vino	este es tu vino	this is your wine	dev
i am confused	estoy confundido	estoy confundida|estoy confundido	i am confused|im confused	dev
tom was very drunk	tom estaba muy borracho	tom estaba muy borracho	tom was very drunk	dev
she is very pretty	ella es muy guapa	ella es muy guapa|ella es muy linda	she is very pretty|shes very pretty	dev
pleased to meet you	encantado	encantado|estoy encantado de conocerte	nice to meet you|pleased to meet you	dev
youre absolutely correct	tienes toda la razón	tienes toda la razón	you are absolutely correct|you are absolutely right|you are completely right|youre absolutely correct|youre absolutely right !|youre completely right	dev
youre better than me	eres mejor que yo	eres mejor que yo	youre better than me	dev
i want a computer	quiero un ordenador	quiero un ordenador|quiero una computadora	i want a computer	dev
what a life !	¡ qué vida !	¡ qué vida !	what a life !	dev
i arrived too early	llegué demasiado temprano	llegué demasiado temprano	i arrived too early	dev
youre sick	estás enfermo	estás enfermo	youre sick	dev
the parents are listening	los padres están escuchando	los padres están escuchando	the parents are listening	dev
youre single	estás soltero	estás soltero	youre single	dev
nobody lives forever	nadie vive para siempre	nadie vive para siempre	nobody lives forever	dev
check please	la cuenta por favor	la cuenta por favor	check please|the bill please|the check please	dev
the enemy is weak	el enemigo es débil	el enemigo es débil	the enemy is weak	dev
yes i am married	sí estoy casada	sí estoy casada|sí estoy casado	yes i am married	dev
tom never got married	tom nunca se casó	tom nunca se casó	tom never got married	dev
they cannot stop him	ellas no pueden detenerlo	ellas no pueden detenerlo	they cannot stop him	dev
please take a seat	tome asiento por favor	siéntese por favor|tome asiento por favor	have a seat please|please have a seat|please sit down|please take a seat|sit down please|take a seat please	dev
just do it fast	limítate a hacerlo rápido	limítate a hacerlo rápido	just do it fast	dev
tom is asleep	tom está dormido	tom está dormido	tom is asleep	dev
thats good to know	es bueno saberlo	es bueno saberlo	thats good to know	dev
i did it !	¡ lo hice !	¡ lo hice !	i did it !	dev
were looking for him	lo estamos buscando	lo estamos buscando	were looking for him	dev
silence !	¡ silencio !	¡ silencio !	be quiet !|quiet !|silence !	dev
yesterday we had fun	nos divertimos ayer	nos divertimos ayer	yesterday we had fun	dev
im lonely	me siento solo	me siento solo	i feel lonely|im lonely	dev
i need a book	necesito un libro	necesito un libro	i need a book	dev
youll find somebody	encontrarás a alguien	encontrarás a alguien	youll find somebody	dev
slow down	más despacio	más despacio|quieto	slow down	dev
tom did it carefully	tom lo hizo cuidadosamente	tom lo hizo cuidadosamente	tom did it carefully	dev
thanks mom	¡ gracias mamá !	¡ gracias mamá !	thanks mom	dev
everything was easy	todo era fácil	todo era fácil	everything was easy	dev
thats the key	esa es la llave	esa es la llave	thats the key	dev
she did it carefully	ella lo hizo cuidadosamente	ella lo hizo cuidadosamente	she did it carefully	dev
come down here	baja aquí	baja aquí	come down here	dev
thanks a lot	se lo agradezco mucho	muchas gracias|se lo agradezco mucho|te lo agradezco mucho	thanks a lot	dev
youre lying	ustedes están mintiendo	estás mintiendo|ustedes están mintiendo	you are lying|youre lying	dev
somebody saw you	alguien te vio	alguien te vio	somebody saw you	dev
everything will be perfect	todo será perfecto	todo será perfecto	everything will be perfect	dev
thats great	estupendo	estupendo	great|thats great	dev
this is my umbrella	este es mi paraguas	este es mi paraguas	this is my umbrella	dev
im lost	estoy perdido	estoy perdido	im lost	dev
i need them	los necesito	los necesito	i need them	dev
my mother speaks slowly	mi madre habla despacio	mi madre habla despacio	my mother speaks slowly	dev
boston is beautiful	boston es bonito	boston es bonito	boston is beautiful	dev
it started to snow	empezó a nevar	empezó a nevar	it began to snow|it started to snow	dev
its not true	no es verdad	no es cierto|no es verdad	it isnt true|its not true	dev
it wasnt very good	no estuvo muy bueno	no era muy bueno|no estaba muy bueno|no estuvo muy bueno	it wasnt very good	dev
its almost six oclock	son casi las seis	son casi las seis	its almost six|its almost six oclock	dev
play with the cats	juega con los gatos	juega con los gatos	play with the cats	dev
i hate you !	¡ te odio !	¡ te odio !	i hate you !	dev
he has a bicycle	él tiene una bicicleta	él tiene una bicicleta	he has a bicycle	dev
ive got anything	tengo de todo	tengo de todo	i have everything|ive got anything	dev
sorry to be late	lamento llegar tarde	lamento llegar tarde	im sorry im late|sorry to be late	dev
maybe hes not young	quizá no sea joven	quizá no sea joven	maybe hes not young	dev
maybe we should talk	tal vez deberíamos hablar	tal vez deberíamos hablar	maybe we should talk	dev
i never do that	no lo hago nunca	no lo hago nunca	i never do that	dev
they both laughed	los dos se rieron	los dos se rieron	the two laughed|they both laughed	dev
live and learn	vive y aprende	vive y aprende	live and learn	dev
now please go	ahora por favor vete	ahora por favor vete	now please go	dev
he is waiting	él está esperando	ella está esperando|está esperando|él está esperando	he is waiting	dev
just relax a moment	relájate un momento	relájate un momento	just relax a moment	dev
i trust her	yo confío en ella	yo confío en ella	i trust her	dev
it wasnt me	yo no fui	yo no fui	it wasnt me	dev
you were busy	estabas ocupada	estabas ocupada|estabas ocupado	you were busy	dev
i want revenge	quiero venganza	quiero venganza	i want revenge	dev
this is my mom	esta es mi madre	esta es mi madre	this is my mom|this is my mother	dev
it didnt break	no se rompió	no se rompió	it didnt break	dev
i can hardly walk	apenas puedo caminar	apenas puedo caminar	i can hardly walk	dev
im not jealous	no soy celoso	no soy celoso	im not jealous	dev
you came at five	llegaste a las cinco	llegaste a las cinco	you came at five	dev
this is my horse	éste es mi caballo	éste es mi caballo	this is my horse	dev
tom found something	tom encontró algo	tom encontró algo	tom found something	dev
now stand still	ahora quédate quieto	ahora quédate quieto	now stand still	dev
the man is hungry	el hombre tiene hambre	el hombre tiene hambre	the man is hungry	dev
we are even	estamos a mano	estamos a mano	we are even|were even|were good	dev
ive lost my glasses	he perdido mis gafas	he perdido mis gafas	ive lost my glasses	dev
she sells books	vende libros	ella vende libros|vende libros	he sells books|she sells books	dev
im not stupid	no soy tonto	no soy tonto	im not stupid	dev
i dont follow	no sigo	no sigo	i dont follow	dev
theres one	hay uno	hay uno	theres one	dev
its better that way	es mejor así	es mejor así	its better that way	dev
not bad	no está mal	no está mal	not bad	dev
its ok with me	por mí está bien	por mí está bien	its fine with me|its ok with me	dev
i hate watching tv	odio ver la televisión	detesto ver la televisión|odio ver la televisión	i hate watching tv	dev
now i get it	ahora lo entiendo	ahora lo entiendo	i understand now|now i get it|now i understand	dev
let tom speak	deja hablar a tom	deja hablar a tom	let tom speak	dev
i like your work	me gusta tu trabajo	me gusta tu trabajo	i like your job|i like your work	dev
they watched tv yesterday	vieron la tele ayer	vieron la tele ayer	they watched tv yesterday	dev
it was from tom	era de tom	era de tom	it was from tom	dev
he does speak well	habla bien	habla bien	he does speak well|he talks well	dev
youll never be alone	nunca estarás sola	nunca estarás sola|nunca estarás solo	youll never be alone	dev
nobody can help me	nadie puede ayudarme	nadie puede ayudarme	nobody can help me	dev
its my horse	es mi caballo	es mi caballo	its my horse	dev
i really like him	él sí me gusta	él sí me gusta	i really like him	dev
i was there once	estuve allá una vez	estuve allá una vez	i was there once	dev
i dont know russian	yo no sé ruso	yo no sé ruso	i dont know russian	dev
its no secret	no es ningún secreto	no es ningún secreto	its no secret|its not a secret	dev
i like apples	me gustan las manzanas	me gustan las manzanas	i like apples	dev
i keep studying languages	sigo estudiando idiomas	sigo estudiando idiomas	i keep studying languages	dev
tom is always happy	tom siempre está feliz	tom siempre está feliz	tom is always happy	dev
tom drinks	tom toma	tom bebe|tom toma	tom drinks	dev
she made noise	ella hizo ruido	ella hizo ruido	she made noise	dev
please dont cry	por favor no llores	no llores por favor|por favor no llores	please dont cry	dev
i liked it	me gustó	me gustó	i liked it	dev
i like spring	me gusta la primavera	me gusta la primavera	i like spring	dev
im angry with you	estoy enojada contigo	estoy enojada contigo|estoy enojado contigo	im angry at you|im angry with you	dev
we are almost there	estamos casi allí	estamos casi allí	we are almost there	dev
you seem happy	te ves feliz	te ves feliz	you seem happy	dev
tom started writing	tom empezó a escribir	tom empezó a escribir	tom started writing	dev
its okay	vale	está bien|vale	its okay|its right|okay	dev
who drove ?	¿ quién condujo ?	¿ quién condujo ?	who drove ?	dev
ill call them tomorrow	los llamaré mañana	los llamaré mañana	ill call them tomorrow	dev
who are you ?	¿ quién eres ?	¿ quién eres ?|¿ quién sos ?	who are you ?	dev
were not going	nosotros no vamos	no vamos a ir|nosotros no vamos	were not going	dev
obviously he is wrong	obviamente él está equivocado	obviamente él está equivocado	obviously he is wrong	dev
thats too expensive	eso es demasiado caro	es demasiado caro|eso es demasiado caro	thats too expensive	dev
theyre good	son buenos	son buenos	theyre good	dev
youre my daughter	eres mi hija	eres mi hija	you are my daughter|youre my daughter	dev
tom isnt tall	tom no es alto	tom no es alto	tom isnt tall	dev
good luck	buena suerte	buena suerte	good luck	dev
this game is easy	este juego es fácil	este juego es fácil	this game is easy	dev
hes a doctor	él es médico	él es médico	he is a doctor|hes a doctor	dev
i bought a book	compré un libro	compré un libro	i bought a book	dev
you shouldnt eat here	no deberías comer acá	no deberías comer acá|no deberías comer aquí	you shouldnt eat here	dev
i already have them	ya los tengo	ya los tengo	i already have them	dev
youre finished already	ya han terminado	ya ha terminado|ya habéis terminado|ya han terminado|ya has terminado|ya terminó	youre finished already	dev
well wait here	vamos a esperar acá	vamos a esperar acá	well wait here	dev
tom wants more coffee	tom quiere más café	tom quiere más café	tom wants more coffee	dev
it works fine	funciona bien	funciona bien	it works fine|it works well	dev
hello !	hola	hola|¡ hola !	hello|hello !|hey|hi	dev
thats not real	eso no es real	eso no es real	that isnt real|thats not real	dev
its completely normal	es totalmente normal	es totalmente normal	its completely normal|its totally normal	dev
tom stopped singing	tom dejó de cantar	tom dejó de cantar	tom stopped singing	dev
we dont need tom	no necesitamos a tom	no necesitamos a tom	we dont need tom	dev
please take another one	adelante tome otro	adelante toma otro|adelante tome otro	please take another one	dev
the house is cold	la casa está fría	la casa está fría	the house is cold	dev
i almost gave up	casi me rindo	casi me rindo	i almost gave up	dev
there comes the train	ahí viene el tren	ahí viene el tren	there comes the train	dev
its a good story	es una buena historia	es una buena historia	its a good story|thats a good story	dev
im learning german now	ahora estoy aprendiendo alemán	ahora estoy aprendiendo alemán	im learning german now	dev
i like tom	me agrada tom	me agrada tom	i like tom	dev
im doing quite well	me va muy bien	me va bastante bien|me va muy bien	im doing quite well	dev
she stopped smoking	ella dejó de fumar	dejó de fumar|ella dejó de fumar	she gave up smoking|she quit smoking|she stopped smoking	dev
she understands him	ella le entiende	ella le entiende	she understands him	dev
youve won !	¡ has ganado !	¡ has ganado !	youve won !	dev
thank you my friend	gracias amigo mío	gracias amigo mío	thank you my friend	dev
this car is fast	este coche es rápido	este coche es rápido	this car is fast	dev
i often read books	con frecuencia leo libros	con frecuencia leo libros	i often read books	dev
we both love him	ambos lo amamos	ambos lo amamos	we both love him	dev
be patient !	¡ sé paciente !	¡ sé paciente !	be patient !	dev
he must be tired	debe de estar cansado	debe de estar cansado	he must be tired	dev
tom teaches french	tom enseña francés	tom enseña francés	tom teaches french	dev
she was very busy	ella estaba muy ocupada	ella estaba muy ocupada	she was very busy	dev
go home quickly	ve rápido a casa	ve rápido a casa	go home quickly	dev
toms singing	tom está cantando	tom está cantando	tom is singing|toms singing	dev
she is wrong	ella está equivocada	ella está equivocada	she is wrong	dev
tom wears glasses	tom usa lentes	tom lleva gafas|tom lleva lentes|tom usa lentes	tom wears glasses	dev
im interested in music	me interesa la música	me interesa la música	im interested in music	dev
she is eating	ella está comiendo	ella está comiendo|está comiendo	she is eating	dev
i did something wrong	hice algo malo	hice algo malo	i did something wrong	dev
write something	escribe algo	escribe algo	write something	dev
this needs to change	esto necesita cambiar	esto necesita cambiar	this needs to change	dev
tom wants this one	tom quiere éste	tom quiere éste	tom wants this one	dev
impossible	imposible	imposible	impossible	dev
i know the truth	sé la verdad	sé la verdad	i know the truth	dev
i heard every word	lo oí todo	lo oí todo	i heard every word	dev
everything went well	todo fue bien	todo fue bien	everything went well	dev
toms arrived	tom llegó	tom llegó	tom arrived|toms arrived	dev
learn	aprende	aprende	learn	dev
im shy	soy tímido	soy tímido	im shy	dev
i share your idea	comparto tu idea	comparto tu idea	i share your idea	dev
speak !	¡ habla !	¡ habla !	speak !|speak out !	dev
you had better go	es mejor que vayas	es mejor que vayas	you had better go	dev
they respect him	ellos le respetan	ellos le respetan	they respect him	dev
im studying french	estoy estudiando francés	estoy estudiando francés	im studying french	dev
they need money	necesitan dinero	necesitan dinero	they need money|you need money	dev
its dark inside	dentro está oscuro	dentro está oscuro	its dark inside	dev
lunch is on	es hora de almorzar	es hora de almorzar	its lunch time|its time for lunch|lunch is on	dev
today im tired	hoy estoy cansada	hoy estoy cansada	today im tired	dev
it works	funciona	funciona	it works	dev
i dream in french	yo sueño en francés	yo sueño en francés	i dream in french	dev
you didnt see anything	no has visto nada	no has visto nada	you didnt see anything|you didnt see nothing	dev
were joking	estamos bromeando	estamos bromeando	were joking	dev
i teach chinese	enseño chino	enseño chino	i teach chinese	dev
just remember that	solo recuerda eso	solo recuerda eso	just remember that	dev
i never worry	yo nunca me preocupo	yo nunca me preocupo	i never worry	dev
ask her	pregúntale	pregúntale	ask her|ask him	dev
we all have problems	todos tenemos problemas	todos tenemos problemas	we all have problems	dev
it happened so fast	ocurrió tan rápido	ocurrió tan rápido	it happened so fast	dev
itll be ready	estará listo	estará listo	itll be ready	dev
better red than dead	antes rojo que muerto	antes rojo que muerto	better red than dead	dev
understand ?	¿ entiendes ?	¿ entiendes ?	do you follow ?|do you understand ?|understand ?	dev
youre very clean	está muy limpio	está muy limpio	hes very clean|its very clean|shes very clean|youre very clean	dev
thats true	eso es cierto	eso es cierto|eso es verdad	thats true	dev
we immediately became friends	inmediatamente nos hicimos amigos	inmediatamente nos hicimos amigos	we immediately became friends	dev
we got here first	llegamos aquí primero	llegamos aquí primero	we got here first	dev
he returned at six	volvió a las seis	volvió a las seis	he returned at six	dev
this is so easy	esto es tan fácil	esto es tan fácil	this is so easy	dev
tom looks sick	tom parece enfermo	tom parece enfermo	tom looks sick	dev
she broke the rules	ella rompió las normas	ella rompió las normas	she broke the rules	dev
you look different today	hoy pareces diferente	hoy pareces diferente	you look different today	dev
listen !	¡ escuche !	¡ escucha !|¡ escuche !|¡ escuchen !|¡ escuchá !	listen !	dev
im happy for you	estoy feliz por vos	estoy feliz por vos	im happy for you	dev
i teach french	enseño francés	enseño francés	i teach french	dev
there it is !	¡ allá está !	¡ allá está !	there he is !|there it is !	dev
im coming for you	voy por ti	voy por ti	im coming for you	dev
thats wet	está mojado	está mojado	that is wet|thats wet	dev
they may go	quizá vayan	puede que vayan|quizá vayan|tal vez vayan	they may go	dev
i didnt see him	no le vi	no le vi|no lo vi	i didnt see him	dev
tom can speak french	tom sabe hablar francés	tom sabe hablar francés	tom can speak french	dev
tom has to go	tom tiene que ir	tom tiene que ir	tom has to go	dev
tom paid the bill	tom pagó la cuenta	tom pagó la cuenta	tom paid the bill	dev
hes not home	no está en casa	no está en casa	he isnt at home|hes not home|hes not in	dev
i dont like boston	no me gusta boston	no me gusta boston	i dont like boston	dev
im feeling sick	me siento enfermo	me siento enferma|me siento enfermo	im feeling sick	dev
im worried about him	estoy preocupado por él	estoy preocupado por él	im worried about him	dev
come in !	¡ entra !	¡ entra !	come in|come in !|enter !	dev
im yours	soy tuya	soy suyo|soy tuya|soy tuyo	im yours	dev
i felt dumb	me sentí estúpido	me sentí estúpido	i felt dumb	dev
i was deeply moved	estaba profundamente emocionado	estaba profundamente emocionada|estaba profundamente emocionado|yo estaba profundamente emocionada|yo estaba profundamente emocionado	he was deeply moved|i was deeply moved	dev
he went far away	se fue muy lejos	se fue muy lejos	he went far away	dev
were you worried ?	¿ estabas preocupado ?	¿ estabas preocupado ?	were you worried ?	dev
no ones working	nadie está trabajando	nadie está trabajando	no ones working	dev
they didnt say why	no dijeron por qué	no dijeron por qué	they didnt say why	dev
just come up here	venga ven aquí	limítate a venir aquí|venga ven aquí	just come up here	dev
turn around	da la vuelta	da la vuelta	turn around	dev
it is very expensive	es muy caro	es muy caro	it is very expensive|its very expensive	dev
he speaks arabic	él habla árabe	él habla árabe	he speaks arabic	dev
its started again	ha vuelto a empezar	ha vuelto a empezar|volvió a empezar	its started again	dev
ive got two books	tengo dos libros	tengo dos libros	i have two books|ive got two books	dev
you know people	tú conoces gente	tú conoces gente	you know people	dev
tom is right here	tom está justo aquí	tom está justo aquí	tom is right here	dev
ill keep in touch	estaré en contacto	estaré en contacto	ill keep in touch	dev
im so confused	estoy muy confundida	estoy muy confundida	im so confused|im very confused	dev
i hated tom	yo odiaba a tom	yo odiaba a tom	i hated tom	dev
our teacher is tired	nuestro profesor está cansado	nuestra profesora está cansada|nuestro profesor está cansado	our teacher is tired	dev
count on it	cuenta con eso	cuenta con eso	count on it	dev
i met nice people	conocí gente buena	conocí gente buena	i met nice people	dev
ive found it	lo he encontrado	lo he encontrado	ive found it	dev
we helped her	la ayudamos	la ayudamos|nosotras la ayudamos|nosotros la ayudamos	we helped her	dev
its interesting	es interesante	es interesante	its interesting	dev
im a bad boy	soy un niño malo	soy un niño malo	im a bad boy	dev
he was speaking	él estaba hablando	él estaba hablando	he was speaking	dev
later	después	después|luego|más tarde	later	dev
i am old	estoy viejo	estoy viejo	i am old	dev
this was a mistake	esto fue un error	esto fue un error	this was a mistake	dev
youre my son	eres mi hijo	eres mi hijo|sos mi hijo	youre my son	dev
theyre here	aquí están	aquí están|están aquí	theyre here	dev
the students have returned	los estudiantes han vuelto	los estudiantes han vuelto	the students have returned	dev
i see tom	veo a tom	veo a tom	i see tom	dev
we are crying	estamos llorando	estamos llorando	we are crying	dev
its still light out	todavía hay luz afuera	todavía hay luz afuera	its still light out	dev
i forgot his address	he olvidado su dirección	he olvidado su dirección|olvidé su dirección	i forgot his address	dev
i am waiting	estoy esperando	estoy esperando	i am waiting|im waiting	dev
she has blue eyes	tiene ojos azules	tiene ojos azules	he has blue eyes|she has blue eyes	dev
take it	¡ cógelo !	cógelo|¡ cógelo !	take it|take it !	dev
i am better	estoy mejor	estoy mejor|soy mejor	i am better	dev
tom can see this	tom puede ver esto	tom puede ver esto	tom can see this	dev
its work	es mi trabajo	es mi trabajo	its my job|its work	dev
she needed the money	ella necesitaba el dinero	ella necesitaba el dinero	she needed the money	dev
you speak my language	hablas mi lengua	hablas mi lengua	you speak my language	dev
tom didnt help me	tom no me ayudó	tom no me ayudó	tom didnt help me	dev
its not the answer	no es la respuesta	no es la respuesta	its not the answer	dev
im already so late	ya voy muy tarde	ya voy muy tarde	im already so late	dev
leave it	déjalo	déjalo	forget it|give it up|just leave it|leave it	dev
i like your cat	me gusta su gato	me gusta su gato	i like her cat|i like his cat|i like your cat	dev
i brought wine	traje vino	traje vino	i brought wine	dev
tom is in bed	tom está en cama	tom está en cama	tom is in bed	dev
i can be reasonable	yo puedo ser razonable	yo puedo ser razonable	i can be reasonable	dev
tom is over there	tom está allí	tom está allí	tom is over there|toms in there	dev
theyre brothers	ellos son hermanos	ellos son hermanos	they are brothers|theyre brothers	dev
those are mine	esos son míos	esos son míos	those are mine	dev
were still looking	todavía estamos buscando	todavía estamos buscando	were still looking	dev
the answer is right	la respuesta es correcta	la respuesta es correcta	the answer is right	dev
you guys wait here	ustedes esperen aquí	ustedes esperen aquí	you guys wait here	dev
does this hurt ?	¿ duele esto ?	¿ duele esto ?	does this hurt ?	dev
satisfied he smiled	contento él sonrió	contento él sonrió	pleased he smiled|satisfied he smiled	dev
im new at this	soy nuevo en esto	soy nuevo en esto	im new at this	dev
tom doesnt drink	tom no bebe	tom no bebe	tom doesnt drink	dev
i dont blame her	no la culpo	no la culpo	i dont blame her	dev
lets see !	¡ veamos !	¡ veamos !	lets see !	dev
lets speak in french	hablemos en francés	hablemos en francés	lets speak in french	dev
tom fired once	tom disparó una vez	tom disparó una vez	tom fired once	dev
i dont understand	no entiendo	no comprendo|no entiendo	i do not understand|i dont get it|i dont understand	dev
your friend is here	tu amiga está aquí	tu amiga está aquí|tu amigo está aquí	your friend is here	dev
see you later	nos estamos viendo	nos estamos viendo	see you later	dev
come here boy	ven aquí muchacho	ven acá muchacho|ven aquí muchacho	come here boy	dev
she kissed him	ella le besó	ella le besó|ella lo besó	she kissed him	dev
she is alive !	¡ está viva !	¡ está viva !	she is alive !|shes alive !	dev
its still possible	todavía es posible	todavía es posible	its still possible	dev
ive seen them	los vi	los he visto|los vi	ive seen them	dev
theyre there	ellos están allí	ellos están allí|están allí	theyre there	dev
tom lost his voice	tom perdió su voz	tom perdió la voz|tom perdió su voz	tom lost his voice	dev
he knows this	él lo sabe	él lo sabe	he knows this	dev
dont talk	no hables	no hables	dont speak|dont talk	dev
the cat is small	el gato es pequeño	el gato es pequeño	the cat is small	dev
tom doesnt do that	tom no hace eso	tom no hace eso	tom doesnt do that	dev
hes writing	él está escribiendo	él está escribiendo	hes writing	dev
theyre alone	están solos	están solos	theyre alone	dev
that makes me happy	eso me hace feliz	eso me hace feliz	that makes me happy	dev
i killed them both	los maté a ambos	los maté a ambos	i killed them both	dev
that was really sweet	dulces palabras	dulces palabras	that was really sweet	dev
i is an other	yo es otro	yo es otro	i is an other	dev
i want a lot	quiero muchas cosas	quiero muchas cosas	i want a lot|i want many things	dev
please stop	párate un momento	párate un momento	please stop	dev
i love the sun	amo el sol	amo el sol|me gusta el sol	i love the sun	dev
i dont need it	no lo necesito	no lo necesito	i dont need it	dev
ill read it	lo voy a leer	lo voy a leer	ill read it	dev
good morning everyone	buenos días a todos	buenos días a todos	good morning everybody|good morning everyone	dev
im so hungry	estoy tan hambriento	estoy tan hambriento	im so hungry	dev
can i help ?	¿ puedo ayudar ?	¿ puedo ayudar ?	can i help ?	dev
my family loved her	mi familia la amaba	mi familia la amaba	my family loved her	dev
youre to blame	la culpa es tuya	la culpa es tuya	you are to blame|youre to blame	dev
are you ok ?	¿ estás bien ?	¿ estás bien ?	are you ok ?|are you okay ?|are you well ?|you all right ?	dev
its a sure thing	es seguro	es seguro	its a sure thing	dev
please wait	espera un momento	espera un momento	please wait|wait a moment	dev
thats his house	esa es su casa	esa es su casa	that is her house|thats his house	dev
were you busy ?	¿ estabas ocupada ?	¿ estabas ocupada ?|¿ estabas ocupado ?	were you busy ?	dev
we know youre busy	sabemos que estás ocupado	sabemos que estás ocupado	we know youre busy	dev
this car is black	este coche es negro	este coche es negro	this car is black	dev
he doesnt want it	él no la quiere	él no la quiere|él no lo quiere	he doesnt want it	dev
shes my sister	es mi hermana	ella es mi hermana|es mi hermana	shes my sister	dev
dogs are white	los perros son blancos	los perros son blancos	dogs are white	dev
he has green eyes	él tiene ojos verdes	tiene ojos verdes|él tiene ojos verdes	he has green eyes	dev
were almost there	ya casi estamos	ya casi estamos|ya casi llegamos|ya casi llegamos allí	were almost there	dev
he has enough money	él tiene suficiente dinero	él tiene suficiente dinero	he has enough money	dev
i didnt know that	yo no sabía eso	no lo sabía|no sabía eso|yo no sabía eso	i didnt know that	dev
mary found one	maría encontró uno	maría encontró uno	mary found one	dev
this is our fault	es culpa nuestra	es culpa nuestra	its our fault|this is our fault	dev
i love your car	me encanta tu coche	me encanta tu coche|me gusta tu coche	i love your car	dev
go away	¡ largo !	váyase|¡ largo !|¡ lárgate !|¡ vete ya !|¡ órale !	get away !|get lost !|go away|go away !	dev
im not dumb	no soy estúpido	no soy estúpido	i am not stupid|im not dumb	dev
i felt that	sentí eso	sentí eso	i felt that	dev
tom teaches me french	tom me enseña francés	tom me enseña francés	tom teaches me french	dev
everybody has to eat	todos tienen que comer	todos tienen que comer	everybody has to eat	dev
he is always reading	siempre está leyendo	siempre está leyendo	he is always reading	dev
are they sisters ?	¿ son hermanas ?	¿ son hermanas ?	are they sisters ?|are you sisters ?	dev
he can speak japanese	él sabe hablar japonés	él sabe hablar japonés	he can speak japanese	dev
come	venid	venid	come	dev
no one knew it	nadie lo sabía	nadie lo sabía	no one knew it|nobody knew	dev
never let me go	nunca me dejes ir	nunca me dejes ir	never let me go	dev
thats tom	ése es tom	ése es tom	thats tom	dev
i was having lunch	estaba almorzando	estaba almorzando	i was having lunch	dev
its over	se terminó	se acabó|se terminó	its over	dev
he lives close by	él vive cerca	él vive cerca	he lives close by	dev
tom lost mary	tom perdió a mary	tom perdió a mary	tom lost mary	dev
tom sounds worried	tom parece preocupado	tom parece preocupado	tom sounds worried	dev
tom is still young	tomás todavía es joven	tomás todavía es joven	tom is still young	dev
i felt completely happy	me sentía completamente feliz	me sentía completamente feliz	i felt completely happy	dev
maybe tom was lucky	quizá tom tuvo suerte	quizá tom tuvo suerte	maybe tom was lucky	dev
youve got nothing	no tienes nada	no tenés nada|no tienes nada	youve got nothing	dev
youre an idiot	eres idiota	eres idiota|sos un idiota|¡ eres idiota !	youre an idiot	dev
they made us pay	ellos nos hicieron pagar	ellos nos hicieron pagar	they made us pay	dev
theyre running late	se les hizo tarde	ellos van tarde|se les hizo tarde	theyre running late	dev
australia is no different	australia no es diferente	australia no es diferente	australia is no different	dev
give me your knife	dame tu cuchillo	dame tu cuchillo	give me your knife	dev
it wouldnt be fair	no sería lo correcto	no sería justo|no sería lo correcto	it wouldnt be fair	dev
you shouldnt be here	no deberías estar aquí	no deberías estar aquí	you shouldnt be here	dev
youre really too kind	realmente eres demasiado amable	realmente eres demasiado amable	youre really too kind	dev
i dont mind waiting	no me importa esperar	no me importa esperar	i dont mind waiting	dev
she is not there	no está ahí	no está ahí	he is not there|she is not there|she isnt there	dev
sure !	¡ claro !	¡ claro !|¡ desde luego !|¡ pues claro !	sure !	dev
tom is shy	tom es tímido	tom es tímido	tom is shy|toms shy	dev
i like working	me gusta trabajar	me gusta trabajar	i like to work|i like working	dev
she has few friends	ella tiene pocos amigos	ella tiene pocos amigos	she has few friends	dev
tom is happy now	tom es feliz ahora	tom es feliz ahora	tom is happy now	dev
they cannot stop it	ellos no pueden detenerlo	ellos no pueden detenerlo	they cannot stop it|they cant stop it	dev
weve already met	ya nos conocemos	ya nos conocemos	weve already met	dev
he arrived in time	él llegó a tiempo	él llegó a tiempo	he arrived in time	dev
write this in english	escribe esto en inglés	escribe esto en inglés	write this in english|write this is english	dev
that might help	eso podría ayudar	eso podría ayudar	that might help	dev
i am very sad	estoy muy triste	estoy muy triste	i am very sad|im very sad	dev
tom opened a window	tom abrió una ventana	tom abrió una ventana	tom opened a window	dev
you may return	quizá vuelva	puede que vuelva|quizá vuelva	he may come back|he may return|he might come back|he might return|it may come back|it may return|it might come back|it might return|she may come back|she may return|she might come back|she might return|you may come back|you may return|you might come back|you might return	dev
he isnt at home	no está en casa	no está en casa	he isnt at home|hes not home|hes not in	dev
i am singing	estoy cantando	estoy cantando	i am singing	dev
every apple is red	cada manzana es roja	cada manzana es roja	every apple is red	dev
my italian is terrible	mi italiano es terrible	mi italiano es terrible	my italian is terrible	dev
i love being here	me encanta estar aquí	da gusto estar aquí|me encanta estar aquí	i love being here	dev
we dont drink milk	no bebemos leche	no bebemos leche|nosotras no bebemos leche|nosotros no bebemos leche	we dont drink milk	dev
tom drove the car	tom condujo el coche	tom condujo el coche	tom drove the car	dev
its raining today	hoy está lloviendo	hoy está lloviendo	its raining today	dev
please be patient	por favor ten paciencia	por favor ten paciencia|por favor tenga paciencia	please be patient	dev
tom called you	tom te llamó	tom te llamó	tom called you	dev
im thinking about it	estoy pensando en ello	estoy pensando en ello	im thinking about it|im thinking about that	dev
sing along	canta	canta	sing along	dev
she gave up smoking	dejó de fumar	dejó de fumar|ella dejó de fumar	she gave up smoking|she stopped smoking	dev
im tired	¡ estoy cansado !	estoy cansada|estoy cansado|yo estoy cansada|yo estoy cansado|¡ estoy cansado !	i am tired|i am tired !|im tired|im tired !	dev
its my fault	la culpa es mía	la culpa es mía	i am to blame|it is my fault|its my fault|the fault is mine	dev
lets just begin	entonces comencemos	entonces comencemos	lets just begin	dev
theres one small problem	hay un pequeño problema	hay un pequeño problema	theres one small problem	dev
does it hurt ?	¿ duele ?	¿ duele ?	does it hurt ?	dev
the food is ready	la comida está lista	la comida está lista	dinner is ready|the food is ready	dev
he left just now	él acaba de salir	se acaba de ir|él acaba de salir	he left just now	dev
i want another beer	quiero otra cerveza	quiero otra cerveza|quiero una cerveza más	i want another beer|id like another beer	dev
tom seems bored	tom parece estar aburrido	tom parece estar aburrido|tom se ve aburrido	tom looks bored|tom seems bored	dev
i slept a lot	yo dormí bastante	dormí mucho|yo dormí bastante	i slept a lot	dev
they are very old	ellos son muy viejos	ellos son muy viejos	they are very old	dev
thanks a lot !	¡ muchas gracias !	¡ muchas gracias !	many thanks|thanks a lot !	dev
her father died	su padre murió	su padre murió	her father died	dev
i am joking	estoy jodiendo	estoy bromeando|estoy jodiendo	i am joking|im kidding	dev
keep running	sigan corriendo	seguí corriendo|siga corriendo|sigan corriendo|sigue corriendo	keep running	dev
another world is possible	otro mundo es posible	otro mundo es posible	another world is possible	dev
believe in yourself	cree en ti mismo	cree en ti mismo	believe in yourself	dev
im a person	soy una persona	soy una persona	i am a man|im a person	dev
call your sisters	llama a tus hermanas	llama a tus hermanas	call your sisters	dev
i cant eat	no puedo comer	no puedo comer	i cant eat	dev
he likes girls	le gustan las chicas	le gustan las chicas	he likes girls|she likes girls	dev
ill be right outside	estaré afuera	estaré afuera	ill be right outside	dev
i hate it	me la baja	lo odio|me la baja	i hate it	dev
nothing is free	nada es gratis	nada es gratis|no hay nada gratis	nothing is free	dev
shes still single	ella todavía es soltera	ella todavía es soltera	shes still single	dev
out !	¡ fuera !	¡ fuera !|¡ vete !	get away !|get lost !|get out !|go !|out !	dev
you can rest	podés descansar	podés descansar|puedes descansar	you can rest	dev
i like that job	me gusta ese trabajo	me gusta ese trabajo	i like that job	dev
i speak good japanese	hablo bien japonés	hablo bien japonés	i speak good japanese	dev
keep reading	sigue leyendo	siga leyendo|sigue leyendo	keep reading|read on	dev
i like tea	me gusta el té	me gusta el té	i like tea	dev
fine !	¡ bien !	¡ bien !	fine !	dev
theyre alive	están vivos	están vivos	theyre alive	dev
you guys havent eaten	no habéis comido	no habéis comido	you guys havent eaten|you havent eaten	dev
i want to play	quiero jugar	quiero jugar	i want to play	dev
it was pretty good	era bastante bueno	era bastante bueno	it was pretty good	dev
she looks happy	ella parece feliz	ella parece feliz|ella se ve feliz|parece feliz	she looks happy	dev
its raining again	vuelve a llover	está lloviendo otra vez|vuelve a llover	its raining again	dev
he sings very well	él canta muy bien	él canta muy bien	he sings very well	dev
were all students	todos somos estudiantes	todos somos estudiantes	were all students	dev
tom didnt ask	tom no preguntó	tom no preguntó	tom didnt ask	dev
please come over soon	por favor ven pronto	por favor ven pronto	please come over soon	dev
they live there	viven allá	ellos viven allí|viven allá	they live there	dev
thats how dogs are	así son los perros	así son los perros	thats how dogs are	dev
ive just had dinner	acabo de cenar	acabo de cenar	ive just had dinner	dev
it was really interesting	era realmente interesante	era realmente interesante	it was really interesting|that was really interesting	dev
are you there ?	¿ estás ?	¿ estás ?	are you there ?	dev
he has a son	él tiene un hijo	él tiene un hijo	he has a son	dev
he is nothing	él no es nada	él no es nada	he is nothing|hes nothing	dev
ive been seen	me vieron	me vieron	ive been seen|they saw me	dev
it was easy	fue fácil	era fácil|fue fácil	it was easy	dev
its absolutely ridiculous	es totalmente ridículo	es totalmente ridículo	its absolutely ridiculous	dev
tom was shy	tom era tímido	tom era tímido	tom was shy	dev
im afraid of you	tengo miedo de ti	tengo miedo de ti	im afraid of you	dev
welcome to my home	bienvenida a mi hogar	bienvenida a mi hogar	welcome to my home	dev
he runs fast	corre rápido	corre rápido	he runs fast	dev
i guess youre right	supongo que tienes razón	supongo que tienes razón	i guess youre right	dev
this fish is good	este pescado es bueno	este pescado es bueno	this fish is good	dev
come outside	sal fuera	sal fuera	come outside	dev
tom looks drunk	tom parece borracho	tom parece borracho	tom looks drunk	dev
the letter returned	la carta volvió	la carta volvió	the letter returned	dev
she abandoned me	ella me abandonó	ella me abandonó	she abandoned me	dev
tom is important	tom es importante	tom es importante	tom is important|toms important	dev
she is always smoking	ella siempre está fumando	ella siempre está fumando	she is always smoking	dev
youre a liar	sos un mentiroso	sos un mentiroso	you are a liar|youre a liar	dev
tom doesnt know that	tom no sabe eso	tom no sabe eso	tom doesnt know that	dev
please remember that	por favor recuerda eso	por favor recuerda eso	please remember that	dev
we are a family	somos una familia	somos una familia	we are a family|were a family	dev
im free	yo soy libre	yo soy libre	im free	dev
i had a dream	tuve un sueño	tuve un sueño	i had a dream	dev
she knows the truth	ella sabe la verdad	ella sabe la verdad	she knows the truth	dev
keep to the left	siga a la izquierda	siga a la izquierda|sigue hacia la izquierda	keep to the left	dev
raise your voice	levanta la voz	levanta la voz	raise your voice	dev
ill buy one	voy a comprar uno	voy a comprar uno	ill buy one	dev
i loved her	yo la amaba	la amaba|yo la amaba|yo la quería	i loved her	dev
i dont play baseball	no juego al béisbol	no juego al béisbol	i dont play baseball	dev
everybody likes him	todos lo quieren	todos lo quieren	everybody likes him|everyone likes him	dev
i loved that	eso me gustó	eso me gustaba|eso me gustó	i loved that	dev
its beautiful out	hace buen tiempo	hace buen tiempo	its beautiful out|its nice|the weather is good	dev
see for yourself	míralo tú mismo	míralo tú mismo	see for yourself	dev
i love you too	también te amo	también te amo|yo también te quiero	i love you too	dev
lets get started !	¡ empecemos !	¡ comencemos !|¡ empecemos !	lets begin|lets get started|lets get started !|lets start !	dev
yanni bought that	yanni compró eso	yanni compró eso	yanni bought that	dev
anyone could do that	cualquiera podría hacer eso	cualquiera podría hacer eso	anyone could do that	dev
it was warm today	hoy hizo calor	hoy hizo calor	it was warm today|today was warm	dev
i was an idiot	fui un idiota	era un idiota|era una idiota|fui un idiota|fui una idiota	i was an idiot	dev
wait for mary	espera a maría	espera a maría|espera por mary	wait for mary	dev
i stopped smoking	dejé de fumar	dejé de fumar	i quit smoking|i stopped smoking	dev
tatoeba is a dictionary	tatoeba es un diccionario	tatoeba es un diccionario	tatoeba is a dictionary	dev
i want your respect	quiero tu respeto	quiero su respeto|quiero tu respeto|quiero vuestro respeto|yo quiero su respeto|yo quiero tu respeto|yo quiero vuestro respeto	i want your respect	dev
its all yours	es todo tuyo	es todo tuyo	its all yours	dev
he is intelligent	él es inteligente	es inteligente|él es inteligente	he is intelligent|he is smart|hes intelligent|hes smart	dev
youre crazy !	¡ estás loco !	¡ estás loco !	youre crazy !	dev
were going home	vamos a casa	vamos a casa	were going home	dev
i like the picture	me gusta la foto	me gusta la foto	i like the picture	dev
he told me everything	me lo dijo todo	me lo dijo todo	he told me everything	dev
finally !	¡ finalmente !	¡ finalmente !|¡ por fin !	finally !	dev
he came by car	vino en coche	vino en coche|él vino en carro	he came by car	dev
thats it	eso es	eso es	thats it|thats right	dev
tom wants to drink	tom quiere beber	tom quiere beber	tom wants to drink	dev
i bought many books	compré muchos libros	compré muchos libros	i bought many books	dev
everyone sings together	todos cantan juntos	todos cantan juntos	everyone sings together|they all sing together	dev
tom is a liar	tom es un mentiroso	tom es un mentiroso	tom is a liar	dev
im home tom	estoy en casa tom	estoy en casa tom	im home tom	dev
i cant stand up	no puedo pararme	no puedo pararme	i cant stand up	dev
is there any ?	¿ hay ?	¿ hay ?	is there any ?	dev
im going to wait	voy a esperar	voy a esperar	im going to wait	dev
you know the rules	ustedes conocen las reglas	ustedes conocen las reglas	you know the rules	dev
lets eat out	comamos fuera	comamos fuera	lets eat out	dev
shes a good person	es una buena persona	es una buena persona	hes a good person|shes a good person	dev
it was my decision	era mi decisión	era mi decisión|fue mi decisión	it was my decision	dev
i saw her yesterday	la vi ayer	la vi ayer	i saw her yesterday	dev
i was very hungry	tenía mucha hambre	tenía mucha hambre	i was really hungry|i was very hungry	dev
hurry up	¡ date prisa !	¡ date prisa !	hurry up	dev
it is already dark	ya está oscuro	ya está oscuro	it is already dark	dev
toms married	tom está casado	tom está casado	tom is married|toms married	dev
people want peace	la gente quiere paz	la gente quiere paz	people want peace	dev
the apple tastes sweet	la manzana sabe dulce	la manzana sabe dulce	the apple tastes sweet	dev
mary likes you	mary te quiere	mary te quiere	mary likes you	dev
ill do it myself	lo haré yo mismo	lo haré yo mismo	ill do it myself	dev
tom talked too much	tom habló demasiado	tom habló demasiado	tom talked too much	dev
today was warm	hoy hizo calor	hoy hizo calor	it was warm today|today was warm	dev
i lost my camera	perdí mi cámara	perdí mi cámara	i lost my camera	dev
im writing a book	estoy escribiendo un libro	estoy escribiendo un libro	im writing a book	dev
look im really busy	mira estoy muy ocupado	mira estoy muy ocupado	look im really busy	dev
i cant understand	no puedo entender	no puedo entender	i cant understand	dev
he is always smoking	siempre está fumando	siempre está fumando	he is always smoking	dev
i had some problems	tuve algunos problemas	tuve algunos problemas	i had some problems	dev
we must do more	tenemos que hacer más	tenemos que hacer más	we must do more	dev
but he was lucky	pero él tuvo suerte	pero él era afortunado|pero él tuvo suerte	but he was lucky	dev
doesnt anyone listen ?	¿ alguno escucha ?	¿ alguno escucha ?|¿ nadie escucha ?	doesnt anyone listen ?	dev
talk is cheap	hablar es gratis	hablar es gratis	talk is cheap	dev
he said trust me	dijo confía en mí	dijo confía en mí	he said trust me|she said trust me|trust me he said	dev
i have a computer	tengo un ordenador	tengo un ordenador	i have a computer	dev
yes so ?	sí ¿ y ?	sí ¿ y ?	yes so ?	dev
im sleeping	estoy durmiendo	estoy durmiendo	im sleeping	dev
i have two books	tengo dos libros	tengo dos libros	i have two books|ive got two books	dev
people are funny	la gente es ridícula	la gente es ridícula	people are funny	dev
im looking for tom	estoy buscando a tom	estoy buscando a tom	im looking for tom	dev
its warm in here	hace calor aquí	hace calor aquí	its hot here|its hot in here|its warm in here	dev
lets be happy	seamos felices	seamos felices	lets be happy	dev
thats my boy	ése es mi chico	ése es mi chico	thats my boy	dev
im angry at you	estoy enojada contigo	estoy enojada contigo|estoy enojado contigo	im angry at you|im angry with you	dev
ive been watching	he estado mirando	he estado mirando	ive been watching	dev
lets eat first	primero comamos	primero comamos	lets eat first	dev
i hate his parents	odio a sus padres	odio a sus padres	i hate her parents|i hate his parents	dev
it is new	es nuevo	es nuevo	it is new|its new|thats new	dev
he made it	lo hizo	lo hizo|lo hizo él	he made it	dev
have another	tome otra	toma otra|toma otro|tome otra|tome otro	have another	dev
were studying music	nosotros estudiamos música	nosotros estudiamos música	we study music|were studying music	dev
youve found something	has encontrado algo	has encontrado algo	youve found something	dev
she ate her dinner	ella comió su cena	ella comió su cena	she ate her dinner	dev
he is getting old	se está haciendo viejo	se está haciendo viejo	he is getting old	dev
i dont do anything	no hago nada	no estoy haciendo nada|no hago nada	i do nothing|i dont do anything	dev
he cant sing well	él no canta bien	él no canta bien	he cannot sing well|he cant sing well|he doesnt sing well	dev
i feel hungry	¡ tengo hambre !	me pica el bagre|¡ tengo hambre !	i am hungry|i am hungry !|i feel hungry|im hungry !	dev
tom is probably asleep	tom probablemente está dormido	tom probablemente está dormido	tom is probably asleep	dev
ive heard that	lo he oído	lo he oído|oí eso	ive heard that	dev
read on	sigue leyendo	siga leyendo|sigue leyendo	keep reading|read on	dev
its a beautiful day	es un día hermoso	es un día hermoso	its a beautiful day	dev
he is my brother	es mi hermano	es mi hermano|él es mi hermano	he is my brother	dev
paper is white	el papel es blanco	el papel es blanco	paper is white|the paper is white	dev
its ok to cry	está bien llorar	está bien llorar	its ok to cry	dev
were you shot ?	¿ te dispararon ?	¿ te dispararon ?	were you shot ?	dev
toms already here	ya está aquí tom	ya está aquí tom	tom is already here|toms already here	dev
now i speak	ahora hablo yo	ahora hablo yo	now i speak	dev
i saw something terrible	vi algo terrible	vi algo terrible	i saw something terrible	dev
he asked for money	pidió dinero	pidió dinero	he asked for money	dev
everybody hates them	todos los odian	todos los odian	everybody hates them	dev
its green	está verde	es verde|está verde	its green	dev
youre weak	estás débil	estás débil	youre weak	dev
tom saw us	tom nos vio	tom nos vio	tom saw us	dev
revenge is sweet	la venganza es dulce	la venganza es dulce	revenge is sweet	dev
she is swimming	ella está nadando	ella está nadando	she is swimming	dev
the water is beautiful	el agua es hermosa	el agua es bella|el agua es hermosa|el agua es linda	the water is beautiful	dev
theyre already dead	ya están muertos	ya están muertos	theyre already dead	dev
i know this	sé esto	conozco esto|esto lo sé|sé esto	i know this	dev
its not ready yet	todavía no está listo	todavía no está listo	its not ready yet	dev
are they brothers ?	¿ son hermanos ?	¿ son hermanos ?	are they brothers ?|are you brothers ?	dev
its my book	es mi libro	es mi libro	its my book	dev
well meet again	nos encontraremos otra vez	nos encontraremos otra vez	we will meet again|well meet again	dev
im not dying	no me estoy muriendo	no me estoy muriendo	im not dying	dev
your answer is correct	su respuesta es correcta	su respuesta es correcta|tu respuesta es correcta	your answer is correct|your answer is right	dev
there you go again	ahí vas otra vez	ahí vas otra vez|ya estás otra vez	there you go again	dev
were not friends	no somos amigos	no somos amigos	we arent friends|were not friends	dev
tom didnt want that	tom no quería eso	tom no quería eso	tom didnt want that	dev
they are running now	ahora están corriendo	ahora están corriendo	they are running now	dev
shes a girl	es una niña	es una niña	she is a girl|shes a girl	dev
he lost face	él quedó mal	él quedó mal	he lost face	dev
fix this	arregla esto	arregla esto	fix this	dev
hang on !	¡ un segundo !	¡ espera !|¡ un segundo !	hang on !	dev
tom lied to you	tom te mintió	tom te mintió	tom lied to you	dev
tom was very shy	tom era muy tímido	tom era muy tímido	tom was very shy	dev
i have a problem	tengo un problema	tengo un problema	i have a problem	dev
tom needs money	tom necesita dinero	tom necesita dinero	tom needs money	dev
food is good	la comida es buena	la comida es buena	food is good	dev
there isnt a cat	no hay un gato	no hay un gato	there isnt a cat	dev
it seems interesting	parece interesante	parece interesante	it seems interesting	dev
her name is mary	su nombre es mary	su nombre es mary	her name is mary	dev
tom was completely confused	tom estaba completamente confuso	tom estaba completamente confuso	tom was completely confused	dev
i am very tall	soy muy alto	soy muy alto	i am very tall	dev
i won again	gané otra vez	gané otra vez	i won again	dev
he will come	él vendrá	él vendrá	he will come	dev
i wrote to him	le escribí	le escribí	i wrote to him	dev
my place is here	mi lugar está aquí	mi lugar está aquí	my place is here	dev
youre making me sad	me estás poniendo triste	me estás poniendo triste	youre making me sad	dev
the tea is hot	el té está caliente	el té está caliente	the tea is hot	dev
i was here first	yo estaba aquí primero	yo estaba aquí antes|yo estaba aquí primero	i was here first	dev
dont be so angry	no estés tan enfadado	no estés tan enfadado	dont be so angry	dev
come soon	vuelve pronto	vuelve pronto	come back soon|come soon	dev
ive lost my umbrella	he perdido mi paraguas	he perdido mi paraguas	ive lost my umbrella	dev
i am very sorry	lo lamento mucho	lo lamento mucho	i am very sorry|im very sorry	dev
her parents hate him	sus padres lo odian	sus padres lo odian	her parents hate him|his parents hate him	dev
tom was waiting there	tom estaba esperando allí	tom estaba esperando allí	tom was waiting there	dev
you were brave	fuiste valiente	fuiste valiente	you were brave	dev
i hear that	yo escucho eso	yo escucho eso	i hear that	dev
he is very careful	él es muy cuidadoso	él es muy cuidadoso	he is very careful	dev
i said goodbye	dije que adiós	dije que adiós	i said goodbye	dev
do it right now	hazlo ya mismo	hazlo ahora mismo|hazlo ya mismo	do it right now|make it right now	dev
tom changed everything	tom cambió todo	tom cambió todo	tom changed everything	dev
its started snowing	ha empezado a nevar	ha empezado a nevar	its started snowing	dev
im working tomorrow	mañana trabajo	mañana trabajo	im working tomorrow	dev
the book is here	el libro está aquí	el libro está aquí	the book is here	dev
tom is extremely dangerous	tom es extremadamente peligroso	tom es extremadamente peligroso	tom is extremely dangerous	dev
tom was ok	tom estaba bien	tom estaba bien	tom was ok	dev
theyre drunk	ellos están borrachos	ellos están borrachos	theyre drunk	dev
tom talked about boston	tom habló sobre boston	tom habló sobre boston	tom talked about boston	dev
im through	he terminado	he terminado	im done|im through	dev
talk to tom	habla con tom	habla con tom	talk to tom	dev
she talks a lot	ella habla mucho	ella habla demasiado|ella habla mucho	she talks a lot|she talks so much	dev
you should apologize	deberías pedir disculpas	deberías pedir disculpas	you should apologize	dev
its me !	soy yo	soy yo	it is i|its me|its me !|thats me	dev
tom walked home	tom caminó a casa	tom caminó a casa	tom walked home	dev
i have no time	no tengo tiempo	no tengo tiempo	i dont have time|i have no time	dev
its not a secret	no es ningún secreto	no es ningún secreto	its no secret|its not a secret	dev
its his	es suyo	es suyo	its his|its yours	dev
youve been had	te han engañado	te han engañado	youve been had	dev
keep smiling	sigan sonriendo	continúa sonriendo|sigan sonriendo|sigue sonriendo	keep smiling	dev
weve seen tom	hemos visto a tom	hemos visto a tom	weve seen tom	dev
this is a car	esto es un coche	esto es un coche	this is a car	dev
he loves him	él lo ama	él lo ama	he loves him	dev
not my problem	no es mi problema	no es mi problema	not my problem|that isnt my problem	dev
i will say	yo diré	yo diré	i will say	dev
im lucky today	hoy tengo suerte	hoy es mi día|hoy tengo suerte	im lucky today	dev
i hear you clear	te escucho bien	te escucho bien	i hear you clear|i hear you well	dev
please let me sleep	dejame dormir por favor	dejame dormir por favor	please let me sleep	dev
nobody knows	nadie sabe	nadie sabe	no one knows|nobody knows	dev
i dont remember everyone	no recuerdo todos	no recuerdo todos	i dont remember everyone	dev
she was deeply moved	estaba profundamente emocionada	ella estaba profundamente emocionada|estaba profundamente emocionada	i was deeply moved|she was deeply moved	dev
lets have a try	probemos eso	probemos eso	lets have a try	dev
im nervous	estoy nervioso	estoy nervioso|yo estoy nervioso	im feeling nervous|im nervous	dev
ken looks happy	ken parece feliz	ken parece feliz	ken looks happy	dev
im not satisfied	yo no estoy contento	no estoy satisfecho|yo no estoy contento	im not satisfied	dev
i wrote that book	yo escribí ese libro	yo escribí ese libro	i wrote that book	dev
my cat is black	mi gato es negro	mi gato es negro	my cat is black	dev
what an idea !	¡ qué idea !	¡ qué idea !	what an idea !	dev
i didnt see anything	no vi nada	no he visto nada|no vi nada	i didnt see anything	dev
i want a book	quiero un libro	quiero un libro	i want a book	dev
we can do it	podemos hacerlo	podemos hacerlo	we can do it|we can do that	dev
i understand the problem	entiendo el problema	entiendo el problema	i understand the problem	dev
thats her	es ella	es ella	thats her	dev
i made that one	yo hice aquel	yo hice aquel	i made that one	dev
we must see tom	debemos ver a tom	debemos ver a tom	we must see tom	dev
im the new teacher	soy el nuevo profesor	soy el nuevo profesor	im the new teacher	dev
i havent seen anything	no he visto nada	no he visto nada	i didnt see anything|i havent seen anything	dev
he had already gone	él ya había ido	él ya había ido	he had already gone	dev
it comes after eating	viene después de comer	viene después de comer	it comes after eating	dev
i know youre confused	sé que estás confundido	sé que estás confundido	i know youre confused	dev
my french is terrible	mi francés es terrible	mi francés es terrible	my french is terrible	dev
we all speak french	todos hablamos francés	todos hablamos francés	we all speak french	dev
her parents loved me	sus padres me querían	sus padres me querían	her parents loved me	dev
im trapped in here	estoy atrapado aquí dentro	estoy atrapado aquí dentro	im trapped in here	dev
shes beautiful	ella es preciosa	ella es guapa|ella es preciosa|es guapa	she is beautiful|shes beautiful	dev
they were drinking	estaban bebiendo	estaban bebiendo	they were drinking	dev
she loves flowers	ama las flores	ama las flores|ella ama las flores	she loves flowers	dev
it might be expensive	podría estar caro	podría estar caro	it might be expensive	dev
keep on trying	siga intentando	siga intentando|sigue intentando	keep on trying	dev
i like her	ella me agrada	ella me agrada	i like her	dev
make some noise !	¡ haz ruido !	¡ haz ruido !	make some noise !	dev
he was very happy	él era muy feliz	él era muy feliz	he was very happy	dev
theyre married now	ahora ellos están casados	ahora ellos están casados	theyre married now	dev
its no big deal	nada grave	nada grave|no es muy importante	its no big deal	dev
the world speaks english	el mundo habla inglés	el mundo habla inglés	the world speaks english	dev
they went to boston	fueron a boston	fueron a boston	they went to boston	dev
i love my friends	amo a mis amigas	amo a mis amigas|amo a mis amigos	i love my friends	dev
we heard her cry	la oímos llorar	la oímos llorar	we heard her cry	dev
tom slept last night	tom durmió anoche	tom durmió anoche	tom slept last night	dev
listen	escucha	escucha|escuche|escuchen	listen	dev
no one got hurt	nadie salió herido	nadie salió herido	no one got hurt	dev
thank god	gracias a dios	gracias a dios	thank god	dev
you cant walk	no puedes andar	no puedes andar	you cant walk	dev
im reading this book	estoy leyendo este libro	estoy leyendo este libro	im reading this book	dev
he seems ill	él se ve enfermo	él se ve enfermo	he seems ill|he seems sick	dev
she can speak russian	ella habla ruso	ella habla ruso|ella puede hablar ruso|ella sabe hablar ruso	she can speak russian|she speaks russian	dev
i prefer to read	prefiero leer	prefiero leer	i prefer reading|i prefer to read|id rather read	dev
i feel trapped	me siento atrapado	me siento atrapado	i feel trapped	dev
youre safe now	ahora están a salvo	ahora está a salvo|ahora estáis a salvo|ahora están a salvo|ahora estás a salvo	youre safe now	dev
wait !	¡ espera !	¡ espera !	hang on !|wait !	dev
you are drunk !	¡ estás borracho !	¡ estás borracho !	you are drunk !	dev
here try this	toma prueba esto	toma prueba esto	here try this	dev
look at that house	mira esa casa	mira aquella casa|mira esa casa	look at that house	dev
we got ready	estábamos listos	estábamos listos	we got ready	dev
even we are people	hasta nosotros somos personas	hasta nosotros somos personas	even we are people	dev
im very tired now	ahora estoy muy cansado	ahora estoy muy cansado	im very tired now	dev
this is so cool	es tan genial	es tan genial	this is so cool	dev
i saw everything	lo vi todo	lo vi todo	i saw everything	dev
i know its hot	sé que está caliente	sé que está caliente|sé que hace calor	i know its hot	dev
bring me the key	dame la llave	dame la llave	bring me the key|give me the key	dev
i love french	me encanta el francés	me encanta el francés	i love french	dev
this was our fault	esto fue nuestra culpa	esto fue nuestra culpa	this was our fault	dev
she likes snow	le gusta la nieve	le gusta la nieve	he likes snow|she likes snow	dev
its a great truth	es una gran verdad	es una gran verdad	its a great truth	dev
you werent that bad	no eras tan malo	no eras tan malo	you werent that bad	dev
ive lost my keys	he perdido mis llaves	he perdido mis llaves	i lost my keys|ive lost my keys	dev
love doesnt die	el amor no muere	el amor no muere	love doesnt die	dev
i have a knife	tengo un cuchillo	tengo un cuchillo	i have a knife	dev
hes crazy about you	está loco por ti	está loco por ti	hes crazy about you	dev
these books are yours	estos libros son tuyos	estos libros son tuyos	these books are yours	dev
of course you may	por supuesto adelante	por supuesto adelante	of course you may	dev
she returned to japan	ella volvió a japón	ella volvió a japón	she returned to japan	dev
its very clean	está muy limpio	está muy limpio	hes very clean|its very clean|shes very clean|youre very clean	dev
im writing a letter	estoy escribiendo una carta	estoy escribiendo una carta	im writing a letter	dev
now be patient	ahora ten paciencia	ahora ten paciencia	now be patient	dev
i had to work	tuve que trabajar	tuve que trabajar	i had to work	dev
youre completely right	tienes toda la razón	tienes toda la razón	you are absolutely correct|you are absolutely right|you are completely right|youre absolutely correct|youre absolutely right !|youre completely right	dev
the chicken was dry	el pollo estaba seco	el pollo estaba seco	the chicken was dry	dev
he came back soon	él volvió enseguida	él volvió enseguida	he came back soon	dev
i need an apple	necesito una manzana	necesito una manzana	i need an apple	dev
she has three kids	tiene tres chicos	tiene tres chicos	she has three kids	dev
ill come back monday	volveré el lunes	volveré el lunes	ill come back monday	dev
i dont know you	no le conozco	no le conozco|no les conozco|no os conozco|no te conozco	i dont know him|i dont know you	dev
are you drunk ?	¿ estás borracho ?	¿ estás borracho ?	are you drunk ?	dev
after you	después de ti	después de ti|después de usted|después de vosotras|tú primero|usted primero	after you	dev
absolutely impossible	absolutamente imposible	absolutamente imposible	absolutely impossible	dev
the telephone is ringing	suena el teléfono	el teléfono está sonando|suena el teléfono	the telephone is ringing	dev
they wont come back	no van a volver	no van a volver	they wont come back|theyre not coming back	dev
they need a doctor	necesitan un médico	necesitan un médico	they need a doctor	dev
he plays there	él juega allí	él juega allí	he plays there	dev
now its serious	ahora se puso serio	ahora se puso serio	now its serious	dev
shes hot	está como un tren	está buena|está como un tren	shes hot	dev
dont speak for me	no hable por mí	no hable por mí	dont speak for me	dev
mary is his girlfriend	mary es su novia	mary es su novia	mary is his girlfriend	dev
its absolutely impossible	es absolutamente imposible	es absolutamente imposible	it is absolutely impossible|its absolutely impossible	dev
money does not smell	el dinero no huele	el dinero no huele	money does not smell	dev
speak slowly !	¡ hable lentamente !	¡ hable lentamente !	speak slowly !	dev
we saw you	te vimos	te vimos	we saw you	dev
nothing has changed	nada ha cambiado	nada ha cambiado|no ha cambiado nada	nothing has changed	dev
theyre eating apples	están comiendo manzanas	están comiendo manzanas	theyre eating apples	dev
be calm	mantente en calma	mantente en calma	be calm	dev
let me help	déjame ayudar	déjame ayudar|déjame ayudarte	let me help	dev
i have to learn	tengo que aprender	tengo que aprender	i have to learn	dev
well walk	nos vamos a caminar	nos vamos a caminar	well walk	dev
theyre going to sleep	van a dormir	van a dormir	theyre going to sleep	dev
its cold outside	hace frío afuera	hace frío afuera	it is cold outside|its cold outside	dev
dont you lie !	no mientas	no mientas	dont tell lies|dont you lie !	dev
tom seems happy	tom se ve feliz	tom se ve feliz	tom seems happy	dev
find a good job	busca un buen trabajo	busca un buen trabajo	find a good job	dev
take mine	coge el mío	coge el mío|toma el mío	take mine	dev
everything went black	todo se volvió negro	todo se volvió negro	everything went black	dev
ill call him later	le llamaré más tarde	le llamaré más tarde	ill call him later	dev
you have three problems	tienes tres problemas	tienes tres problemas	you have three problems	dev
be reasonable	sea razonable	sea razonable|sé razonable	be reasonable	dev
hes eating lunch now	él está almorzando ahora	él está almorzando ahora	hes eating lunch now	dev
everything is clear	todo está claro	todo está claro	everything is clear	dev
this is from australia	esto es de australia	esto es de australia	this is from australia	dev
hes prepared	está preparado	está preparado	hes prepared|shes prepared|youre prepared	dev
he needs an umbrella	él necesita un paraguas	él necesita un paraguas	he needs an umbrella	dev
they look happy	parecen felices	parecen felices|se ven felices	they look happy|they seem happy	dev
dont let him swim	no le dejes nadar	no le dejes nadar	dont let him swim	dev
youre free to leave	eres libre de irte	eres libre de irte	youre free to leave	dev
ill be in boston	estaré en boston	estaré en boston	ill be in boston	dev
the problem is his	el problema es suyo	el problema es suyo	the problem is his	dev
youre invited	estás invitado	estás invitado	youre invited	dev
i dont want to	no quiero	no quiero	i dont want to	dev
i just need time	solo necesito tiempo	solo necesito tiempo	i just need time	dev
it gets worse	se pone peor	se pone peor	it gets worse	dev
she wanted to understand	ella lo quería entender	ella lo quería entender	she wanted to understand	dev
its very hot here	hace mucho calor aquí	hace mucho calor aquí	its very hot here	dev
tom wants to go	tom quiere ir	tom quiere ir	tom wants to go	dev
im a bit busy	estoy un poco ocupada	estoy un poco ocupada	im a bit busy	dev
keep the change	quédese con el cambio	quédese con el cambio	keep the change	dev
this is big	esto es grande	esto es grande	this is big	dev
now you try	ahora prueba tú	ahora inténtalo tú|ahora prueba tú	now you try	dev
follow your dreams	sigue tus sueños	seguí tus sueños|sigue tus sueños	follow your dreams	dev
can we talk ?	¿ podemos hablar ?	¿ podemos hablar ?	can we talk ?	dev
you look happy today	hoy pareces feliz	hoy pareces feliz	you look happy today	dev
stay close	mantente cerca	mantente cerca	stay close	dev
were you alone ?	¿ estabas sola ?	¿ estabas sola ?|¿ estabas solo ?	were you alone ?	dev
tom has a secret	tom guarda un secreto	tom guarda un secreto	tom has a secret	dev
youre ok	estás perfectamente	estás perfectamente|tú estás perfectamente	youre ok	dev
i know all that	yo sé todo eso	sé todo eso|yo sé todo eso	i know all that	dev
i made my decision	tomé mi decisión	tomé mi decisión|tomé una decisión	i made my decision|ive made my decision	dev
that doesnt matter	eso no importa	eso no importa	it doesnt matter|that doesnt matter	dev
i must come in	debo entrar	debo entrar	i must come in|i must get in|i must go in	dev
tom started singing	tomás empezó a cantar	tomás empezó a cantar	tom started singing	dev
my telephone is pretty	mi teléfono es bonito	mi teléfono es bonito	my phone is beautiful|my telephone is pretty	dev
get your things	coge tus cosas	coge tus cosas	get your things	dev
do it by yourself	hazlo por ti mismo	hazlo por ti mismo	do it by yourself	dev
i love it !	¡ lo adoro !	¡ lo adoro !	i love it !	dev
you are very intelligent	son muy inteligentes	eres muy inteligente|son muy inteligentes|sos muy inteligente	you are very intelligent|you are very smart|youre very clever|youre very intelligent|youre very smart	dev
learn !	¡ aprende !	¡ aprende !	learn !	dev
shes your friend	es tu novia	ella es tu novia|es tu novia	shes your friend	dev
i dont speak russian	no hablo ruso	no hablo ruso	i dont speak russian	dev
its now my turn	ahora es mi turno	ahora es mi turno	its now my turn|now its my turn	dev
i love this car	amo este auto	amo este auto	i love this car	dev
im next	me toca a mí	me toca a mí	im next	dev
weve been there	hemos estado allí	hemos estado allí	weve been there	dev
look away	mira para otro lado	mira para otro lado|mire para otro lado|miren para otro lado|mirá para otro lado	look away	dev
that is my dog	ese es mi perro	ese es mi perro	that is my dog|thats my dog|this is my dog	dev
somebody is eating	alguien está comiendo	alguien está comiendo	somebody is eating|someones eating	dev
i need you here	te necesito aquí	te necesito aquí	i need you here	dev
we can help you	podemos ayudarte	podemos ayudarte	we can help you	dev
we need help	necesitamos ayuda	necesitamos ayuda	we need help	dev
im patient	soy paciente	soy paciente	im a patient|im patient	dev
i dont remember	no me acuerdo	no me acuerdo	i cant remember|i dont remember	dev
youre not alone tom	no estás solo tom	no estás solo tom	youre not alone tom	dev
im leaving now	ya me voy	ya me voy	im leaving now	dev
i am watching television	estoy viendo la televisión	estoy viendo la televisión	i am watching television|i watch television	dev
i havent had time	no he tenido tiempo	no he tenido tiempo	i havent had time	dev
ill go to school	iré a la escuela	iré a la escuela	ill go to school	dev
of course ill go	por supuesto que iré	por supuesto que iré	of course ill go	dev
i read some books	leí algunos libros	leí algunos libros	i read some books	dev
i really like her	ella sí me gusta	ella sí me gusta	i really like her	dev
tom paid for everything	tomás lo pagó todo	tomás lo pagó todo	tom paid for everything	dev
everything happened too quickly	todo ocurrió demasiado deprisa	todo ocurrió demasiado deprisa|todo pasó demasiado rápido	everything happened too quickly	dev
i wanted to pay	quise pagar	quise pagar	i wanted to pay	dev
she did know	ella sí lo sabía	ella sí lo sabía	she did know	dev
bring me my clothes	tráeme mi ropa	tráeme mi ropa	bring me my clothes	dev
here is my bicycle	aquí está mi bicicleta	aquí está mi bicicleta	here is my bicycle	dev
he hugged her	él la abrazó	él la abrazó	he hugged her	dev
i wouldnt do it	yo no lo haría	yo no lo haría	i wouldnt do it	dev
its all your fault	es todo tu culpa	es todo tu culpa|todo es culpa tuya	its all your fault	dev
tom wants to learn	tom quiere aprender	tom quiere aprender	tom wants to learn	dev
tom forgot his glasses	tom olvidó sus gafas	tom olvidó sus gafas	tom forgot his glasses	dev
lets go together	vayamos juntos	vayamos juntos	lets go together	dev
tom doesnt know	tom no lo sabe	tom no lo sabe	tom doesnt know	dev
theres nobody there	no hay nadie ahí	no hay nadie ahí	theres nobody there	dev
are you john ?	¿ eres john ?	¿ eres john ?	are you john ?	dev
tom was drunk	tom estaba borracho	tom estaba borracho	tom was drunk	dev
tom is full	tom está satisfecho	tom está lleno|tom está satisfecho	tom is full	dev
well lets have lunch	bueno vamos a almorzar	bueno vamos a almorzar	well lets have lunch	dev
watch this	miren esto	mira esto|mirad esto|mire esto|miren esto|mirá esto	watch this	dev
i also think so	yo pienso igual	yo pienso igual|yo también lo creo	i also think so	dev
thank you for calling	gracias por llamar	gracias por llamar	thank you for calling|thanks for calling	dev
tom ate	tom comió	tom comió	tom ate	dev
i ate her	me la comí	me la comí	i ate her|i ate it	dev
im not that fast	no soy tan rápido	no soy tan rápido	im not that fast	dev
i eat to live	como para vivir	como para vivir	i eat to live	dev
i didnt quit	yo no lo dejé	yo no lo dejé	i didnt quit	dev
he doesnt sleep	no duerme	no duerme	he doesnt sleep	dev
sure right away	claro inmediatamente	claro inmediatamente	sure right away	dev
you arrived on time	llegaste a tiempo	llegaste a tiempo	you arrived on time|you got here early	dev
this watch is expensive	este reloj es caro	este reloj es caro	this watch is expensive	dev
you shouldnt smoke	no deberías fumar	no deberías fumar	you shouldnt smoke	dev
the cat is white	el gato es blanco	el gato es blanco	the cat is white	dev
its hard to explain	es difícil de explicar	es difícil de explicar	its hard to explain|thats difficult to explain	dev
only god knows	sólo dios sabe	sólo dios lo sabe|sólo dios sabe	only god knows	dev
this is my seat	este es mi asiento	este es mi asiento	this is my seat	dev
speak more slowly	hable más despacio	habla más despacio|hable más despacio	speak more slowly	dev
i trust him	yo confío en él	yo confío en él	i trust him	dev
im out of breath	estoy sin aliento	estoy sin aliento	im out of breath	dev
her heart is sick	su corazón está enfermo	su corazón está enfermo	her heart is sick|his heart is sick	dev
you were both drunk	ustedes dos estaban borrachos	ustedes dos estaban borrachos	you were both drunk	dev
tom works at home	tom trabaja desde casa	tom trabaja desde casa	tom works at home	dev
please come	ven por favor	ven por favor	please come	dev
it wasnt difficult	no fue difícil	no era difícil|no fue difícil	it wasnt difficult|it wasnt hard	dev
nobody wants it	nadie quiere eso	nadie lo quiere|nadie quiere eso	nobody wants it	dev
i want a dog	quiero un perro	quiero un perro	i want a dog	dev
everybody but john arrived	llegaron todos menos john	llegaron todos menos john	everybody but john arrived	dev
that sounds pretty stupid	suena bastante estúpido	suena bastante estúpido	that sounds pretty stupid|that sounds stupid	dev
is that okay ?	¿ está bien ?	¿ está bien ?	is he right ?|is that okay ?	dev
he didnt see anything	no vio nada	no vio nada	he didnt see anything	dev
tom isnt boring	tom no es aburrido	tom no es aburrido	tom isnt boring	dev
you are a woman	eres una mujer	eres una mujer	you are a woman|youre a woman	dev
your dog is here	tu perro esta acá	aquí está su perro|aquí está tu perro|tu perro esta acá|tu perro está aquí|vuestro perro está aquí	your dog is here	dev
open the window	abre la ventana	abre la ventana	open the window	dev
they love this song	les encanta esta canción	les encanta esta canción	they love this song	dev
look into my eyes	mírame a los ojos	mírame a los ojos	look into my eyes	dev
give me my bag	dame mi bolsa	dame mi bolsa	give me my bag	dev
that was really difficult	eso fue muy difícil	eso fue muy difícil	that was really difficult	dev
hello beautiful !	¡ hola guapa !	¡ hola guapa !	hello beautiful !	dev
theyre nice	están bien	están bien	theyre nice	dev
make another choice	haz otra elección	haz otra elección	make another choice	dev
he can come	él puede venir	él puede venir	he can come	dev
look at that	míralo	mira eso|míralo	look at him|look at it|look at that	dev
i can play tennis	sé jugar al tenis	sé jugar al tenis	i can play tennis	dev
i dont learn	no aprendo	no aprendo	i dont learn	dev
i always eat out	siempre como afuera	siempre como afuera	i always eat out	dev
my friend was shot	dispararon a mi amigo	dispararon a mi amigo	my friend was shot	dev
i talked to her	le hablé a ella	le hablé a ella	i talked to her	dev
tom drinks too much	tom toma mucho	tom bebe demasiado|tom toma mucho	tom drinks too much	dev
i see this	veo esto	veo esto	i see this	dev
tom writes slowly	tom escribe despacio	tom escribe despacio	tom writes slowly	dev
is that it ?	¿ es ese ?	¿ es ese ?	is that it ?	dev
tom was quite confused	tom estaba bastante confundido	tom estaba bastante confundido	tom was quite confused	dev
it rained hard yesterday	llovió duro ayer	llovió duro ayer	it rained hard yesterday	dev
lets take a train	vayamos en tren	vayamos en tren	lets take a train	dev
yesterday was hot	ayer hacía calor	ayer hacía calor|ayer hizo calor	it was hot yesterday|yesterday was hot	dev
she made me cry	ella me hizo llorar	ella me hizo llorar	she made me cry	dev
is it ours ?	¿ es nuestro ?	¿ es nuestra ?|¿ es nuestro ?	is it ours ?	dev
you might come back	quizá vuelva	quizá vuelva	he may come back|he may return|he might come back|he might return|it may come back|it may return|it might come back|it might return|she may come back|she may return|she might come back|she might return|you may come back|you may return|you might come back|you might return	dev
tom drives me crazy	tom me vuelve loca	tom me vuelve loca	tom drives me crazy	dev
i was late	llegué tarde	llegué tarde	i was late	dev
i made these	yo hice éstos	yo hice éstos|éstos los hice yo	i made these	dev
thats my cat	ése es mi gato	ése es mi gato	thats my cat|this is my cat	dev
ive lost count	perdí la cuenta	he perdido la cuenta|perdí la cuenta	i lost count|ive lost count	dev
my brothers !	¡ hermanos míos !	¡ hermanos míos !	my brothers !	dev
they were just playing	sólo estaban jugando	sólo estaban jugando	they were just playing|they were only playing	dev
tom was excited	tom estaba emocionado	tom estaba emocionado	tom was excited	dev
she likes attention	le gusta la atención	le gusta la atención	he likes attention|she likes attention	dev
ill go to boston	iré a boston	iré a boston	ill go to boston	dev
i ate	comí	comí|yo comí	i ate	dev
you are lying	ustedes están mintiendo	estás mintiendo|ustedes están mintiendo	you are lying|youre lying	dev
no problem	ningún problema	ningún problema	no problem	dev
i talked	hablé	hablé	i talked	dev
christmas is soon	pronto será navidad	pronto será navidad	christmas is coming|christmas is soon	dev
that is your book	es tu libro	es tu libro	its your book|that is your book	dev
ill call him	lo voy a llamar	lo llamaré|lo voy a llamar	ill call him	dev
correct !	¡ correcto !	¡ correcto !	correct !	dev
there comes the bus	ahí viene el bus	ahí viene el bus	there comes the bus	dev
im really excited	estoy realmente emocionada	estoy realmente emocionada	im really excited	dev
stop trying	deja de intentarlo	deja de intentarlo	stop trying	dev
its the correct answer	es la respuesta correcta	es la respuesta correcta	its the correct answer	dev
that was fast	eso fue rápido	eso fue rápido	that was fast	dev
shes looking at me	ella me está mirando	ella me está mirando	shes looking at me	dev
no one saw that	nadie vio eso	nadie vio eso	no one saw that	dev
we help tom	nosotros ayudamos a tom	ayudamos a tom|nosotros ayudamos a tom	we help tom|we helped tom	dev
i am your friend	soy tu amigo	soy tu amiga|soy tu amigo	i am your friend|im your friend	dev
tomorrow is christmas	mañana es navidad	mañana es navidad	tomorrow is christmas|tomorrow is christmas day	dev
its cold out there	hace frío allí afuera	hace frío allí afuera	its cold out there	dev
i need to rest	necesito descansar	necesito descansar	i need to rest	dev
she left the room	ella dejó la habitación	ella dejó la habitación	she left the room	dev
i began to cry	empecé a llorar	empecé a llorar	i began to cry|i started to cry	dev
you need this	lo necesita	lo necesita|necesitas esto	you need this	dev
thank you	¡ gracias !	gracias|gracias a ti|¡ gracias !	thank you|thank you !|thanks|thanks !	dev
tom will cry	tom va a llorar	tom va a llorar	tom will cry	dev
you have everything	tú lo tienes todo	tú lo tienes todo	you have everything	dev
her voice is better	su voz es mejor	su voz es mejor	her voice is better	dev
hes a good man	es un buen hombre	es un buen hombre	hes a good man	dev
please stay	por favor quédense	por favor quedate|por favor quédate|por favor quédense|por favor quédese	please stay	dev
tom wants revenge	tom quiere venganza	tom quiere venganza	tom wants revenge	train
i got it	lo tengo	lo tengo	i got it	train
its raining there	ahí está lloviendo	ahí está lloviendo|está lloviendo allá	its raining there	train
you should eat more	deberías comer más	deberías comer más	you should eat more	train
he closed the door	cerró la puerta	cerró la puerta	he closed the door	train
where are they ?	¿ dónde están ?	¿ dónde están ?	where are they ?|where are you ?	train
you have a telephone	tienes un teléfono	tienes un teléfono|usted tiene un teléfono	you have a telephone	train
tom didnt go there	tom no fue allá	tom no fue allá|tom no fue allí	tom didnt go there	train
he does run	él corre	él corre	he does run|he runs	train
she was already pregnant	ella ya estaba embarazada	ella ya estaba embarazada	she was already pregnant	train
its spring	estamos en primavera	estamos en primavera	its spring	train
were ok	estamos bien	estamos bien	were fine|were ok	train
he may come back	quizá vuelva	quizá vuelva	he may come back|he may return|he might come back|he might return|it may come back|it may return|it might come back|it might return|she may come back|she may return|she might come back|she might return|you may come back|you may return|you might come back|you might return	train
it looks like blood	parece sangre	parece sangre	it looks like blood	train
we were here yesterday	ayer estábamos aquí	ayer estábamos aquí	we were here yesterday	train
stop moving !	¡ quédate quieto !	¡ quieto ahí !|¡ quédate quieto !	stop moving !	train
get up	levántate	levanta|levántate	get up|stand up	train
ok	¡ órale !	bueno|¡ órale !	all right|come on|come on !|cool !|go away|go away !|great !|lets go|lets go !|ok|okay|sweet !|understood	train
these are my friends	estos son mis amigos	estas son mis amigas|estos son mis amigos	these are my friends	train
you arent funny	no sos gracioso	no sos gracioso	you arent funny	train
no one knows her	nadie la conoce	nadie la conoce	no one knows her	train
mary has already started	mary ya empezó	mary ya empezó|mary ya ha empezado	mary has already started	train
i dont like studying	no me gusta estudiar	no me gusta estudiar	i dont like studying	train
this sounds like french	esto suena a francés	esto suena a francés	this sounds like french	train
no one died	nadie murió	nadie murió|no murió nadie	no one died|nobody died	train
brothers !	¡ hermanos !	¡ hermanos !	brothers !	train
no one knows why	nadie sabe por qué	nadie sabe por qué	no one knows why|nobody knows why	train
be nice	sé agradable	sé agradable	be nice	train
im safe	estoy a salvo	estoy a salvo	im safe	train
its very sweet	es muy dulce	es muy dulce	hes very sweet|its very sweet	train
he is very brave	él es muy valiente	él es muy valiente	he is very brave	train
tom understood	tom entendió	tom entendió	tom understood	train
ill tell him that	le diré eso	le diré eso	ill tell him that	train
he is her friend	él es su amigo	él es su amigo	he is her friend|he is his friend|hes her friend	train
tom needs a doctor	tom necesita un médico	tom necesita un médico	tom needs a doctor	train
youll find a job	ya encontrarás un trabajo	encontrarás un empleo|ya encontrarás un trabajo	youll find a job	train
try some	prueba un poco	prueba un poco	try some	train
tom is from here	tomás es de aquí	tomás es de aquí	tom is from here	train
nothing	nada	nada	nothing|swim	train
all or nothing	o todo o nada	o todo o nada|todo o nada	all or nothing	train
sad	qué triste	qué triste	sad	train
nobody is perfect	nadie es perfecto	nadie es perfecto	nobody is perfect	train
someone called	ha llamado alguien	ha llamado alguien	someone called	train
choose one person	elige a una persona	elige a una persona	choose one person	train
were young	somos jóvenes	somos jóvenes	we are young|were young	train
i hate my computer	odio a mi computadora	odio a mi computadora	i hate my computer	train
it still works sometimes	todavía funciona a veces	todavía funciona a veces	it still works sometimes	train
maybe tom was studying	quizá tom estaba estudiando	quizá tom estaba estudiando	maybe tom was studying	train
is that clear ?	¿ está claro ?	¿ está claro ?	is it clear ?|is that clear ?	train
this book is new	este libro es nuevo	este libro es nuevo	this book is new|this books new	train
shes pretty	es guapa	ella es guapa|es guapa	she is beautiful|shes beautiful|shes nice|shes pretty	train
yes please	sí por favor	sí por favor	yes please	train
go home yanni	vete a casa yanni	vete a casa yanni	go home yanni	train
they also saw him	ellas también lo vieron	ellas también lo vieron	they also saw him|they also saw it	train
lets go by bus	vayamos en autobús	vayamos en autobús	lets go by bus	train
my horse is white	mi caballo es blanco	mi caballo es blanco	my horse is white	train
good morning coffee	buenos días café	buenos días café	good morning coffee	train
i understand youre scared	entiendo que esté asustado	entiendo que esté asustado|entiendo que estés asustado	i understand youre scared	train
you must go	tienes que ir	tienes que ir	you have to go|you must go	train
nobody believes in him	nadie cree en él	nadie cree en él	nobody believes in him	train
tom had no money	tom no tenía dinero	tom no tenía dinero	tom had no money	train
it was extremely weird	fue extremadamente extraño	fue extremadamente extraño|fue muy raro	it was extremely weird	train
they all speak french	todos ellos hablan francés	todos ellos hablan francés	they all speak french	train
its so wrong	está muy mal	está muy mal	its so wrong	train
its totally useless	es totalmente inútil	es totalmente inútil	its totally useless	train
tom youre useless	tom eres inútil	tom eres inútil	tom youre useless	train
i cut myself	me corto	me corto	i cut myself	train
tom teaches	tom enseña	tom enseña	tom teaches	train
youre my only friend	eres mi única amiga	eres mi única amiga	youre my only friend	train
please pay attention	por favor presta atención	por favor presta atención	please pay attention	train
i understand	lo entiendo	entiendo|lo entiendo	i get it|i understand|i understand it|i understand that	train
love and peace	amor y paz	amor y paz	love and peace	train
you can come together	ustedes pueden venir juntos	ustedes pueden venir juntos	you can come together	train
youre new here	usted es nuevo aquí	usted es nuevo aquí	youre new here	train
stop that woman	para a esa mujer	para a esa mujer	stop that woman	train
tom doesnt speak french	tom no habla francés	tom no habla francés	tom doesnt speak french	train
hes not going	él no va	él no va	hes not going	train
theyre interesting people	ellos son gente interesante	ellos son gente interesante	theyre interesting people	train
someone opened the window	alguien abrió la ventana	alguien abrió la ventana	someone opened the window	train
her father is tall	su padre es alto	su padre es alto	her father is tall|your father is tall	train
he drinks water	él bebe agua	bebe agua|él bebe agua	he drinks water	train
yes im thirsty	sí tengo sed	sí tengo sed	yes im thirsty	train
look for him	busca	busca	look|look for her|look for him|look for it	train
now try to sleep	ahora intenta dormir	ahora intenta dormir	now try to sleep	train
i go to work	voy al trabajo	voy a trabajar|voy al trabajo	i go to work	train
he has three brothers	él tiene tres hermanos	él tiene tres hermanos	he has three brothers	train
you speak too much	hablas de más	hablas de más|hablas demasiado	you speak too much	train
that was ours	eso era nuestro	eso era nuestro	that was ours	train
tom cannot drive	tom no sabe conducir	tom no sabe conducir	tom cannot drive	train
im healthy	estoy saludable	estoy saludable	im healthy	train
im tom	soy tom	soy tom|yo soy tom	im tom	train
the problem isnt ours	no es problema nuestro	no es problema nuestro	the problem isnt ours	train
we are so happy	estamos tan felices	estamos tan felices|somos tan felices	we are so happy	train
do something !	¡ haz algo !	¡ haz algo !	do something !	train
can you walk ?	¿ puedes caminar ?	¿ podéis andar ?|¿ puedes andar ?|¿ puedes caminar ?	can you walk ?	train
tom became serious	tom se puso serio	tom se puso serio	tom became serious	train
tom needs friends	tom necesita amigos	tom necesita amigos	tom needs friends	train
tom wants to play	tom quiere jugar	tom quiere jugar	tom wants to play	train
you dont watch tv	no ves la tele	no ves la tele	you dont watch tv	train
its dark	está oscuro	está oscuro	its dark	train
what a night !	¡ qué noche !	¡ qué noche !	what a night !	train
we dont need anything	no necesitamos nada	no necesitamos nada	we dont need anything	train
im working from home	estoy trabajando desde casa	estoy trabajando desde casa	im working from home	train
were satisfied	estamos satisfechos	estamos satisfechos	were satisfied	train
i dont drink coffee	yo no bebo café	yo no bebo café	i dont drink coffee	train
yanni eats too much	yanni come demasiado	yanni come demasiado	yanni eats too much	train
the situation is complicated	la situación está difícil	la situación está difícil	the situation is complicated	train
please fix this	por favor arregla esto	por favor arregla esto	please fix this	train
i have three children	tengo tres niños	tengo tres niños	i have three children	train
we want our money	queremos nuestro dinero	queremos nuestro dinero	we want our money	train
he denied it	él lo negó	él lo negó	he denied it	train
im about ready	estoy casi lista	estoy casi lista|estoy casi listo	i am almost ready|im about ready|im almost ready	train
he looked very happy	él parecía muy feliz	él parecía muy feliz	he looked very happy	train
it was really fun	fue muy divertido	fue muy divertido	it was really fun	train
he can hardly walk	él apenas puede andar	él apenas puede andar|él apenas puede caminar	he can hardly walk	train
im canadian	soy canadiense	soy canadiense	im a canadian|im canadian	train
im always happy	siempre estoy feliz	siempre estoy feliz	im always happy	train
am i handsome ?	¿ estoy guapo ?	¿ estoy guapo ?	am i handsome ?|i am handsome ?	train
tom has few friends	tom tiene pocos amigos	tom tiene pocos amigos	tom has few friends	train
i felt very happy	me sentí muy feliz	me sentí muy feliz	i felt very happy	train
this is my plan	este es mi plan	este es mi plan	this is my plan	train
he came by bus	ha venido en autobús	ha venido en autobús|llegó en autobús	he came by bus	train
be a man	sé un hombre	sé un hombre	be a man	train
you were my friend	tú eras mi amigo	eras mi amiga|tú eras mi amigo	you were my friend	train
you look sick	pareces enfermo	pareces enfermo	you look sick	train
this is our car	este es nuestro carro	este es nuestro carro	this is our car	train
that wont happen	eso no pasará	eso no pasará	that wont happen	train
i prefer something better	prefiero algo mejor	prefiero algo mejor	i prefer something better	train
it was sunday yesterday	ayer fue domingo	ayer fue domingo	it was sunday yesterday|yesterday was sunday	train
he runs very fast	corre muy rápido	corre muy rápido|él corre muy rápido	he runs very fast	train
tell her were busy	dile que estamos ocupados	dile que estamos ocupados	tell her were busy|tell him were busy	train
be nice to her	sé simpático con ella	sé simpático con ella	be nice to her	train
bring along your friend	trae a tu amigo	trae a tu amigo	bring along your friend	train
everyone likes me	todos me quieren	todos me quieren	everybody likes me|everyone likes me	train
i really appreciate that	realmente aprecio eso	realmente aprecio eso	i really appreciate that	train
im extremely busy	estoy extremadamente ocupada	estoy extremadamente ocupada	im extremely busy	train
i cant believe this	no puedo creer esto	no puedo creer esto	i cant believe this	train
they despise tom	ellos desprecian a tom	ellos desprecian a tom	they despise tom	train
they werent with me	ellas no estaban conmigo	ellas no estaban conmigo|ellos no estaban conmigo|no estaban conmigo	they werent with me	train
its only a dream	es solo un sueño	es solo un sueño|sólo es un sueño	its just a dream|its only a dream	train
we want more food	queremos más comida	queremos más comida	we want more food	train
now its your turn	os toca a vosotros	ahora es tu turno|os toca a vosotros|te toca a ti	now its your turn	train
you arent me	no eres yo	no eres yo	you arent me|youre not me	train
luck doesnt exist	la suerte no existe	la suerte no existe	luck doesnt exist	train
i speak spanish	hablo español	hablo español	i speak spanish	train
tom hated mary	tom odiaba a mary	tom odiaba a mary	tom hated mary	train
i only need tom	solo necesito a tom	solo necesito a tom	i only need tom	train
ill be with him	estaré con él	estaré con él	ill be with him	train
tom makes me laugh	tom me hace reír	tom me hace reír	tom makes me laugh	train
tom is interesting	tom es interesante	tom es interesante	tom is interesting	train
we want one	queremos uno de esos	queremos uno de esos	we want one	train
tom is sick	tom está enfermo	tom está enfermo	tom is sick|toms sick	train
hey guys	hola chicos	hola chicos	hey guys	train
he is asleep	está dormido	está dormido	he is asleep|hes asleep	train
well take it	vale cógelo	vale cógelo	well take it	train
we need your key	necesitamos su llave	necesitamos su clave|necesitamos su llave|necesitamos tu clave|necesitamos tu llave|necesitamos vuestra clave|necesitamos vuestra llave	we need your key	train
tom abandoned the plan	tom renunció al plan	tom renunció al plan	tom abandoned the plan	train
this bicycle is mine	esta bicicleta es mía	esta bicicleta es mía	this bicycle is mine	train
these are the rules	estas son las reglas	estas son las reglas	here are the rules|these are the rules	train
i called her up	la llamé	la llamé	i called her up	train
are you healthy ?	¿ estás saludable ?	¿ estás saludable ?|¿ estás sano ?	are you healthy ?	train
tom is handsome	tom es guapo	tom es guapo	tom is handsome	train
tom is quite different	tom es muy diferente	tom es muy diferente	tom is quite different	train
maybe its true	tal vez es verdad	tal vez es verdad	maybe its true	train
thank you for breakfast	gracias por el desayuno	gracias por el desayuno	thank you for breakfast	train
tom needs our advice	tom necesita nuestro consejo	tom necesita nuestro consejo	tom needs our advice	train
i dont like anything	no me gusta nada	no me gusta nada	i dont like anything	train
is it raining ?	¿ está lloviendo ?	¿ está lloviendo ?	is it raining ?	train
i think it works	creo que funciona	creo que funciona	i think it works	train
he is very depressed	está muy deprimido	está muy deprimido	he is very depressed	train
i need money	necesito dinero	necesito dinero	i need money	train
theres a boy	hay un niño	hay un niño	theres a boy	train
i know only this	tan sólo sé esto	tan sólo sé esto	i know only this	train
you promised	prometiste	lo prometiste|prometiste|tú prometiste|vos prometiste	you promised	train
tom has the key	tom tiene la llave	tom tiene la llave	tom has the key	train
she looked sad	ella parecía triste	ella parecía triste|ella se veía triste	she looked sad	train
i have a fruit	tengo una fruta	tengo una fruta	i have a fruit	train
i love my life	me encanta mi vida	me encanta mi vida	i love my life	train
come over	vente	ven aquí|venga aquí|venid aquí|vente	come along|come over	train
please hold on	por favor espere	por favor espere	please hold on	train
tom knows	tom sabe	tom sabe	tom knows	train
it makes little difference	no hace mucha diferencia	no hace mucha diferencia	it makes little difference	train
i cannot speak german	no sé hablar alemán	no sé hablar alemán	i cannot speak german|i cant speak german	train
we met there yesterday	nos encontramos ahí ayer	nos encontramos ahí ayer	we met there yesterday	train
tom only speaks french	tom sólo habla francés	tom sólo habla francés	tom only speaks french	train
ill wait here	yo esperaré aquí	yo esperaré aquí	ill wait here	train
tom walked	tom caminó	tom caminó	tom walked	train
the dream is over	el sueño se acabó	el sueño se acabó	the dream is over	train
his wife is japanese	su esposa es japonesa	su esposa es japonesa	his wife is japanese	train
i am cold	tengo frío	tengo frío	i am cold|i feel cold|im cold	train
it is no joke	no es ninguna broma	no es ninguna broma	it is no joke|its not a joke	train
im not hungry	no tengo hambre	no tengo hambre|yo no tengo hambre	i am not hungry|im not hungry	train
tom needs me	tomás me necesita	tomás me necesita	tom needs me	train
youre a friend	sos un amigo	sos un amigo	youre a friend	train
it is hot today	hace calor hoy	hace calor hoy	it is hot today|its hot today	train
get off his back	déjalo en paz	déjalo en paz	get off his back	train
i alone did it	lo hice solo	lo hice solo	i alone did it	train
tell me the story	cuéntame la historia	cuéntame la historia	tell me the story	train
let me do this	déjame que lo haga	déjame hacer esto|déjame que haga esto|déjame que lo haga|déjeme hacer esto	let me do it|let me do that|let me do this	train
hands up !	¡ manos arriba !	¡ manos arriba !	hands up !	train
i dont want one	no quiero una	no quiero una	i dont want one	train
thats easy	eso es fácil	eso es fácil	thats easy	train
do come in	entra ya	entra de una vez|entra ya|pasa adentro	do come in	train
are you angry ?	¿ estás enojado ?	¿ estás enojada ?|¿ estás enojado ?	are you angry ?|are you mad ?	train
stop crying	no llores	deja de llorar|no llores	dont cry|stop crying	train
keep the change please	quédese el cambio	quédese el cambio	keep the change please	train
all are welcome	todos son bienvenidos	todas son bienvenidas|todos son bienvenidos	all are welcome	train
tom has bad breath	tom tiene mal aliento	tom tiene mal aliento	tom has bad breath	train
i also like writing	también me gusta escribir	también me gusta escribir	i also like writing	train
i hear something	escucho algo	escucho algo	i hear something	train
that apple was delicious	esa manzana estuvo deliciosa	esa manzana estuvo deliciosa	that apple was delicious	train
i can read	sé leer	sé leer	i can read	train
it is very simple	es muy sencillo	es muy sencillo	it is very simple	train
i need time	necesito tiempo	necesito tiempo	i need time	train
call me !	¡ llámame !	¡ llámame !	call me !	train
i called tom up	llamé a tom	llamé a tom	i called tom|i called tom up	train
were on time	estamos a tiempo	estamos a tiempo	were on time	train
go buy some ice	ve a comprar hielo	ve a comprar hielo	go buy some ice	train
everybody knows	todos lo saben	todos lo saben	everybody knows|they all know	train
come on out here	sal aquí	sal aquí	come on out here|come out here	train
thats strange	eso es extraño	eso es extraño	thats strange|thats weird	train
shes got more books	ella tiene más libros	ella tiene más libros	she has more books|shes got more books	train
even my mom knows	hasta mi mamá sabe	hasta mi mamá sabe	even my mom knows	train
we shouldnt be together	no deberíamos estar juntos	no deberíamos estar juntos	we shouldnt be together	train
its raining now	ahora está lloviendo	ahora está lloviendo	it is raining now|its raining now	train
you are afraid	tú tienes miedo	tú tienes miedo|usted tiene miedo	you are afraid|youre afraid	train
let them all come	que vengan todos	que vengan todos	let them all come	train
stand by	un momento	un momento	just a moment|just hang in there|stand by	train
i understand tom	entiendo a tom	entiendo a tom	i understand tom	train
again ?	¿ de nuevo ?	¿ de nuevo ?	again ?	train
write tom	escribe a tom	escribe a tom	write to tom|write tom	train
where are you ?	¿ dónde están ?	¿ dónde están ?|¿ dónde estás ?	where are they ?|where are you ?	train
youre very kind	es usted muy amable	es usted muy amable	youre very kind	train
theyre home	están en casa	están en casa	theyre home	train
i want mine	quiero el mío	quiero el mío|yo quiero el mío|yo quiero la mía	i want mine	train
youre very intelligent	son muy inteligentes	eres muy inteligente|son muy inteligentes|sos muy inteligente	you are very intelligent|you are very smart|youre very clever|youre very intelligent|youre very smart	train
it is a bird	es un pájaro	es un pájaro	it is a bird	train
hes looking at you	te está mirando	os está mirando|te está mirando	hes looking at you	train
i havent heard anything	no he oído nada	no he oído nada	i didnt hear anything|i havent heard anything|ive heard nothing	train
clearly !	¡ pues claro !	¡ pues claro !	clearly !|sure !	train
she has green eyes	tiene los ojos verdes	tiene los ojos verdes|tiene ojos verdes	she has green eyes	train
its cool	está frío	está frío	it is cold|its cold|its cool	train
tom called mary	tom llamó a mary	tom llamó a mary	tom called mary|tom called mary up	train
it drives me crazy	me vuelve loco	me vuelve loco	it drives me crazy	train
all around is silence	todo es silencio alrededor	todo es silencio alrededor	all around is silence	train
keep trying	sigue intentando	sigue intentando	keep on trying|keep trying	train
its not weird	no es raro	no es raro	its not weird	train
this book was easy	este libro era fácil	este libro era fácil	this book was easy	train
i like him	él me gusta	me gusta él|él me gusta	i like him	train
i wasnt thinking clearly	no estaba pensando claramente	no estaba pensando claramente	i wasnt thinking clearly	train
this is his house	ésta es su casa	ésta es su casa	this is her house|this is his house|this is their house|this is your house	train
lunch is ready	el almuerzo está preparado	el almuerzo está preparado	lunch is ready	train
im busy	estoy ocupado	estoy ocupado	im busy	train
we dont have time	no tenemos tiempo	no tenemos tiempo	we dont have time|we have no time	train
he knows everything	él lo sabe todo	sabe todo|él lo sabe todo	he knows everything	train
sell !	¡ vende !	¡ vende !	sell !	train
youre mine now	ya te tengo	ahora eres mía|ya eres mío|ya te tengo	youre mine now	train
what are you ?	¿ qué eres ?	¿ qué eres ?	what are you ?	train
come at once	ven enseguida	ven enseguida	come at once|come immediately	train
i guess we could	supongo que podemos	supongo que podemos	i guess we could	train
tom is still crying	tom todavía está llorando	tom todavía está llorando	tom is still crying	train
youre welcome !	¡ de nada !	¡ de nada !	youre welcome !	train
i want respect	quiero respeto	quiero respeto	i want respect	train
its not your turn	no es tu turno	no es tu turno	its not your turn	train
mary helped us	maría nos ayudó	maría nos ayudó	mary helped us	train
youre not there anymore	ya no estás allá	ya no estás allá	youre not there anymore	train
he might be drunk	puede que esté borracho	puede que esté borracho	he might be drunk	train
ill meet you tomorrow	te veo mañana	te veo mañana	ill meet you tomorrow|ill see you tomorrow|see you tomorrow	train
i play with him	juego con él	juego con él	i play with him	train
the woman eats bread	la mujer come pan	la mujer come pan	the woman eats bread	train
unfortunately it rained	desafortunadamente llovió	desafortunadamente llovió	unfortunately it rained	train
the woman is fat	la mujer es gorda	la mujer es gorda|la mujer está gorda	the woman is fat	train
your english is perfect	tu inglés es perfecto	tu inglés es perfecto	your english is perfect	train
now is your time	ahora es tu momento	ahora es tu momento	now is your time	train
i want water	quiero agua	quiero agua	i want some water|i want water	train
tom needs a job	tom necesita un trabajo	tom necesita un trabajo	tom needs a job	train
tom felt disappointed	tom se sintió decepcionado	tom se sintió decepcionado	tom felt disappointed	train
i killed god	maté a dios	maté a dios	i killed god	train
im not sure	no estoy seguro	no estoy seguro	i am not sure|im not sure	train
she left him	ella lo dejó	ella lo dejó	she left him	train
i did it	lo hice	lo hice	i did it	train
i feel safe here	me siento segura acá	me siento segura acá	i feel safe here	train
i know its cold	sé que hace frío	sé que hace frío	i know its cold	train
i want that book	quiero ese libro	quiero ese libro	i want that book	train
we study arabic	nosotros estudiamos árabe	nosotros estudiamos árabe	we study arabic	train
i wont leave	no me iré	no me iré	i wont leave	train
the world has changed	el mundo ha cambiado	el mundo ha cambiado	the world has changed	train
this is excellent wine	es un vino excelente	es un vino excelente	its an excellent wine|thats an excellent wine|this is excellent wine	train
tom looks tired	tom parece cansado	tom parece cansado|tom se ve cansado	tom looks tired	train
she knows you	ella te conoce	ella te conoce	she knows you	train
better leave it !	mejor déjalo	mejor déjalo	better leave it !	train
she was making tea	ella estaba haciendo té	ella estaba haciendo té	she was making tea	train
im hot	tengo calor	tengo calor	i am hot|im hot	train
he could speak french	él sabía hablar francés	él sabía hablar francés	he could speak french	train
they already know	ya saben	ellas ya saben|ellos ya saben|ya saben	they already know	train
we cant sue	no podemos demandar	no podemos demandar	we cant sue	train
that really happened	eso realmente sucedió	eso realmente sucedió	that really happened	train
she writes chinese	ella escribe chino	ella escribe chino	she writes chinese	train
i wrote the book	escribí el libro	escribí el libro	i wrote the book	train
my english is bad	mi inglés es malo	mi inglés es malo	my english is bad	train
we have enough time	tenemos suficiente tiempo	tenemos suficiente tiempo|tenemos tiempo suficiente	we have enough time	train
she didnt buy bread	no compró el pan	no compró el pan	she didnt buy bread	train
shes so beautiful	es tan bella	es tan bella	its so beautiful|shes so beautiful	train
we must work together	tenemos que trabajar juntos	tenemos que trabajar juntos	we must work together	train
i came yesterday	he venido ayer	he venido ayer	i came yesterday	train
were too drunk	estamos demasiado borrachos	estamos demasiado borrachos	were too drunk	train
i dont like this	no me gusta esto	no me gusta esto	i dont like this	train
were ready to help	estamos listos para ayudar	estamos listos para ayudar	were ready to help	train
tom is extremely naive	tomás es extremadamente ingenuo	tomás es extremadamente ingenuo	tom is extremely naive	train
that worked well	eso funcionó bien	eso funcionó bien	that worked well	train
i went too far	fui demasiado lejos	fui demasiado lejos	i went too far	train
tom isnt joking	tom no está jodiendo	tom no está jodiendo	tom isnt joking	train
i love to dance	me encanta bailar	me encanta bailar	i love to dance	train
go back to bed	vuelve a la cama	vuelve a la cama	go back to bed	train
tom came early	tom vino temprano	tom vino temprano	tom came early	train
i hope youre listening	espero que estés escuchando	espero que estés escuchando	i hope youre listening	train
did tom help ?	¿ tom ayudó ?	¿ tom ayudó ?	did tom help ?	train
is it good ?	¿ está bueno ?	¿ está bueno ?	is it good ?	train
i know the difference	sé la diferencia	sé la diferencia	i know the difference	train
shes still alive	ella aún sigue viva	ella aún sigue viva	shes still alive	train
i prefer coffee	yo prefiero café	prefiero café|yo prefiero café	i prefer coffee	train
we like it	nos gusta	nos gusta	we like it	train
tom sells coffee	tomás vende café	tomás vende café	tom sells coffee	train
here is your book	aquí está tu libro	aquí está tu libro|éste es tu libro	here is your book|your book is here	train
i was awake	estaba despierto	estaba despierto	i was awake	train
i have two children	tengo dos hijos	tengo dos hijos	i have two children	train
have you eaten ?	¿ has comido ?	¿ has comido ?	have you eaten ?	train
yes you can	sí podés	sí podés	yes you can	train
tom sat reading	tom estaba sentado leyendo	tom estaba sentado leyendo	tom sat reading	train
its an ugly situation	es una situación fea	es una situación fea	its an ugly situation	train
im poor	soy pobre	soy pobre	im poor	train
i need tom	necesito a tom	necesito a tom	i need tom	train
it was really dumb	fue realmente estúpido	fue realmente estúpido	it was really dumb	train
yanni wants more money	yanni quiere más dinero	yanni quiere más dinero	yanni wants more money	train
tom has no money	tom no tiene dinero	tom no tiene dinero|tom no tiene plata	tom has no money	train
you know this	ya lo sabes	tú conoces esto|tú sabes esto|ya lo sabes	you know this	train
it sounds great !	¡ suena genial !	¡ suena genial !	it sounds great !	train
im still busy	todavía estoy ocupado	todavía estoy ocupada|todavía estoy ocupado	im still busy	train
im sorry for you	lo siento por ti	lo siento por ti	i feel for you|im sorry for you	train
you havent changed much	no has cambiado mucho	no has cambiado mucho	you havent changed much	train
the horse is mine	el caballo es mío	el caballo es mío	the horse is mine	train
she wrote a book	ella escribió un libro	ella escribió un libro	she wrote a book	train
think about it	piénsalo	piénsalo	think about it|think about this	train
im learning english	estoy aprendiendo inglés	estoy aprendiendo inglés	im learning english	train
mary knows many things	mary sabe muchas cosas	mary sabe muchas cosas	mary knows many things	train
we saw something	vimos algo	vimos algo	we saw something	train
im sorry but no	lo siento pero no	lo siento pero no	im sorry but no	train
this isnt french	esto no es francés	esto no es francés	this isnt french	train
this is terrible	esto es terrible	esto es terrible	this is terrible	train
im playing baseball	estoy jugando béisbol	estoy jugando béisbol	i am playing baseball|im playing baseball	train
wrong !	¡ mal !	¡ mal !	wrong !	train
you do not understand	tú no entiendes	tú no entiendes	you do not understand	train
walk with me	camina conmigo	camina conmigo	walk with me	train
it works well	funciona bien	funciona bien	it works fine|it works well	train
what a woman !	¡ qué mujer !	¡ qué mujer !	what a woman !	train
they wouldnt believe me	no me querían creer	no me querían creer	they wouldnt believe me	train
i want that	quiero eso	quiero eso	i want that	train
youre naive	eres ingenuo	eres ingenuo|sos ingenuo	youre naive	train
time for dinner	es hora de cenar	es hora de cenar|es hora de comer	its time for dinner|time for dinner	train
its tea	es té	es té	its tea	train
he wasnt interested	él no estaba interesado	él no estaba interesado	he wasnt interested	train
just water please	sólo agua por favor	sólo agua por favor	just water please	train
excuse me	disculpe	disculpe	excuse me|sorry	train
tom didnt come back	tom no volvió	tom no volvió	tom didnt come back	train
tom knows the answer	tom sabe la respuesta	tom sabe la respuesta	tom knows the answer	train
this man is drunk	este hombre está borracho	este hombre está borracho	this man is drunk	train
it is too late	es demasiado tarde	es demasiado tarde	it is too late	train
something is wrong	algo no anda bien	algo no anda bien	something is wrong	train
somebody called	alguien llamó	alguien llamó	somebody called	train
im not married yet	todavía no estoy casado	todavía no estoy casado	im not married yet	train
hey john	oye john	oye john	hey john	train
theres no coffee	hace falta café	hace falta café|no hay café	theres no coffee	train
she came last	ella llegó la última	ella llegó la última|ella llegó última	she came last	train
welcome home	bienvenida a casa	bienvenida a casa|bienvenido a casa	welcome home	train
you seem pretty busy	pareces muy ocupado	pareces muy ocupado	you seem pretty busy	train
are you english ?	¿ eres inglesa ?	¿ eres inglesa ?|¿ eres inglés ?|¿ es inglesa ?|¿ es inglés ?	are you english ?	train
my dog bit him	mi perro lo mordió	mi perro lo mordió	my dog bit him	train
i have great news	tengo muy buenas noticias	tengo muy buenas noticias	i have great news	train
they are going	ellos se van	ellos se van	they are going	train
im going with her	voy con ella	voy con ella	im going with her	train
dont forget the ticket	no olvides el boleto	no olvides el boleto	dont forget the ticket	train
my pen is new	mi bolígrafo es nuevo	mi bolígrafo es nuevo	my pen is new	train
im happy too	estoy feliz también	estoy feliz también	im happy too	train
its still here	todavía está aquí	todavía está aquí	he is still here|its still here	train
you must study more	tienes que estudiar más	debes estudiar más|tienes que estudiar más	you must study more	train
he is lying	él miente	está mintiendo|él está mintiendo|él miente	he is lying|hes lying	train
tom was really sad	tom estaba realmente triste	tom estaba realmente triste	tom was really sad	train
i am not sure	no estoy seguro	no estoy seguro	i am not sure|im not sure	train
im not studying english	no estoy estudiando inglés	no estoy estudiando inglés	im not studying english	train
they cannot stop her	no pueden pararla	no pueden pararla	they cannot stop her|they cant stop her	train
this is my computer	este es mi ordenador	esta es mi computadora|este es mi ordenador	this is my computer	train
i cant sleep	no puedo dormir	no puedo dormir	i cant sleep	train
sad !	¡ qué triste !	¡ qué triste !	sad !	train
its a true story	es una historia real	es una historia real	its a true story	train
its too expensive	es demasiado caro	es demasiado caro	it is too expensive|its too expensive|thats too expensive	train
he needs money	él necesita dinero	le falta dinero|él necesita dinero	he needs money	train
i see a boy	veo un niño	veo un niño	i see a boy	train
i stopped drinking coffee	dejé de beber café	dejé de beber café	i stopped drinking coffee	train
come and see	venid y mirad	ven y mira|venid y mirad	come and look|come and see	train
it doesnt work yet	aún no funciona	aún no funciona	it doesnt work yet	train
all is still	todo está en calma	todo está en calma	all is quiet|all is still	train
thanks for the flowers	gracias por las flores	gracias por las flores	thanks for the flowers	train
its still warm	todavía está caliente	todavía está caliente	its still warm	train
im not perfect	no soy perfecta	no soy perfecta	im not perfect	train
its free	es gratis	es gratis	its for free|its free|this is free	train
she might come	ella podría venir	ella podría venir|puede que venga	she might come	train
mary is very pretty	mary es muy linda	mary es muy guapa|mary es muy linda	mary is very pretty	train
it is gone now	ha salido ahora	ha salido ahora	he has left now|it is gone now	train
he is watching tv	él está viendo televisión	él está viendo televisión	he is watching tv	train
im really old	soy muy viejo	soy muy viejo	im really old	train
work more	trabaja más	trabaja más	work more	train
i know everything	lo sé todo	lo sé todo	i know everything	train
kids will be kids	los niños son así	los niños son así	kids will be kids	train
tom is pretty dumb	tom es bastante estúpido	tom es bastante estúpido	tom is pretty dumb	train
stand up and walk	levántate y anda	levántate y anda	stand up and walk	train
we buy	nosotras compramos	compramos|nosotras compramos|nosotros compramos	we buy	train
its secret	es secreto	es secreto	its a secret|its secret	train
weve already tried	ya hemos intentado	ya hemos intentado	weve already tried	train
tom wants a bicycle	tom quiere una bicicleta	tom quiere una bicicleta	tom wants a bicycle	train
it doesnt matter much	no importa mucho	no importa mucho	it doesnt matter much	train
its no joke	no es una broma	no es una broma	its no joke	train
were leaving now	nos vamos ya	nos vamos ya	were leaving now	train
i cant write anymore	no puedo escribir más	no puedo escribir más	i cant write anymore	train
please dont talk	no hables por favor	no hables por favor	please dont talk	train
sit still	siéntate y quédate quieto	siéntate y quédate quieto	sit still	train
no one lives here	nadie vive aquí	aquí no vive nadie|nadie vive aquí	no one lives here|nobody lives here	train
i didnt hear anything	no he oído nada	no he oído nada	i didnt hear anything|i havent heard anything|ive heard nothing	train
well done !	¡ bien hecho !	¡ bien hecho !	good job !|well done|well done !	train
it wasnt found	no fue encontrado	no fue encontrado	it wasnt found	train
theres no danger	no hay peligro	no hay peligro	theres no danger	train
father came home	papá volvió a casa	papá volvió a casa	father came home	train
we arent friends	no somos amigos	no somos amigos	we arent friends|were not friends	train
what a man !	¡ qué hombre !	¡ qué hombre !	what a man !	train
lets make a cake	hagamos una torta	hagamos una torta	lets make a cake	train
tom has many cats	tom tiene muchos gatos	tom tiene muchos gatos	tom has many cats	train
sami seems busy	sami parece ocupado	sami parece ocupado	sami seems busy	train
nice to meet you	mucho gusto	encantado|encantado de conocerte|mucho gusto	nice to meet you	train
please teach me french	por favor enséñame francés	por favor enséñame francés	please teach me french	train
he is a student	él es estudiante	él es estudiante	he is a student	train
somebody touched me	alguien me tocó	alguien me tocó	somebody touched me	train
im not ugly	no soy feo	no soy feo	im not ugly	train
he saw it also	él lo vio también	también lo vio|él lo vio también	he saw it also	train
i didnt write anything	yo no escribí nada	yo no escribí nada	i didnt write anything	train
many people were there	mucha gente estaba allí	mucha gente estaba allí	many people were there	train
im looking for them	los estoy buscando	los estoy buscando	im looking for them	train
its important	es importante	es importante	its important	train
tom wasnt happy	tom no era feliz	tom no era feliz	tom wasnt happy	train
i couldnt breathe	no podía respirar	no podía respirar	i couldnt breathe	train
you like swimming	te gusta nadar	te gusta nadar	you like swimming	train
leave tom to me	déjame a tom	déjame a tom	leave tom to me	train
answer the phone	coge el teléfono	coge el teléfono	answer the phone	train
youre wrong	estás equivocado	estás equivocado	you are wrong|youre wrong	train
you look green	te ves verde	te ves verde	you look green	train
tom likes it	a tom le gusta	a tom le gusta	tom likes it	train
i saw the house	vi la casa	vi la casa|yo vi la casa	i saw the house	train
its so beautiful	es tan bella	es tan bella	its so beautiful|shes so beautiful	train
am i pregnant ?	¿ estoy embarazada ?	¿ estoy embarazada ?	am i pregnant ?	train
somebody opened the door	alguien abrió la puerta	alguien abrió la puerta	somebody opened the door|someone opened the door	train
the movie was interesting	la película fue interesante	la película fue interesante	the movie was interesting	train
give me an apple	dame una manzana	dame una manzana	give me an apple	train
youre a woman	eres una mujer	eres una mujer	you are a woman|youre a woman	train
they are great friends	son grandes amigos	son grandes amigos	they are great friends	train
you have enough time	tienes bastante tiempo	tienes bastante tiempo	you have enough time	train
it really works	sí que funciona	realmente funciona|sí que funciona|verdaderamente va	it really works	train
tom is listening	tom está escuchando	tom está escuchando	tom is listening|toms listening	train
i guess thats possible	supongo que es posible	supongo que es posible	i guess thats possible	train
this is serious tom	esto es grave tom	esto es grave tom	this is serious tom	train
heres the address	acá está la dirección	acá está la dirección	heres the address	train
im nervous too	yo también estoy nervioso	yo también estoy nervioso	im nervous too	train
stop talking	cállate	cállate	stop talking	train
theyre children	son niños	son niños	theyre children	train
tom broke the rules	tom rompió las reglas	tom rompió las reglas	tom broke the rules	train
weve already tried that	ya hemos intentado eso	ya hemos intentado eso	weve already tried that	train
well do it	lo haremos	lo haremos	we will do it|well do it	train
i want the best	quiero lo mejor	quiero lo mejor	i want the best	train
tom became nervous	tom se puso nervioso	tom se puso nervioso	tom became nervous|tom got nervous	train
the meeting is tomorrow	la reunión es mañana	la reunión es mañana	the meeting is tomorrow	train
her father is japanese	su papá es japonés	su padre es japonés|su papá es japonés	her father is japanese|his father is japanese	train
we all love tom	todos amamos a tom	todos amamos a tom	we all love tom	train
tom has been busy	tom ha estado ocupado	tom ha estado ocupado	tom has been busy	train
im very excited	estoy muy emocionada	estoy muy emocionada	im so excited|im very excited	train
the food is terrible	la comida es terrible	la comida es terrible	the food is terrible	train
we like snow	nos gusta la nieve	nos gusta la nieve	we like snow|we like the snow	train
pleased he smiled	contento él sonrió	contento él sonrió	pleased he smiled|satisfied he smiled	train
im wise	soy inteligente	soy inteligente|soy listo	i am smart|im wise	train
this is normal	esto es normal	esto es normal	this is normal	train
that book is small	ese libro es pequeño	ese libro es pequeño	that book is small	train
you may be right	puede que tenga razón	puede que tenga razón|puede que tengas razón	you may be right	train
speak clearly	habla claramente	habla claramente|hable claramente	say it clearly|speak clearly	train
i need to pay	yo necesito pagar	yo necesito pagar	i need to pay	train
she doesnt understand you	no te entiende	ella no le entiende|ella no les entiende|ella no te entiende|no te entiende	he doesnt understand you|she doesnt understand you	train
maybe itll snow	puede que nieve	puede que nieve|quizá nieve	it may snow|maybe itll snow	train
i know them all	los conozco a todos	los conozco a todos	i know them all	train
tom finished his homework	tom terminó su tarea	tom terminó su tarea	tom finished his homework	train
a dog was running	había un perro corriendo	había un perro corriendo	a dog was running	train
you shouldve called	deberías haber llamado	deberías haber llamado	you shouldve called	train
she drives me mad	ella me vuelve loco	ella me vuelve loco	she drives me mad	train
the question is this	esta es la pregunta	esta es la pregunta	the question is this	train
ill show you	te mostraré	le mostraré|te mostraré	ill show you	train
it can be done	se puede hacer	se puede hacer	it can be done	train
i ate one	yo me comí una	me comí una|me comí uno|yo me comí una|yo me comí uno	i ate one	train
i missed the train	perdí el tren	perdí el tren	i missed the train	train
im a good cook	soy un buen cocinero	soy buena para cocinar|soy un buen cocinero	im a good cook	train
who is singing ?	¿ quién canta ?	¿ quién canta ?	who is singing ?	train
its me	soy yo	soy yo	it is i|its me|its me !|thats me	train
be careful	¡ sé cuidadoso !	¡ sé cuidadoso !|¡ ten cuidado !	be careful	train
this is toms	eso es de tom	eso es de tom	this is toms	train
me !	¡ yo !	¡ yo !	me !	train
tom is in boston	tomás está en boston	tomás está en boston	tom is in boston	train
this is tom	este es tom	este es tom	this is tom	train
lets go to eat	vamos a comer	vamos a comer	lets go eat|lets go to eat	train
take a good look	abra bien sus ojos	abra bien sus ojos	take a good look	train
keep in touch !	mantente en contacto	mantente en contacto	keep in touch|keep in touch !	train
your name please	su nombre por favor	su nombre por favor|tu nombre por favor	your name please	train
i got thirsty	me dio sed	me dio sed	i got thirsty	train
it looks like rain	parece lluvia	parece lluvia	it looks like rain	train
he is ill	él está enfermo	él está enfermo	he is ill|he is sick	train
im your father	yo soy tu padre	soy tu padre|yo soy tu padre	i am your father|im your father	train
she hates running	ella odia correr	ella odia correr	she hates running	train
see you again	nos vemos luego	nos vemos luego	see you again	train
here is your change	toma tu cambio	aquí tiene su cambio|toma tu cambio	here is your change	train
something happened in boston	algo ocurrió en boston	algo ocurrió en boston	something happened in boston	train
they helped him	ellos lo ayudaron	ellas lo ayudaron|ellos lo ayudaron|lo ayudaron	they helped him	train
my father is young	mi padre es joven	mi padre es joven	my father is young	train
ill go in	voy a entrar	voy a entrar	ill go in	train
its just midnight	es justo medianoche	es justo medianoche	its just midnight	train
the decision was easy	la decisión era fácil	la decisión era fácil	the decision was easy	train
its monday	es lunes	es lunes	its monday|today its monday	train
they like attention	les gusta la atención	les gusta la atención	they like attention	train
suddenly he saw me	de repente me vio	de repente me vio	suddenly he saw me	train
tom is canadian	tom es canadiense	tom es canadiense	tom is a canadian|tom is canadian|toms canadian	train
theyve left	han salido	han salido|se han ido	theyve left	train
remember these rules	recuerda estas reglas	recuerda estas reglas	remember these rules	train
you are new students	ustedes son estudiantes nuevos	ustedes son estudiantes nuevos	you are new students	train
tom doesnt remember anything	tom no recuerda nada	tom no recuerda nada	tom doesnt remember anything	train
my horse is black	mi caballo es negro	mi caballo es negro	my horse is black	train
you look happy	se le ve feliz	parece usted feliz|se le ve feliz|te ves contento	you look happy	train
hes a singing teacher	es profesor de canto	es profesor de canto	hes a singing teacher	train
she has hope	tiene esperanza	tiene esperanza	she has hope	train
theyre watching	están mirando	están mirando	theyre watching	train
im in the car	estoy en el coche	estoy en el coche	im in the car	train
i am embarrassed	estoy avergonzado	estoy avergonzado	i am embarrassed|im embarrassed	train
you must work more	tienes que trabajar más	debes trabajar más|tienes que trabajar más|usted debe trabajar más	you must work more	train
nothing is missing	no falta nada	no falta nada	nothing is missing	train
is she dead ?	¿ está muerta ?	¿ está muerta ?	is she dead ?	train
her parents died	sus padres murieron	sus padres murieron	her parents died	train
he asked after you	preguntó por ti	preguntó por ti	he asked after you	train
he wrote a letter	él escribió una carta	él escribió una carta	he wrote a letter|he wrote one letter	train
they won	ellos ganaron	ellos ganaron	they won	train
dont make me laugh	no me hagas reír	no me hagas reír	dont make me laugh	train
tom was hiding something	tom estaba ocultando algo	tom estaba ocultando algo	tom was hiding something	train
maybe im wrong	puede que esté equivocado	puede que esté equivocado	maybe im wrong	train
we became friends	nos hicimos amigos	nos hicimos amigos	we became friends	train
can i try ?	¿ puedo intentar ?	¿ puedo intentar ?	can i try ?	train
i am single	estoy soltera	estoy soltera|estoy soltero|soy soltera|soy soltero	i am single|im single	train
my sister is pretty	mi hermana es guapa	mi hermana es bella|mi hermana es guapa	my sister is pretty	train
this is her house	ésta es su casa	ésta es su casa	this is her house|this is his house|this is their house|this is your house	train
they both died	ambos murieron	ambos murieron	they both died	train
calm down please	tranquilo por favor	tranquilo por favor	calm down please	train
and then ?	¿ y luego ?	¿ entonces qué ?|¿ y entonces ?|¿ y luego ?|¿ y qué ?	and then ?	train
i love tom	lo amo a tomás	lo amo a tomás	i love tom	train
great idea	gran idea	gran idea	great idea	train
she came alone	ella vino sola	ella vino sola	she came alone	train
tom is very smart	tom es muy inteligente	tom es muy inteligente	tom is very intelligent|tom is very smart	train
she isnt young	ella no es joven	ella no es joven	she is not young|she isnt young	train
he almost died	casi se muere	casi se muere	he almost died	train
its night	es de noche	es de noche	its night	train
toms always hungry	tom siempre tiene hambre	tom siempre tiene hambre	toms always hungry	train
tom arrived by car	tom vino en auto	tom vino en auto	tom arrived by car|tom came by car	train
no ones been here	nadie ha estado aquí	nadie ha estado aquí	no ones been here	train
its very old	es muy vieja	es muy vieja|es muy viejo	its very old	train
this books new	este libro es nuevo	este libro es nuevo	this book is new|this books new	train
i wrote this book	escribí este libro	escribí este libro	i wrote this book	train
sit there	sentate ahí	sentate ahí	sit there	train
dont cry	¡ no llores !	no llores|¡ no llores !	dont cry	train
ive been shot	me dispararon	me dispararon	ive been shot	train
this smells like cheese	esto huele a queso	esto huele a queso	this smells like cheese	train
its your life	es tu vida	es tu vida	its your life	train
lets go to boston	vayamos a boston	vayamos a boston	lets go to boston	train
this is pretty boring	esto es bastante aburrido	esto es bastante aburrido	this is pretty boring	train
this book is green	este libro es verde	este libro es verde	this book is green	train
we love to help	nos encanta ayudar	nos encanta ayudar	we love to help	train
the world is dangerous	el mundo es peligroso	el mundo es peligroso	the world is dangerous	train
stop going there	deja de ir allí	deja de ir allí	stop going there	train
that man is dangerous	ese hombre es peligroso	ese hombre es peligroso	that man is dangerous	train
i felt ill	me sentí mal	me sentí mal	i felt bad|i felt ill	train
its probably tom	probablemente sea tom	probablemente sea tom	its probably tom	train
come right in	ven adentro	entra|entra aquí|pasa adentro|ven adentro	come right in	train
playing tennis is fun	jugar tenis es divertido	jugar tenis es divertido	playing tennis is fun	train
hes still single	él es soltero todavía	él es soltero todavía	hes still single	train
take your time	tómate tu tiempo	tómate tu tiempo	just take your time|take your time	train
youre mean	eres mala	eres mala|eres malo	youre bad|youre mean	train
i can trust him	puedo confiar en él	puedo confiar en él	i can trust him	train
someones there	alguien está allí	alguien está allí	someones there	train
tom wasnt drunk	tomás no estaba borracho	tomás no estaba borracho	tom wasnt drunk	train
tom doesnt buy it	tom no lo cree	tom no lo cree	tom doesnt buy it	train
i liked everything	me gustó todo	me gustó todo	i liked everything	train
im coming back tonight	vuelvo esta noche	vuelvo esta noche	im coming back tonight	train
i feel it now	yo lo siento ahora	yo lo siento ahora	i feel it now	train
i have three sisters	tengo tres hermanas	tengo tres hermanas	i have three sisters	train
she sings well	ella canta bien	ella canta bien	she sings well	train
ill take him	lo tomo	lo tomo	i take him|i take it|ill take him|ill take it	train
this is so good	esto está tan bueno	esto está tan bueno	this is so good	train
tom abandoned the idea	tom abandonó la idea	tom abandonó la idea	tom abandoned the idea	train
no one believes me	nadie me cree	nadie me cree	no one believes me|nobody believes me	train
tom cant win	tomás no puede ganar	tomás no puede ganar	tom cant win	train
tom abandoned me	tom me abandonó	tom me abandonó	tom abandoned me	train
tom was very busy	tom estaba muy ocupado	tom estaba muy ocupado	tom was very busy	train
i forgot about that	lo olvidé	lo olvidé|se me olvidó	i forgot|i forgot about that|i forgot it	train
im not crying	no estoy llorando	no estoy llorando	im not crying	train
shes eating for two	está comiendo por dos	está comiendo por dos	shes eating for two	train
he loves coffee	le encanta el café	le encanta el café	he loves coffee|she loves coffee	train
were safe for now	de momento estamos seguros	de momento estamos seguros	were safe for now	train
we can help	nosotros podemos ayudar	nosotros podemos ayudar|podemos ayudar	we can help	train
bill call me tonight	bill llámame esta noche	bill llámame esta noche	bill call me tonight	train
i gave my word	di mi palabra	di mi palabra	i gave my word	train
i must go there	debo ir allá	debo ir allá	i must go there	train
give me your keys	dame tus llaves	dame tus llaves	give me your keys	train
who knows ?	¿ quién sabe ?	¿ quién sabe ?	who knows ?	train
were sleepy	tenemos sueño	tenemos sueño	were sleepy	train
tom was smoking	tomás estaba fumando	tomás estaba fumando	tom was smoking	train
he was embarrassed	estaba avergonzado	estaba avergonzado	he was embarrassed|i was embarrassed	train
i find swimming fun	nadar me es divertido	nadar me es divertido	i find swimming fun	train
the problem is her	el problema es ella	el problema es ella	the problem is her	train
they speak about us	ellos hablan sobre nosotros	ellas hablan sobre nosotras|ellos hablan sobre nosotros	they speak about us	train
we are drinking tea	bebemos té	bebemos té	we are drinking tea	train
i cant stop her	no puedo pararla	no puedo pararla	i cant stop her	train
youre doing fine	lo estás haciendo bien	lo estás haciendo bien	youre doing fine|youre doing it right	train
you are a dog	eres un perro	eres un perro	you are a dog|youre a dog	train
i know nothing	no sé nada	no sé nada	i dont know anything|i know nothing	train
she works very hard	ella trabaja muy duro	ella trabaja muy duro	she works very hard	train
i like to walk	me gusta caminar	me gusta caminar|me gusta pasear	i like to walk	train
listen carefully	escuchen con cuidado	escucha con atención|escuchen con cuidado	listen carefully	train
i can be fair	yo puedo ser justo	yo puedo ser justo	i can be fair	train
i see well	yo veo bien	yo veo bien	i see well	train
singing is their thing	lo suyo es cantar	lo suyo es cantar	singing is her thing|singing is his thing|singing is their thing	train
he is running	él está corriendo	él está corriendo	he is running	train
theyre trying	lo están intentando	lo están intentando	theyre trying	train
i dont mind	me da igual	me da igual|no me importa	i dont care|i dont mind	train
it was very dark	estaba muy oscuro	estaba muy oscuro	it was very dark	train
thats my idea	esa es mi idea	esa es mi idea	thats my idea	train
are you thirsty ?	¿ tienes sed ?	¿ tienes sed ?	are you thirsty ?	train
she went on working	ella siguió trabajando	ella siguió trabajando	she continued working|she kept on working|she went on working	train
are they busy ?	¿ están ocupados ?	¿ están ocupados ?	are they busy ?	train
its hot today	está haciendo calor hoy	está haciendo calor hoy|hace calor hoy|hoy hace calor	its hot today	train
nice talking with you	fue agradable hablar contigo	fue agradable hablar contigo	nice talking with you	train
it doesnt seem serious	no parece serio	no parece serio	it doesnt seem serious	train
please sit down	tome asiento por favor	por favor siéntese|sentate por favor|siéntate por favor|siéntese por favor|tome asiento por favor	have a seat please|please have a seat|please sit down|please take a seat|sit down please|take a seat please	train
were still working	todavía estamos trabajando	todavía estamos trabajando	were still working	train
i like men	me gustan los hombres	me gustan los hombres	i like men	train
tom needs mary	tomás necesita a maría	tomás necesita a maría	tom needs mary	train
he can hardly speak	apenas puede hablar	apenas puede hablar	he can hardly speak|she can hardly speak	train
i cant say	no lo puedo decir	no lo puedo decir|no puedo decir	i cant say	train
im calling boston	estoy llamando a boston	estoy llamando a boston	im calling boston	train
im thinking about something	estoy pensando en algo	estoy pensando en algo	im thinking about something	train
i forgot it	lo olvidé	lo olvidé	i forgot|i forgot about that|i forgot it	train
are you married ?	¿ estás casado ?	¿ eres casada ?|¿ estás casada ?|¿ estás casado ?	are you married ?	train
shoot !	¡ fuego !	¡ fuego !	fire !|shoot !	train
ive never been married	nunca estuve casado	nunca estuve casado	ive never been married	train
you look very pale	te ves muy pálido	te ves muy pálido	you look very pale	train
yes i went yesterday	sí fui ayer	sí fui ayer	yes i went yesterday	train
they are my sisters	ellas son mis hermanas	ellas son mis hermanas	they are my sisters	train
spring came on	ha llegado la primavera	ha llegado la primavera|la primavera llegó|llegó la primavera	spring arrived|spring came on|spring has come	train
he has a camera	él tiene una cámara	él tiene una cámara	he has a camera	train
you know i cant	saben que no puedo	saben que no puedo|sabes que no puedo	you know i cant	train
were here to help	estamos aquí para ayudar	estamos aquí para ayudar	were here to help	train
i dont want anything	no quiero nada	no quiero nada	i dont want anything	train
i need friends	necesito tener amigos	necesito tener amigos	i need friends	train
mike speaks good japanese	mike habla bien japonés	mike habla bien japonés	mike speaks good japanese	train
it doesnt matter anymore	ya no importa	ya no importa	it doesnt matter anymore	train
i am not hungry	no tengo hambre	no tengo hambre	i am not hungry|im not hungry	train
i only know that	sólo sé eso	sólo sé eso	i only know that	train
you may swim	puedes nadar	puedes nadar	you may swim	train
she is always smiling	ella siempre está sonriendo	ella siempre está sonriendo	she is always smiling	train
its good	está bien	es bueno|está bien	hes all right|its good|its ok|its okay|its right|thats fine|thats nice	train
we saw it	lo vimos	lo vimos	we saw it	train
i never said anything	nunca dije nada	nunca dije nada	i never said anything	train
i only speak french	yo solo hablo francés	yo solo hablo francés	i only speak french	train
you might be right	puede que tengas razón	puede que tengas razón|quizá tengas razón	maybe youre right|you may be right|you might be right	train
she died	ella murió	ella murió	she died	train
this food is delicious	esta comida está deliciosa	esta comida está deliciosa	this food is delicious	train
were going to fight	vamos a luchar	vamos a luchar	we will fight|well fight|were going to fight	train
toms great	tom es estupendo	tom es estupendo	toms great	train
he began to run	él empezó a correr	él empezó a correr	he began running|he began to run	train
one more time	otra vez	otra vez|una vez más	again|one more time	train
raise your hand	levanta la mano	levanta la mano	raise your hand	train
thanks for this	gracias por esto	gracias por esto	thank you for this|thanks for this	train
he left his wife	dejó a su esposa	abandonó a su mujer|dejó a su esposa|dejó a su mujer	he left his wife	train
weve gone too far	hemos ido demasiado lejos	hemos ido demasiado lejos	weve gone too far	train
tom is with us	tom está con nosotros	tom está con nosotros	tom is with us	train
he doesnt like writing	no le gusta escribir	no le gusta escribir	he doesnt like writing	train
tom is dying	tom está muriendo	tom está muriendo	tom is dying	train
this watch is broken	este reloj está roto	este reloj está roto	this clock is broken|this watch is broken	train
she cant sing	ella no puede cantar	ella no puede cantar	she cant sing	train
youre a big person	es una gran persona	es una gran persona	hes a big person|shes a big person|youre a big person	train
tom is still there	tom aún sigue ahí	tom aún sigue ahí	tom is still there	train
i dont speak japanese	no hablo japonés	no hablo japonés|yo no hablo japonés	i dont speak japanese	train
shes hungry	tiene hambre	tiene hambre	hes hungry|shes hungry	train
i respect you tom	te respeto tom	te respeto tom|tom yo te respeto	i respect you tom	train
somebody is lying here	aquí alguien está mintiendo	aquí alguien está mintiendo	somebody is lying here	train
im tired of writing	estoy cansada de escribir	estoy cansada de escribir	im tired of writing	train
tom will go first	tom irá primero	tom irá primero	tom will go first	train
im almost sure	estoy casi seguro	estoy casi segura|estoy casi seguro	im almost sure	train
you know everything	conoces todo	conoce todo|conocen todo|conoces todo|sabe todo|saben todo|sabes todo|tú conoces todo|tú sabes todo|usted conoce todo|usted sabe todo|ustedes conocen todo|ustedes saben todo	you know everything	train
she needs the money	ella necesita el dinero	ella necesita el dinero	she needs the money	train
youre the doctor	eres el médico	eres el médico	youre the doctor|youre the doctor !	train
i really appreciate it	realmente lo agradezco	de verdad lo aprecio|realmente lo agradezco|realmente lo aprecio	i really appreciate it	train
she slept	ella durmió	ella durmió	she slept	train
your story is sad	tu historia es triste	tu historia es triste	your story is sad	train
she was dead	estaba muerta	estaba muerta	she was dead	train
i saw the news	vi las noticias	vi las noticias	i saw the news	train
its very close	está muy cerca	está muy cerca	its very close	train
im working with you	estoy trabajando contigo	estoy trabajando contigo	im working with you	train
lets go eat	vamos a comer	vamos a comer|vámonos a comer	lets go eat|lets go to eat	train
tom couldnt see anything	tom no veía nada	tom no veía nada	tom could see nothing|tom couldnt see anything	train
she was pregnant	estaba embarazada	estaba embarazada	i was pregnant|she was pregnant	train
were too close	estamos demasiado cerca	estamos demasiado cerca	were too close	train
were still in boston	todavía estamos en boston	todavía estamos en boston	were still in boston	train
im going home now	ya voy a casa	ya voy a casa	im going home now	train
keep your hand still	no muevas la mano	no muevas la mano	keep your hand still	train
am i talented ?	¿ soy talentoso ?	¿ soy talentoso ?	am i talented ?	train
come again tomorrow	vuelve mañana	vuelve mañana	come again tomorrow|come back tomorrow	train
youre beautiful	eres guapa	eres guapa|sos hermosa	you are beautiful|youre beautiful|youre pretty	train
youre absolutely right !	tienes toda la razón	tienes toda la razón	you are absolutely correct|you are absolutely right|you are completely right|youre absolutely correct|youre absolutely right !|youre completely right	train
are they friends ?	¿ son amigos ?	¿ son amigos ?	are they friends ?	train
lets watch tv	veamos la televisión	veamos la televisión	lets watch tv	train
what else ?	¿ qué más ?	¿ qué más ?	what else ?	train
he slept all day	durmió todo el día	durmió todo el día	he slept all day	train
flowers do not talk	las flores no hablan	las flores no hablan	flowers do not talk	train
i walk	yo camino	yo camino	i walk	train
stop it hurts	para duele	para duele	stop it hurts	train
that really helped us	eso realmente nos ayudó	eso realmente nos ayudó	that really helped us	train
hes really angry	está realmente enfadado	está realmente enfadado	he is very angry|hes really angry|hes very angry	train
im leaving boston	me voy de boston	me voy de boston	im leaving boston	train
they need to study	ellos necesitan estudiar	ellos necesitan estudiar	they need to study	train
this is my wine	este es mi vino	este es mi vino	this is my wine	train
it was perfect !	¡ fue perfecto !	¡ fue perfecta !|¡ fue perfecto !	it was perfect !	train
hes thirsty	tiene sed	tiene sed	hes thirsty|shes thirsty	train
im home	estoy en casa	estoy en casa	i am at home|im at home|im home	train
hang on to it	guarda eso	guarda eso	hang on to it	train
mom bought apples	mamá compró manzanas	mamá compró manzanas	mom bought apples	train
he is still studying	él todavía estudia	él todavía estudia	he is still studying	train
this will be fun	esto será divertido	esto será divertido	this will be fun	train
they have black hair	tienen el pelo negro	tienen el pelo negro	they have black hair	train
were through	hemos terminado	hemos terminado	were through	train
youre very smart	son muy listos	eres muy inteligente|eres muy lista|eres muy listo|son muy inteligentes|son muy listos|sos muy inteligente|sos muy lista|sos muy listo	you are very smart|youre very clever|youre very smart	train
were studying french	estamos estudiando francés	estamos estudiando francés	were studying french	train
they cant stop it	ellos no pueden detenerlo	ellos no pueden detenerlo	they cannot stop it|they cant stop it	train
i dont drink water	no bebo agua	no bebo agua	i dont drink water	train
im having soup	tomo sopa	tomo sopa	im having soup	train
the house is clean	la casa está limpia	la casa está limpia	the house is clean	train
i am busy	estoy ocupada	estoy ocupada	i am busy	train
youre our only hope	eres nuestra única esperanza	eres nuestra única esperanza	youre our only hope	train
dont even ask	para qué te cuento	para qué te cuento	dont even ask	train
this is very interesting	es muy interesante	es muy interesante|esto es muy interesante	its very interesting|this is very interesting	train
they arent there	no están allí	no están allí	they arent there|theyre not there	train
its not monday	no es lunes	no es lunes	its not monday	train
im not sleepy	no tengo sueño	no tengo sueño	im not sleepy	train
nobody saw me	nadie me vio	nadie me vio	nobody saw me	train
i did my job	hice mi trabajo	hice mi trabajo	i did my job|i did my work	train
weve seen them	las hemos visto	las hemos visto|los hemos visto	weve seen them	train
something isnt right	algo no está bien	algo no está bien	something isnt right	train
it may be important	puede que sea importante	puede que sea importante|puede ser importante	it may be important	train
yes i understand you	sí os entiendo	sí os entiendo	yes i understand you	train
tom was naive	tomás era ingenuo	tomás era ingenuo	tom was naive	train
she speaks very slowly	habla muy despacio	habla muy despacio	he speaks very slowly|she speaks very slowly|you speak very slowly	train
you made tom cry	hiciste llorar a tom	hiciste llorar a tom	you made tom cry	train
im so fat	estoy tan gordo	estoy tan gorda|estoy tan gordo	im so fat|im very fat	train
life is wonderful	la vida es maravillosa	la vida es maravillosa	life is wonderful	train
no just one	no solo una	no solo una|no solo uno	no just one	train
how she talks !	¡ cómo habla !	¡ cómo habla !	how she talks !	train
i am human	yo soy humano	yo soy humano	i am human	train
nothing can stop me	nada puede pararme	nada puede pararme	nothing can stop me	train
tom lives in boston	tom vive en boston	tom vive en boston	tom lives in boston	train
thats too easy	es demasiado fácil	es demasiado fácil	its too easy|thats too easy	train
you cant do this	no podés hacer eso	no podés hacer eso	you cant do this	train
tom made his bed	tom hizo su cama	tom hizo su cama	tom made his bed	train
are you new ?	¿ eres nuevo ?	¿ eres nuevo ?	are you new ?	train
im mad at you	estoy enfadado contigo	estoy enfadado contigo	im mad at you	train
my friend is crying	mi amigo está llorando	mi amigo está llorando	my friend is crying	train
he didnt say anything	él no dijo nada	no dijo nada|él no dijo nada	he didnt say anything	train
that house is ours	esa casa es nuestra	esa casa es nuestra	that house is ours	train
the meeting ended	la reunión terminó	la reunión terminó	the meeting ended|the meeting was closed	train
he accepted the job	él aceptó el trabajo	él aceptó el trabajo	he accepted the job	train
the rules have changed	las reglas han cambiado	las reglas han cambiado	the rules have changed	train
i know the boy	conozco al chico	conozco a ese niño|conozco al chico	i know the boy	train
ill say it again	lo volveré a decir	lo volveré a decir	ill say it again	train
i bought a watch	compré un reloj	compré un reloj|he comprado un reloj	i bought a watch	train
does she sing ?	¿ ella canta ?	¿ ella canta ?	does she sing ?	train
i love you !	¡ te quiero !	¡ te amo !|¡ te quiero !	i love you !	train
this dog runs fast	este perro corre rápido	este perro corre rápido	this dog runs fast	train
they know that	lo saben	lo saben|saben eso	they know that	train
you are free tomorrow	usted está libre mañana	usted está libre mañana	you are free tomorrow	train
youre a student	eres estudiante	eres estudiante|vos sos estudiante	youre a student	train
my telephone doesnt work	mi teléfono no funciona	mi teléfono no funciona	my telephone doesnt work	train
ive seen it	lo he visto	lo he visto	ive seen it|ive seen that	train
im really hungry	estoy muy hambriento	estoy muy hambriento|estoy realmente hambriento|yo tengo mucha hambre	i am very hungry|im really hungry|im very hungry	train
i live in boston	vivo en boston	vivo en boston	i live in boston	train
tom doesnt eat much	tom no come mucho	tom no come mucho	tom doesnt eat much	train
she has wine	tiene vino	ella tiene vino|tiene vino	he has wine|she has wine	train
look around you	mire a su alrededor	mire a su alrededor	look around you	train
the men are hungry	los hombres tienen hambre	los hombres tienen hambre	the men are hungry	train
they are not tired	ellos no están cansados	ellos no están cansados	they are not tired	train
thats for you	es para ti	es para ti	thats for you|this is for you	train
this is very important	esto es muy importante	esto es muy importante	this is very important	train
tom was fired	tom fue despedido	tom fue despedido	tom has been fired|tom was fired	train
it is there	está ahí	está ahí	it is there|its there	train
i have two dogs	tengo dos perros	tengo dos perros	i have two dogs	train
tom isnt thirsty	tomás no tiene sed	tomás no tiene sed	tom isnt thirsty	train
she went inside	ella se fue adentro	ella se fue adentro	she went inside	train
you could help us	usted nos podría ayudar	usted nos podría ayudar	you could help us	train
im not lazy	no soy perezoso	no soy perezoso	im not lazy	train
you look stupid	pareces estúpido	pareces estúpido|pareces idiota	you look stupid	train
im really angry	estoy realmente enojado	estoy realmente enojado	im really angry	train
open your heart	abre tu corazón	abre tu corazón	open your heart	train
im going there now	ahora voy para allá	ahora voy para allá	im going there now	train
i hope youre happy	espero que seas feliz	espero que seas feliz	i hope youre happy	train
you are stupid	eres un estúpido	eres estúpido|eres un estúpido	you are stupid	train
he is not here	él no está aquí	no está aquí|él no está aquí	he is not here|hes not here	train
we all want that	eso lo queremos todos	eso lo queremos todos	we all want that	train
id rather read	prefiero leer	prefiero leer	i prefer reading|i prefer to read|id rather read	train
toms free	tom es libre	tom es libre	toms free	train
they went all together	fueron todos juntos	fueron todos juntos	they went all together	train
tom ate with mary	tom comió con mary	tom comió con mary	tom ate with mary	train
tom looked scared	tom se veía asustado	tom se veía asustado	tom looked scared	train
he does it fast	él lo hace rápido	él lo hace rápido	he does it fast	train
hes very clean	está muy limpio	está muy limpio	hes very clean|its very clean|shes very clean|youre very clean	train
tom doesnt have anything	tom no tiene nada	tom no tiene nada	tom doesnt have anything|tom has nothing	train
tom stopped mary	tom paró a mary	tom paró a mary	tom stopped mary	train
i love beer	me encanta la cerveza	me encanta la cerveza	i love beer	train
today is monday	hoy es lunes	hoy es lunes	it is monday today|its monday today|today is monday|today its monday	train
youre something else	eres la leche	eres la leche	youre something else	train
im feeling fine now	ya me siento bien	ya me siento bien	im feeling fine now	train
leave me alone !	déjame en paz	déjame en paz|déjame solo|¡ déjame sola !	leave me alone|leave me alone !|let me alone	train
tom almost cried	tom casi lloró	tom casi lloró	tom almost cried	train
he was alone	él estaba solo	él estaba solo	he was alone	train
keep the door open	dejá la puerta abierta	deja la puerta abierta|deje la puerta abierta|dejá la puerta abierta|mantén la puerta abierta	keep the door open	train
were doing nothing	no estamos haciendo nada	no estamos haciendo nada	we arent doing anything|were doing nothing|were not doing anything	train
i liked one	me gustaba una	me gustaba una	i liked one	train
i have an idea	tengo una idea	tengo una idea	i have an idea	train
im being careful	estoy siendo cuidadoso	estoy siendo cuidadoso	im being careful	train
im broke	estoy sin dinero	estoy sin blanca|estoy sin dinero|estoy sin un duro|no tengo blanca|no tengo plata	i have no money|im broke	train
it will probably rain	probablemente llueva	probablemente llueva	it will probably rain|itll probably rain	train
we both love her	ambos la amamos	ambos la amamos	we both love her	train
im doing my homework	estoy haciendo mi tarea	estoy haciendo los deberes|estoy haciendo mi tarea	im doing my homework	train
that was tom	ese era tom	ese era tom	that was tom	train
i dont understand her	no la entiendo	no la entiendo	i dont understand her	train
he doesnt like running	no le gusta correr	no le gusta correr	he doesnt like running	train
nothing is impossible	nada es imposible	nada es imposible	nothing is impossible	train
come back tomorrow	vuelve mañana	vuelve mañana	come again tomorrow|come back tomorrow	train
i feel bad today	hoy me siento mal	hoy me siento mal	i feel bad today	train
this is my question	esta es mi pregunta	esta es mi pregunta	this is my question	train
its useless	es inútil	es inútil	its useless	train
i like this one	me gusta éste	me gusta éste	i like this one	train
she didnt feel good	ella se sentía mal	ella se sentía mal	she didnt feel good|she didnt feel well|she felt bad	train
talk to her	hable con ella	hable con ella	talk to her	train
start writing	empieza a escribir	empieza a escribir	start writing	train
i hate you	te odio	te detesto|te odio	i hate you	train
you cant do that	no puedes hacer eso	no puedes hacer eso	you cant do that	train
youre very beautiful	eres muy bonita	eres muy bonita|eres muy hermosa|estás muy linda	you are very beautiful|youre very beautiful	train
come with me now	ahora ven conmigo	ahora ven conmigo	come with me now	train
its more than enough	es más que suficiente	es más que suficiente	its more than enough	train
yes	sí	sí	yes	train
its a joke	es una broma	es una broma	its a joke	train
have some	coge alguno	coge alguno|toma algo|tome alguno	have some	train
it rained	llovió	llovió	it rained	train
the decision was yours	la decisión era tuya	la decisión era tuya	the decision was yours	train
move over	deja pasar	deja pasar	move over	train
i trust ken	creo en ken	confío en ken|creo en ken	i believe in ken|i trust ken	train
tom is quiet	tomás es tranquilo	tomás es tranquilo	tom is quiet	train
i could walk	podría caminar	podría caminar	i could walk	train
theres something inside	hay algo dentro	hay algo dentro	theres something inside	train
tom seems dangerous	tom parece peligroso	tom parece peligroso	tom seems dangerous	train
i dont really remember	realmente no recuerdo	realmente no recuerdo	i dont really remember	train
im not very patient	no tengo mucha paciencia	no tengo mucha paciencia	im not very patient	train
i need some paper	necesito algo de papel	necesito algo de papel|necesito papel	i need some paper	train
it was very hot	hacía mucho calor	hacía mucho calor	it was very hot	train
very good thank you	muy bien gracias	muy bien gracias	very good thank you|very well thank you	train
stay awake	mantente despierto	mantente despierto	stay awake	train
theyre joking	están de broma	están de broma	theyre joking	train
ive been to australia	he estado en australia	he estado en australia	ive been to australia	train
im waiting for someone	estoy esperando a alguien	estoy esperando a alguien	im waiting for someone	train
i know it myself	yo mismo lo sé	yo mismo lo sé	i know it myself	train
he must go	tiene que irse	tiene que irse	he must go	train
i need it immediately	lo necesito inmediatamente	lo necesito inmediatamente	i need it immediately	train
tom went back outside	tom volvió afuera	tom volvió afuera	tom went back outside	train
i wasnt trapped	no estaba atrapado	no estaba atrapado	i wasnt trapped	train
shes with tom	está con tomás	está con tomás	shes with tom	train
come on get up	vamos levántate	vamos levántate	come on get up	train
tom looks exhausted	tomás luce exhausto	tomás luce exhausto	tom looks exhausted	train
he has three children	él tiene tres hijos	tiene tres hijos|él tiene tres hijos	he has three children	train
we arent like you	no somos como tú	no somos como tú	we arent like you|were not like you	train
youve tried	lo has intentado	lo has intentado	youve tried	train
that was a lie	era mentira	era mentira	that was a lie	train
just go for it	limítate a hacerlo	hazlo y ya|limítate a hacerlo|simplemente hazlo	just go for it	train
the dog is red	el perro es rojo	el perro es rojo	the dog is red	train
tom has a job	tom tiene un trabajo	tom tiene un trabajo	tom has a job	train
ill do it tomorrow	lo haré mañana	lo haré mañana	ill do it tomorrow	train
leave us	déjanos	déjanos	leave us	train
is that dangerous ?	¿ es peligroso ?	¿ es peligroso ?	is it dangerous ?|is that dangerous ?	train
tom was confused	tom estaba confundido	tom estaba confundido	tom was confused	train
stand up !	¡ levanta !	¡ levanta !|¡ párate !	get up !|stand up !	train
he is not young	él no es joven	él no es joven	he is not young	train
sweet !	¡ órale !	¡ genial !|¡ órale !	all right|come on|come on !|cool !|go away|go away !|great !|lets go|lets go !|ok|okay|sweet !|understood	train
tell me about him	dime algo de él	dime algo de él	tell me about him	train
eat !	¡ come !	¡ coma !|¡ come !	eat !	train
the room was dark	el cuarto estaba oscuro	el cuarto estaba oscuro	the room was dark	train
tom misled mary	tom engañó a mary	tom engañó a mary	tom cheated mary|tom misled mary	train
stay right there	no te muevas	no te muevas|quédate ahí	be still|dont move|stay put|stay right there|stay still|stop moving	train
yes its there too	sí está allí también	sí está allí también	yes its there too	train
it isnt real	no es real	no es real	it isnt real|its not real	train
it was yesterday	fue ayer	fue ayer	it was yesterday	train
i dont feel it	no lo siento	no lo siento	i dont feel it	train
she is very sad	ella está muy triste	ella está muy triste|está muy triste	she is very sad	train
there she is !	¡ ahí está !	¡ ahí está !	there she is !	train
we better be going	sería mejor irnos	sería mejor irnos	we better be going	train
just let tom in	deja entrar a tom	deja entrar a tom	just let tom in	train
theres no one here	no hay nadie aquí	aquí no hay nadie|no hay nadie aquí	theres no one here	train
he walks fast	camina rápido	camina rápido	he walks fast	train
i want to help	quiero ayudar	quiero ayudar	i want to help	train
you guys are crazy	estáis locos	estáis locos	you guys are crazy	train
weve already started	ya hemos empezado	ya hemos empezado	weve already started	train
i dont remember anymore	ya no me acuerdo	ya no me acuerdo	i dont remember anymore	train
its your fault	es tu culpa	es culpa tuya|es tu culpa	its your fault	train
maybe im just crazy	quizá solo esté loco	quizá solo esté loco	maybe im just crazy	train
things look good	todo parece ir bien	todo parece ir bien	things look good	train
he wants to speak	él quiere hablar	él quiere hablar	he wants to speak	train
then who ?	¿ entonces quién ?	¿ entonces quién ?	then who ?	train
the phone kept ringing	el teléfono siguió sonando	el teléfono siguió sonando	the phone kept ringing	train
dont go there now	no vayas allí ahora	no vayas allí ahora	dont go there now	train
im going to read	voy a leer	voy a leer	im going to read	train
someones watching me	alguien me está observando	alguien me está observando	somebody is watching me|someones watching me	train
he died suddenly	se murió de repente	de repente murió|se murió de repente	he died suddenly	train
youve really changed	realmente has cambiado	realmente has cambiado	youve really changed	train
hes your father	él es su padre	él es su padre|él es tu padre	hes your father	train
i called home	yo llamé a casa	yo llamé a casa	i called home	train
i think its tom	creo que es tom	creo que es tom	i think its tom	train
he was very old	él era muy viejo	él era muy viejo	he was very old	train
i quit smoking	dejé de fumar	dejé de fumar	i quit smoking|i stopped smoking	train
who is coming ?	¿ quién viene ?	¿ quién viene ?	who is coming ?	train
mary misled me	mary me engañó	mary me engañó	mary misled me	train
he himself did it	él mismo lo hizo	lo hizo él mismo|él mismo lo hizo	he himself did it	train
tom doesnt want us	tom no nos quiere	tom no nos quiere	tom doesnt want us	train
i cant fly	yo no sé volar	yo no sé volar	i cant fly	train
well visit you	te visitaremos	te visitaremos	we will visit you|well visit you	train
lets do that	hagamos eso	hagamos eso	lets do that	train
the paper is white	el papel es blanco	el papel es blanco	paper is white|the paper is white	train
tom is rather weak	tom es bastante débil	tom es bastante débil	tom is rather weak	train
she eats	come	come	he eats|she eats	train
it isnt impossible	no es imposible	no es imposible	it isnt impossible	train
he accepted my idea	él aceptó mi idea	él aceptó mi idea	he accepted my idea	train
tom lives here	tom vive acá	tom vive acá	tom lives here	train
i made her cry	la hice llorar	la hice llorar	i made her cry	train
i couldnt speak french	no sabía hablar francés	no sabía hablar francés	i couldnt speak french	train
this is fine	esto está perfecto	esto está perfecto	this is fine	train
i dont know tom	no sé tom	no sé tom	i dont know tom	train
no one loves me	nadie me ama	nadie me ama	no one loves me	train
its dangerous to study	es peligroso estudiar	es peligroso estudiar	its dangerous to study	train
shes good	ella es buena	ella es buena	shes good	train
i called them	los llamé	los llamé	i called them	train
i lost my umbrella	perdí mi paraguas	perdí mi paraguas	i lost my umbrella	train
i ate too much	comí demasiado	comí demasiado	i ate too much	train
hes not an idiot	él no es estúpido	no es tonto|no es un tonto|él no es estúpido|él no es idiota	he is not stupid|hes not an idiot|hes not stupid	train
she is sick	ella está enferma	ella está enferma	she is ill|she is sick	train
lets do it !	¡ hagámoslo !	¡ hagámoslo !	lets do it !	train
its for her	esto es para ella	esto es para ella	its for her	train
hes got a question	tiene una pregunta	tiene una pregunta	he has a question|hes got a question|she has a question|shes got a question	train
someone is watching you	alguien te está mirando	alguien te está mirando	someone is watching you	train
dont make me cry	no me hagas llorar	no me hagas llorar	dont make me cry	train
i dont love you	no te quiero	no te quiero	i dont love you	train
you must eat	tenés que comer	tenés que comer	you must eat	train
hi come on in	hola entra	hola entra|hola pasa adelante	hi come on in	train
walk !	¡ a caminar !	¡ a caminar !	walk !	train
i dont like you	no me gustas	no me gustas	i dont like you	train
are you german ?	¿ sos alemán ?	¿ eres alemán ?|¿ es alemán ?|¿ sos alemán ?	are you german ?|you are german ?	train
please come in	entre por favor	entre por favor|por favor entre	please come in	train
it was very difficult	fue muy difícil	era muy difícil|fue muy difícil	it was very difficult	train
this too shall pass	y esto pasará	y esto pasará	this too shall pass	train
this is really cool	esto es genial	esto es genial	this is great|this is really cool	train
spring arrived	la primavera llegó	ha llegado la primavera|la primavera llegó|llegó la primavera	spring arrived|spring came on|spring has come|spring is here	train
here i am	acá estoy	acá estoy	here i am	train
i returned from school	volví del colegio	volví del colegio	i returned from school	train
tom wants to speak	tom quiere hablar	tom quiere hablar	tom wants to speak|tom wants to talk	train
everyone liked you	todos te querían	todos te querían	everyone liked you	train
he has a car	él tiene un auto	él tiene un auto|él tiene un coche	he has a car	train
she has brown eyes	tiene los ojos marrones	tiene los ojos marrones	he has brown eyes|she has brown eyes	train
tom got nervous	tom se puso nervioso	tom se puso nervioso	tom became nervous|tom got nervous	train
no not at all	no para nada	no para nada	no not at all	train
its not christmas	no es navidad	no es navidad	its not christmas	train
theres not enough water	no hay suficiente agua	no hay suficiente agua	theres not enough water	train
god hear me !	¡ dios escúchame !	¡ dios escúchame !	god hear me !	train
theres no beer here	aquí no hay cerveza	aquí no hay cerveza	theres no beer here	train
yes i know	sí lo sé	sí lo sé	yes i know|yes i know it	train
please listen to me	escúchame por favor	escúchame por favor	please listen to me	train
this is his	esto es de él	esto es de él|esto es suyo	this is his	train
you make me laugh	me haces reír	me haces reír	you make me laugh	train
the students laughed	los estudiantes se rieron	los estudiantes se rieron	the students laughed	train
come tomorrow	venga mañana	venga mañana	come tomorrow	train
i bought a camera	compré una cámara	compré una cámara	i bought a camera	train
im well	estoy bien	estoy bien	i am good|i am okay|i am well|im cool|im doing fine|im doing okay|im doing well|im fine|im ok|im okay|im well	train
were both fine	los dos estamos bien	los dos estamos bien	were both fine	train
ive seen things	he visto cosas	he visto cosas	ive seen things	train
i am	soy	soy	i am|i am !	train
i bought a hat	compré un sombrero	compré un sombrero	i bought a hat	train
someone went out	alguien salió	alguien salió	someone came out|someone went out	train
dead ?	¿ muerto ?	¿ muerte ?|¿ muerto ?	dead ?	train
tom didnt write it	tom no lo escribió	tom no lo escribió	tom didnt write it	train
he cannot sing well	él no canta bien	él no canta bien	he cannot sing well|he cant sing well|he doesnt sing well	train
let me die	déjame morir	déjame morir	let me die	train
be patient	sea paciente	sea paciente	be patient	train
fine where ?	genial ¿ dónde ?	genial ¿ dónde ?	fine where ?	train
tom arrived yesterday	tom llegó ayer	tom llegó ayer	tom arrived yesterday	train
tom has been shot	le dispararon a tom	le dispararon a tom	tom got shot|tom has been shot	train
tom was naked	tom estaba desnudo	tom estaba desnudo	tom was naked	train
i love birds	me encantan los pájaros	me encantan los pájaros	i love birds	train
she talked a lot	ella habló mucho	ella habló mucho	she talked a lot	train
im not your girlfriend	no soy tu novia	no soy tu novia	im not your girlfriend	train
tom doesnt look old	tom no parece viejo	tom no parece viejo	tom doesnt look old	train
everythings all right now	ahora está todo bien	ahora está todo bien|todo está bien ahora	everythings all right now	train
you have to listen	tenés que escuchar	tenés que escuchar|tienes que escuchar	you have to listen	train
sami is being patient	sami está siendo paciente	sami está siendo paciente	sami is being patient	train
i see that	eso veo	eso veo	i see that	train
who is listening ?	¿ quién escucha ?	¿ quién escucha ?	who is listening ?	train
here he comes	aquí viene	aquí viene	here he comes	train
tom felt sick	tom se sentía enfermo	tom se sentía enfermo	tom felt sick	train
you are very smart	eres muy lista	eres muy inteligente|eres muy lista|eres muy listo|son muy inteligentes|son muy listos|sos muy inteligente|sos muy lista|sos muy listo	you are very smart|youre very smart	train
my house is big	mi casa es grande	mi casa es grande	my home is big|my house is big	train
just a minute	un minuto	sólo un minuto|un minuto	just a minute	train
it is a book	es un libro	es un libro|este es un libro|esto es un libro	it is a book	train
you are children	ustedes son niños	sois unos niños|ustedes son niños	you are children	train
thats a problem	eso es un problema	es un problema|ese es un problema|eso es un problema	thats a problem	train
its not yet working	no funciona aún	no funciona aún|todavía no funciona	its not yet working	train
hes learning german	él está aprendiendo alemán	él está aprendiendo alemán	hes learning german	train
tom loves mary	tom ama a mary	tom ama a mary	tom loves mary	train
she has gone out	ella ha salido	ella ha salido|ella salió	she has gone out	train
im not crazy	no estoy loca	no estoy loca|no estoy loco	im not crazy	train
you arent japanese	no sos japonés	no sos japonés	you arent japanese	train
he spoke	él habló	él habló	he spoke	train
i missed you today	te extrañé hoy	te extrañé hoy	i missed you today	train
i needed you	te necesitaba	te necesitaba	i needed you	train
im satisfied	estoy satisfecho	estoy satisfecho	im satisfied	train
i was alive	yo estaba vivo	yo estaba vivo	i was alive	train
be cool	estate tranquilo	estate tranquilo	be cool	train
light is life	la luz es vida	la luz es vida	light is life	train
your french is excellent	tu francés es excelente	tu francés es excelente	your french is excellent	train
he had few teeth	él tenía pocos dientes	él tenía pocos dientes	he had few teeth	train
i was smoking	estaba fumando	estaba fumando	i was smoking	train
i do love you	yo sí te amo	yo sí te amo	i do love you	train
i think theyre happy	pienso que son felices	pienso que son felices	i think theyre happy	train
im sure of this	estoy bastante seguro	estoy bastante seguro	im sure of this	train
she isnt lonely anymore	ya no está sola	ya no está sola	she isnt alone anymore|she isnt lonely anymore	train
another patient has died	otro paciente ha muerto	otro paciente ha muerto	another patient has died	train
everything changed	todo cambió	todo cambió	everything changed	train
ill see you tomorrow	te veré mañana	te veo mañana|te veré mañana	ill see you tomorrow	train
his story is true	su historia es verdadera	su historia es verdadera	his story is true	train
she likes to sing	le gusta cantar	le gusta cantar	he likes singing|he loves singing|she likes to sing	train
i like snow	me gusta la nieve	me gusta la nieve	i like snow|i love snow	train
ill never leave you	nunca te dejaré	nunca te dejaré	ill never leave you	train
i have a key	tengo una llave	tengo una llave	i have a key	train
were here	estamos acá	estamos acá	were here	train
you didnt see him	no lo has visto	no lo has visto	you didnt see him	train
lets not get crazy	no nos volvamos locos	no nos volvamos locos	lets not get crazy	train
you cant go	no puedes ir	no podés ir|no puedes ir	you cant go	train
thats my book	ese es mi libro	ese es mi libro	that is my book|thats my book	train
tom closed the door	tom cerró la puerta	tom cerró la puerta	tom closed the door	train
he speaks incredibly fast	habla increíblemente rápido	habla increíblemente rápido	he speaks incredibly fast	train
we can do that	podemos hacerlo	podemos hacerlo	we can do it|we can do that	train
i need somebody	necesito a alguien	necesito a alguien	i need somebody	train
she doesnt understand	no entiende	no entiende	he doesnt understand|she doesnt understand|you dont understand	train
that must be hard	eso debe ser difícil	eso debe ser difícil	that must be hard	train
that hurts	eso duele	eso duele|me duele	that hurts	train
i dont understand english	no entiendo inglés	no entiendo inglés	i dont understand english	train
i will do it	lo haré	lo haré	i will do it|ill do it	train
i feel so lost	me siento tan perdido	me siento tan perdido	i feel so lost	train
she likes money	le gusta el dinero	le gusta el dinero	he likes money|she likes money	train
whats she doing ?	¿ qué hace ?	¿ qué hace ?	whats she doing ?	train
im boring	soy aburrido	soy aburrido	i am boring|im boring	train
its wonderful !	¡ es maravilloso !	¡ es maravilloso !	its wonderful !	train
were coming home	vamos para casa	vamos para casa	were coming home	train
shes not pregnant	no está embarazada	no está embarazada	shes not pregnant	train
well be happy	estaremos felices	estaremos felices	well be happy	train
its my last offer	es mi última oferta	es mi última oferta	its my last offer	train
i made her happy	la hice feliz	la hice feliz	i made her happy	train
give me your opinion	dime tu opinión	dame tu opinión|dime tu opinión	give me your opinion|tell me your opinion	train
this is my fault	esto es culpa mía	esto es culpa mía	this is my fault	train
i need a plan	necesito un plan	necesito un plan	i need a plan	train
theyre still alive	todavía están vivos	todavía están vivos	theyre still alive	train
we dont need you	no te necesitamos	no te necesitamos	we dont need you	train
my car is new	mi auto es nuevo	mi auto es nuevo	my car is new	train
im a bit confused	estoy un poco confundido	estoy un poco confundido	im a bit confused	train
it seems very interesting	parece muy interesante	parece muy interesante	it seems very interesting	train
they cant see me	no pueden verme	no pueden verme	they cant see me	train
tom hardly eats anything	tom apenas come nada	tom apenas come nada	tom hardly eats anything	train
tom is my name	me llamo tom	me llamo tom	my name is tom|tom is my name	train
im not afraid	no estoy asustado	no estoy asustado|no tengo miedo	i am not afraid|im not afraid|im not scared	train
tom has big problems	tom tiene grandes problemas	tom tiene grandes problemas	tom has big problems	train
tom sings quite well	tomás canta bastante bien	tomás canta bastante bien	tom sings quite well	train
i didnt buy them	no los compré	no los compré|yo no las compré	i didnt buy them	train
you must eat something	usted necesita comer algo	usted necesita comer algo	you must eat something	train
tom has cancer	tom tiene cáncer	tom tiene cáncer	tom has cancer	train
i felt lonely	me sentí solo	me sentí solo|me sentía solo	i felt alone|i felt lonely	train
youre in my way	estás en mi camino	estás en mi camino	youre in my way	train
they dont like me	no les gusto	no les gusto|yo no les gusto	they dont like me|you dont like me	train
youre a good person	eres buena persona	eres buena persona	youre a good person	train
ive done everything	yo hice todo	yo hice todo	ive done everything	train
it may rain soon	puede que llueva pronto	puede que llueva pronto	it may rain soon	train
it smells strange here	aquí huele raro	aquí huele raro	it smells strange here	train
im completely naked	estoy completamente desnudo	estoy completamente desnudo	im completely naked	train
this is me	este soy yo	este soy yo	this is me	train
you havent eaten	no habéis comido	no habéis comido|tú no has comido	you guys havent eaten|you havent eaten	train
they are here	están aquí	están aquí	they are here|theyre here	train
it is snowing	está nevando	está nevando	it is snowing|its snowing	train
tom was ready	tom estaba preparado	tom estaba preparado	tom was prepared|tom was ready	train
i knew your father	conocí a tu padre	conocí a tu padre	i knew your father	train
tom is joking	tomás está bromeando	tomás está bromeando	tom is joking|tom is kidding|toms joking	train
this is my dog	éste es mi perro	ese es mi perro|éste es mi perro	this is my dog	train
everybody needs one	todos necesitan uno	todos necesitan uno	everybody needs one	train
let me win	déjame ganar	déjame ganar	let me win	train
shes pregnant	ella está embarazada	ella está embarazada	shes pregnant	train
tom is a baby	tom es un bebé	tom es un bebé	tom is a baby	train
put your gun down	baja el arma	baja el arma|baja tu arma	put your gun down	train
we were like brothers	éramos como hermanos	éramos como hermanos	we were like brothers	train
i never speak french	nunca hablo francés	nunca hablo francés	i never speak french	train
i do want it	sí que lo quiero	sí que lo quiero	i do want it	train
i felt like crying	tenía ganas de llorar	tenía ganas de llorar	i felt like crying	train
we must speak	tenemos que hablar	tenemos que hablar	we have to talk|we must speak|we need to talk	train
go now	vaya ya	vaya ahora mismo|vaya ya|vayan ahora mismo|vayan ya|ve ahora mismo|ve ya	go now	train
he lives there alone	él vive allí solo	él vive ahí solo|él vive allí solo	he lives there alone	train
what a lie !	¡ qué mentira !	¡ qué mentira !	thats a lie !|what a lie !	train
he is at home	él está en casa	él está en casa	he is at home	train
its all but impossible	es todo menos imposible	es todo menos imposible	its all but impossible	train
leave tom alone	deja solo a tom	deja solo a tom	leave tom alone	train
she said nothing	ella no dijo nada	ella no dijo nada|no dijo nada	she said nothing	train
that day shall come	el día vendrá	el día vendrá	that day shall come	train
i need more light	necesito más luz	necesito más luz	i need more light	train
youre still very beautiful	todavía eres muy hermosa	todavía eres muy hermosa	youre still very beautiful	train
look at tom	mira a tom	mira a tom	look at tom	train
were still together	aún estamos juntos	aún estamos juntos	were still together	train
tom is patient	tom es paciente	tom es paciente	tom is patient	train
im here	estoy aquí	estoy aquí	i am here|im here	train
you are a teacher	tú eres un profesor	sos profesor|sos un maestro|tú eres un profesor|tú eres una profesora	you are a teacher|youre a teacher	train
tom looked happy	tom parecía feliz	tom lucía feliz|tom parecía feliz	tom looked happy	train
nobody likes her	nadie la quiere	nadie la quiere	nobody likes her	train
i like fish	me gusta el pescado	me gusta el pescado	i like fish	train
please do something	por favor haz algo	por favor haga algo|por favor haz algo	please do something	train
thanks for the book	gracias por el libro	gracias por el libro	thanks for the book	train
were students	somos estudiantes	somos estudiantes	we are students|were students	train
she is my girlfriend	ella es mi novia	ella es amiga mía|ella es mi amiga|ella es mi novia	she is my girlfriend	train
i live alone	yo vivo solo	yo vivo solo	i live alone	train
tom doesnt believe me	tom no me cree	tom no me cree	tom doesnt believe me	train
come here right now	ven aquí ahora mismo	ven aquí ahora mismo	come here at once|come here right now|come here this minute	train
nobody will know	no lo sabrá nadie	nadie sabrá|no lo sabrá nadie	nobody will know	train
im extremely sorry	lo siento muchísimo	lo siento muchísimo	im extremely sorry	train
wait for me there	espera allí por mí	espera allí por mí	wait for me there	train
enjoy yourself !	pásenla bien	pásala bien|pásenla bien|¡ diviértete !	enjoy yourself|enjoy yourself !|have a good time|have a nice time|have fun|have fun !	train
you must do it	tienes que hacerlo	tienes que hacerlo	you must do it	train
try and pay attention	inténtalo y presta atención	inténtalo y presta atención	try and pay attention	train
she did have fun	ella la pasó bien	ella la pasó bien	she did have fun	train
i see his house	yo veo su casa	yo veo su casa	i see his house	train
hes a bad liar	él miente mal	él miente mal	hes a bad liar	train
i want something more	quiero algo más	quiero algo más	i want something more	train
i cant talk	no puedo hablar	no puedo hablar	i cant talk	train
pay attention to him	presta atención a él	presta atención a él	pay attention to him	train
we made it	lo hicimos	lo hicimos	we made it	train
stand up	levántate	levántate	get up|stand up	train
youre trapped	estás atrapado	estás atrapado	youre trapped	train
tom also speaks french	tom también habla francés	tom también habla francés	tom also speaks french	train
this is very sweet	esto está muy dulce	esto está muy dulce	this is very sweet	train
hes big and strong	es grande y fuerte	es grande y fuerte	hes big and strong	train
i liked tony	tony me gustaba	me gustaba tony|me gustó tony|tony me gustaba	i liked tony	train
i love my father	quiero a mi padre	quiero a mi padre	i love my father	train
those books are yours	esos libros son tuyos	esos libros son tuyos	those books are yours	train
he will also go	él también irá	él también irá	he will also go	train
tom didnt say that	tom no dijo eso	tom no dijo eso	tom didnt say that	train
ill call you tomorrow	te llamaré mañana	mañana te llamo|te llamaré mañana	ill call you tomorrow	train
tom spoke french	tom habló en francés	tom habló en francés	tom spoke french	train
i love it	me encanta	me encanta	i love it	train
tell the truth	di la verdad	decid la verdad|di la verdad	tell the truth	train
everyone was happy	todos estaban felices	todos eran felices|todos estaban felices	all were happy|everyone was happy	train
i already know	ya sé	ya sé	i already know	train
bob was very happy	bob era muy feliz	bob era muy feliz|bob estaba muy feliz	bob was very happy	train
everyone was hungry	todos estaban hambrientos	todos estaban hambrientos|todos tenían hambre	everyone was hungry	train
its a beautiful song	es una canción preciosa	es una canción preciosa	its a beautiful song	train
my mother is angry	mi madre está enfadada	mi madre está enfadada	my mother is angry	train
this man is alive	este hombre está vivo	este hombre está vivo	this man is alive	train
i have one too	yo también tengo uno	yo también tengo una|yo también tengo uno	i have one too	train
i might be wrong	yo puedo estar equivocado	yo puedo estar equivocado	i might be wrong	train
he touched her hair	le tocó el pelo	le tocó el pelo	he touched her hair	train
he is still alive	él aún sigue vivo	él aún sigue vivo	he is still alive	train
im sad	estoy triste	estoy triste	im sad	train
she denied everything	ella lo negó todo	ella lo negó todo|negó todo	she denied everything	train
tom was embarrassed	tom estaba avergonzado	tom estaba avergonzado	tom was embarrassed	train
i like clothes	me gusta la ropa	me gusta la ropa	i like clothes	train
weve done that	hemos hecho eso	hemos hecho eso	weve done that	train
she doesnt know yet	ella no sabe todavía	ella no sabe todavía	she doesnt know yet	train
bring wine	trae vino	trae vino	bring wine	train
we worked for them	trabajamos para ellos	trabajamos para ellos	we worked for them	train
he spoke truth	él dijo la verdad	él dijo la verdad	he said the truth|he spoke truth|he told the truth	train
wait there for me	espera por mí allí	espera por mí allí	wait there for me	train
tom needs your help	tom necesita tu ayuda	tom necesita tu ayuda	tom needs your help	train
we were drunk	estábamos borrachos	estábamos borrachos	we were drunk	train
time is money	el tiempo es dinero	el tiempo es dinero	time is money	train
this place is cool	este lugar es genial	este lugar es genial	this place is cool	train
hes nothing	él no es nada	él no es nada	he is nothing|hes nothing	train
get real	abre los ojos	abre los ojos	get real|open your eyes	train
you shouldve come yesterday	deberías haber venido ayer	deberías haber venido ayer	you shouldve come yesterday	train
it wasnt a dream	no fue un sueño	no fue un sueño	it wasnt a dream	train
somebody answered	alguien respondió	alguien respondió	somebody answered	train
me too !	¡ yo también !	¡ yo también !	me too !	train
youre not sick	no estás enfermo	no estás enferma|no estás enfermo	youre not sick	train
she smells bad	ella huele mal	ella huele mal	she smells bad	train
forgive me !	¡ perdona !	¡ perdona !	forgive me !	train
tom was really tired	tomás estaba realmente cansado	tomás estaba realmente cansado	tom was really tired	train
please take one	coge una	coge una|coge una de estas	please take one	train
they said no	dijeron que no	dijeron que no	they said no	train
tom is in	tom está dentro	tom está dentro	tom is in	train
youre lazy	eres perezoso	eres perezoso	youre lazy	train
the cat is brown	el gato es café	el gato es café	the cat is brown	train
its well done	está hecho bien	está bien hecho|está hecho bien	its well done	train
mom thanks for everything	gracias por todo mamá	gracias por todo mamá	mom thanks for everything	train
im eating an apple	estoy comiendo una manzana	estoy comiendo una manzana	im eating an apple	train
come back here	vuelve aquí	vuelve aquí	come back here|get back here	train
i got a job	encontré un trabajo	encontré un trabajo	i got a job	train
no one said anything	nadie dijo nada	nadie dijo nada	no one said anything|nobody said anything	train
choose	elige	elige	choose|make your choice	train
well be in touch	estaremos en contacto	estaremos en contacto	well be in touch	train
its mine not its	es mío no suyo	es mío no suyo	its mine not his|its mine not its	train
come out here	sal aquí	sal aquí|ven aquí fuera	come on out here|come out here	train
i want milk	quiero una leche	quiero leche|quiero una leche	i want milk	train
school is boring	el colegio es aburrido	el colegio es aburrido	school is boring	train
youll be fine !	¡ estarás bien !	¡ estarás bien !	youll be fine !	train
he is always joking	siempre está bromeando	siempre está bromeando	he is always joking	train
bored now	ahora estoy aburrido	ahora estoy aburrido	bored now	train
thanks for the answer	gracias por la respuesta	gracias por la respuesta	thanks for the answer	train
tom kept writing	tom siguió escribiendo	tom siguió escribiendo	tom kept writing	train
i am a teacher	yo soy profesor	soy maestro|yo soy profesor	i am a teacher|im a teacher	train
its snowing now	ahora está nevando	ahora está nevando	its snowing now	train
his wife is french	su mujer es francesa	su mujer es francesa	his wife is french	train
tom kissed mary	tom besó a mary	tom besó a mary	tom kissed mary	train
ready !	¿ listos ?	¿ listos ?	ready !	train
im quite young	soy bastante joven	soy bastante joven	im quite young	train
it made me smile	me hizo sonreír	me hizo sonreír	he made me smile|it made me smile|she made me smile	train
she is a beauty	ella es una belleza	ella es una belleza	she is a beauty|shes a beauty	train
this isnt normal	esto no es normal	esto no es normal	this isnt normal	train
you dont look angry	no pareces enfadado	no pareces enfadado	you dont look angry	train
i must be blind	debo de estar ciego	debo de estar ciego	i must be blind	train
toms strong	tom es fuerte	tom es fuerte	tom is strong|toms strong	train
i am here now	estoy aquí ahora	estoy aquí ahora	i am here now	train
get away !	¡ largo !	¡ fuera !|¡ largo !|¡ lárgate !|¡ vete ya !	get away !|get lost !|go away|go away !	train
the car is blue	el coche es azul	el auto es azul|el coche es azul	the car is blue	train
she also speaks french	también habla francés	también habla francés	he also speaks french|she also speaks french	train
no no no !	no no no !	no no no !	no no no !	train
it was my fault	fue culpa mía	fue culpa mía|fue mi culpa	it was my fault	train
that house is mine	aquella casa es mía	aquella casa es mía	that house is mine	train
he was totally drunk	él estaba totalmente borracho	él estaba totalmente borracho	he was totally drunk	train
weve done it before	lo hemos hecho antes	lo hemos hecho antes	weve done it before	train
i like cooking	me gusta cocinar	me gusta cocinar	i like cooking|i like to cook	train
let me out !	¡ déjame salir !	¡ déjame salir !	let me leave !|let me out !	train
tom is almost ready	tom está casi listo	tom está casi listo	tom is almost ready	train
she drives very well	conduce muy bien	conduce muy bien	she drives very well	train
its pretty cold	hace bastante frío	hace bastante frío	its pretty cold	train
i see a book	veo un libro	veo un libro	i see a book	train
i can run	sé correr	puedo correr|sé correr	i can run	train
some man	vaya hombre	vaya hombre	some man	train
here comes the bus	aquí viene el autobús	aquí viene el autobús	here comes the bus	train
no ones listening	nadie está escuchando	nadie está escuchando	no ones listening	train
were ready	estamos listos	estamos listos	were ready	train
she isnt married	ella no está casada	ella no está casada|no está casada	she isnt married	train
please go ahead	continúa por favor	continúa por favor	please go ahead	train
it is dark outside	está oscuro fuera	está oscuro fuera	it is dark outside|its dark outside	train
tom died very young	tom murió muy joven	tom murió muy joven	tom died very young	train
now move on	ahora continúa	ahora continúa|ahora sigue	now move on	train
that is my book	ese es mi libro	ese es mi libro	that is my book|thats my book	train
somebody just called	alguien acaba de llamar	alguien acaba de llamar	somebody just called	train
you are very beautiful	eres muy bonita	eres muy bonita|eres muy guapa|estás muy guapa	you are very beautiful|youre very beautiful	train
let tom come	deja venir a tom	deja venir a tom	let tom come	train
this dog is white	este perro es blanco	este perro es blanco	this dog is white	train
my german is terrible	mi alemán es terrible	mi alemán es terrible	my german is terrible	train
i like that song	me gusta esa canción	me gusta esa canción	i like that song	train
nobody can stop it	nadie puede detenerlo	nadie puede detenerlo	nobody can stop it	train
he sang and sang	cantó y cantó	cantó y cantó	he sang and sang	train
we cant talk here	no podemos hablar aquí	no podemos hablar aquí	we cant talk here	train
she is quiet	está tranquila	ella es tranquila|es tranquila|está tranquila	she is quiet	train
he is smart	él es inteligente	es inteligente|él es inteligente	he is intelligent|he is smart|hes intelligent|hes smart	train
are you okay ?	¿ estás bien ?	¿ estás bien ?	are you ok ?|are you okay ?|are you well ?|you all right ?	train
try to be strong	intenta ser fuerte	intenta ser fuerte	try to be strong	train
tom needs us	tom nos necesita	tom nos necesita	tom needs us	train
i have five children	tengo cinco hijos	tengo cinco hijos	i have five children	train
i called tom today	llamé hoy a tom	llamé hoy a tom	i called tom today	train
ill show you later	te mostraré más tarde	te mostraré más tarde	ill show you later	train
thats good advice	es un buen consejo	es un buen consejo	thats good advice	train
that sounds very interesting	eso suena muy interesante	eso suena muy interesante	that sounds very interesting	train
come outside with me	ven conmigo afuera	ven conmigo afuera	come outside with me	train
theyre with me	ellas están conmigo	ellas están conmigo|ellos están conmigo|están conmigo	theyre with me	train
i bought this yesterday	lo compré ayer	ayer compré esto|lo compré ayer	i bought it yesterday|i bought this yesterday	train
yanni is hungry too	yanni también tiene hambre	yanni también tiene hambre	yanni is hungry too	train
tom drives	tomás conduce	tomás conduce	tom drives	train
im interested	estoy interesado	estoy interesado	im interested	train
thanks to life	gracias a la vida	gracias a la vida	thanks to life	train
it was a joke	era una broma	era una broma|fue una broma	it was a joke	train
this is my advice	este es mi consejo	este es mi consejo	this is my advice	train
this is so dumb	esto es tan estúpido	esto es tan estúpido	this is so dumb	train
he believes tom	le cree a tomás	le cree a tomás	he believes tom	train
tom became a doctor	tom se hizo médico	tom se hizo médico	tom became a doctor	train
did tom go ?	¿ fue tom ?	¿ fue tom ?	did tom go ?	train
its cold today	hace frío hoy	hace frío hoy	it is cold today|its cold today	train
shes not sleepy	no tiene sueño	no tiene sueño	he is not sleepy|shes not sleepy	train
we should follow them	nosotras deberíamos seguirlas	deberíamos seguirlas|deberíamos seguirlos|nosotras deberíamos seguirlas|nosotras deberíamos seguirlos|nosotros deberíamos seguirlas|nosotros deberíamos seguirlos	we should follow them	train
ill be very careful	seré muy cuidadoso	seré muy cuidadoso	ill be very careful	train
learn italian	aprende italiano	aprende italiano	learn italian	train
no one is coming	no vendrá nadie	no vendrá nadie	no one is coming	train
it was dark blue	era azul oscuro	era azul oscuro	it was dark blue	train
this is ok	esto está bien	esto está bien|esto está correcto	this is good|this is nice|this is ok	train
just take your time	tómate tu tiempo	tómate tu tiempo	just take your time|take your time	train
show me another watch	enséñame otro reloj	enséñame otro reloj	show me another watch	train
they helped tom	ellas ayudaron a tom	ellas ayudaron a tom|ellos ayudaron a tom	they helped tom	train
they have to come	ellos tienen que venir	ellos tienen que venir	they have to come	train
were old friends	somos viejos amigos	somos viejos amigos	were old friends	train
we speak french	hablamos francés	hablamos francés	we speak french	train
tom didnt eat much	tom no comió mucho	tom no comió mucho	tom didnt eat much	train
it isnt new	no es nuevo	no es nuevo	it isnt new	train
its our secret	es nuestro secreto	es nuestro secreto	its our secret	train
today is very cold	hoy hace mucho frío	hoy hace mucho frío	today is very cold	train
i must rest	debo descansar	debo descansar|tengo que descansar	i must rest	train
thank you brothers	gracias hermanos	gracias hermanos	thank you brothers	train
they dont despise you	no te desprecian	no os desprecian|no te desprecian	they dont despise you	train
its not mine	no es mío	no es mío	it isnt mine|its not mine	train
i was embarrassed	estaba avergonzado	estaba avergonzado	he was embarrassed|i was embarrassed	train
here i come	ya estoy aquí	aquí vengo|ya estoy aquí	here i come	train
fish please	pescado por favor	pescado por favor	fish please	train
hes tired of work	está cansado de trabajar	está cansado de trabajar|está cansado del trabajo	hes tired of work	train
let tom sleep	deja dormir a tom	deja dormir a tom	let tom sleep	train
that cake was delicious	ese pastel estaba delicioso	ese pastel estaba delicioso	that cake was delicious	train
i know youre right	sé que tiene razón	sé que tiene razón|sé que tienes razón	i know youre right	train
you werent listening	no estabas escuchando	no estabas escuchando	you werent listening	train
you have to read	tienes que leer	debes leer|tienes que leer	you have to read	train
i like to eat	me gusta comer	me gusta comer	i like eating|i like to eat	train
everyone knows	todos saben	todos saben	everyone knows	train
walk this way	ve por aquí	ve por aquí|ven por aquí|venga por aquí	walk this way	train
hes very intelligent	él es muy inteligente	él es muy inteligente	hes very intelligent	train
youre drunk	estás borracho	estás borracho	youre drunk	train
you bought bread	habéis comprado pan	habéis comprado pan	you bought bread	train
he saw the girl	vio a la niña	vio a la niña	he saw the girl	train
youre always working	siempre estás trabajando	siempre estás trabajando	youre always working	train
i believe in ken	creo en ken	creo en ken	i believe in ken|i trust ken	train
he talks a lot	él habla mucho	él habla mucho	he talks a lot	train
im happy and satisfied	estoy feliz y satisfecho	estoy feliz y satisfecho	im happy and satisfied	train
you can study here	podéis estudiar aquí	podéis estudiar aquí|puedes estudiar aquí	you can study here	train
she came at once	ella vino enseguida	ella vino enseguida	she came at once	train
its only monday	sólo es lunes	sólo es lunes	its only monday	train
we have rules	tenemos reglas	tenemos reglas	we have rules	train
i hate this place	odio este lugar	odio este lugar	i hate this place	train
i never learn	nunca aprendo	nunca aprendo	i never learn	train
its not always easy	no siempre es fácil	no siempre es fácil	its not always easy	train
i dont see anything	no veo nada	no veo nada	i cant see anything|i dont see anything	train
youre still wrong	aún estás equivocado	aún estás equivocado	youre still wrong	train
she called me	me llamó	me llamó	she called me	train
enter here !	¡ entra aquí !	¡ entra aquí !	enter here !|get in here !	train
he is never sad	él nunca está triste	él nunca está triste	he is never sad	train
im in a hurry	tengo prisa	tengo prisa	im in a hurry	train
that doesnt sound healthy	eso no suena saludable	eso no suena saludable	that doesnt sound healthy	train
i like girls	me gustan las chicas	me gustan las chicas	girls please me|i like girls|i like the girls|the girls please me	train
i had to go	tuve que ir	tuve que ir	i had to go	train
tom works in boston	tom trabaja en boston	tom trabaja en boston	tom works in boston	train
ive just come back	acabo de volver	acabo de volver	ive just come back	train
heres my address	aquí está mi dirección	aquí está mi dirección	heres my address	train
im not done yet	todavía no terminé	todavía no terminé	im not done yet	train
tom ate out	tom salió a comer	tom salió a comer	tom ate out	train
her parents both died	sus dos padres murieron	sus dos padres murieron	her parents both died	train
thats toms	eso es de tomás	eso es de tomás	thats toms	train
i was not disappointed	no estaba decepcionado	no estaba decepcionado	i was not disappointed	train
this is so weird	esto es tan raro	esto es tan raro	this is so weird	train
im free now	ahora soy libre	ahora estoy libre|ahora soy libre	im free now	train
im too tired	estoy demasiado cansada	estoy demasiado cansada	im too tired	train
its their job	es su trabajo	es su trabajo	its their job	train
yanni has changed	yanni ha cambiado	yanni ha cambiado	yanni has changed	train
its your choice	es tu decisión	es tu decisión	its up to you|its your choice|its your decision	train
our teacher seemed angry	nuestro profesor lucía enfadado	nuestro profesor lucía enfadado	our teacher seemed angry	train
i heard you sing	te oí cantar	te oí cantar	i heard you sing	train
they are brothers	ellos son hermanos	ellos son hermanos	they are brothers|theyre brothers	train
are you students ?	¿ son estudiantes ?	¿ sois estudiantes ?|¿ son estudiantes ?	are they students ?|are you students ?	train
you may go home	puedes irte a casa	puedes irte a casa	you can go home|you may go home	train
im listening to music	estoy escuchando música	estoy escuchando música	im listening to music	train
i want it	lo quiero	lo quiero	i want it	train
do what you like	haz lo que quieras	haz lo que quieras	do as you like|do as you want|do what you like|do what you want	train
its hard to believe	es difícil de creer	es difícil de creer	its hard to believe	train
idiot !	¡ tonto !	¡ idiota !|¡ tonto !	idiot !	train
we need new shoes	necesitamos nuevos zapatos	necesitamos nuevos zapatos	we need new shoes	train
i can buy one	yo puedo comprar uno	yo puedo comprar uno	i can buy one	train
youre afraid	usted tiene miedo	tú tienes miedo|usted tiene miedo	you are afraid|youre afraid	train
i like his picture	me gusta su foto	me gusta su foto	i like his picture	train
this one is clean	este está limpio	este está limpio	this one is clean	train
you shouldnt have come	no deberías haber venido	no deberías haber venido	you shouldnt have come	train
tell me his name	dime su nombre	dime su nombre	tell me his name	train
i can hardly breathe	apenas puedo respirar	apenas puedo respirar	i can hardly breathe	train
he stole it	él la robó	la robó|lo robó|él la robó|él lo robó	he stole it	train
i dont have change	no tengo cambio	no tengo cambio	i dont have change	train
tom isnt hungry	tomás no tiene hambre	tomás no tiene hambre	tom isnt hungry|toms not hungry	train
its too hot today	hoy hace demasiado calor	hoy hace demasiado calor	its too hot today	train
today its monday	hoy es lunes	es lunes|es lunes hoy|hoy es lunes	it is monday today|its monday today|today is monday|today its monday	train
i dont want trouble	no quiero problemas	no quiero problemas	i dont want trouble	train
you have three cats	ustedes tienen tres gatos	tenéis tres gatos|ustedes tienen tres gatos	you have three cats	train
tom isnt sleeping	tom no está durmiendo	tom no está durmiendo	tom isnt sleeping	train
say something !	¡ decid algo !	¡ decid algo !|¡ di algo !	say something|say something !	train
no one hugged tom	nadie abrazó a tom	nadie abrazó a tom	no one hugged tom|nobody hugged tom	train
he is very young	él es muy joven	él es muy joven	he is very young	train
everyone knows everyone	todos conocen a todos	todos conocen a todos	everyone knows everyone	train
calm down	relájate	cálmate|relájate	calm down|just relax|relax|take it easy	train
toms hurt	tom está herido	tom está herido	tom is hurt|toms hurt	train
i would be loved	yo sería amado	yo sería amado	i would be loved	train
tom has three sons	tom tiene tres hijos	tom tiene tres hijos	tom has three children|tom has three sons	train
the world is beautiful	el mundo es hermoso	el mundo es hermoso	the world is beautiful	train
im not an american	no soy estadounidense	no soy estadounidense	im not an american	train
hes in danger	él está en peligro	él está en peligro	hes in danger	train
i still cannot dance	sigo sin saber bailar	sigo sin saber bailar	i still cannot dance|i still cant dance	train
are you mad ?	¿ estás loca ?	¿ estás enfadado ?|¿ estás enojado ?|¿ estás loca ?|¿ estás loco ?	are you crazy ?|are you mad ?	train
close the window	cierra la ventana	cierra la ventana	close the window	train
someone asked for you	alguien preguntó por ti	alguien preguntó por ti	someone asked for you	train
you didnt see nothing	no has visto nada	no has visto nada	you didnt see anything|you didnt see nothing	train
are you going ?	¿ te vas ?	¿ te vas ?	are you going ?|youre going ?	train
somebody should do something	alguien debería decir algo	alguien debería decir algo	somebody should do something	train
the book is mine	el libro es mío	el libro es mío	the book is mine	train
she is intelligent	es inteligente	es inteligente	he is intelligent|he is smart|hes intelligent|hes smart|she is intelligent	train
theyre afraid of us	ellos nos tienen miedo	ellos nos tienen miedo	theyre afraid of us	train
nobody smiled	nadie sonrió	nadie sonrió|no sonrió nadie	nobody smiled	train
it wont be easy	no será fácil	no será fácil	it wont be easy	train
she liked it	le gustó	le gustó	she liked it	train
the tv doesnt work	la televisión no funciona	la televisión no funciona	the television doesnt work|the tv doesnt work	train
we are just friends	somos solo amigos	solo somos amigos|somos solo amigos	we are just friends|were only friends	train
is she sleeping ?	¿ está durmiendo ?	¿ está durmiendo ?	is he sleeping ?|is she sleeping ?	train
you were right tom	tenías razón tom	tenías razón tom	you were right tom	train
she is a girl	es una niña	es una niña	she is a girl|shes a girl	train
i appreciate your help	yo aprecio tu ayuda	aprecio tu ayuda|yo aprecio tu ayuda	i appreciate your help	train
tom has been trapped	tom ha sido atrapado	tom ha sido atrapado	tom has been trapped	train
the birds are singing	los pájaros cantan	los pájaros cantan|los pájaros están cantando	birds sing|the birds are singing	train
we must follow them	debemos seguirlas	debemos seguirlas|debemos seguirlos|nosotras debemos seguirlas|nosotras debemos seguirlos|nosotros debemos seguirlas|nosotros debemos seguirlos	we must follow them	train
you made me laugh	me hiciste reír	me hiciste reír	you made me laugh	train
i got one !	¡ tengo uno !	¡ tengo uno !	i got one !	train
mary ran	mary corrió	mary corrió	mary ran	train
she can hardly speak	apenas puede hablar	apenas puede hablar	he can hardly speak|she can hardly speak	train
theres nothing here	aquí no hay nada	aquí no hay nada|no hay nada acá	there is nothing here|theres nothing here	train
they tortured tom	ellas torturaron a tom	ellas torturaron a tom|ellos torturaron a tom	they tortured tom	train
my eyes are blue	tengo los ojos azules	mis ojos son azules|tengo los ojos azules	my eyes are blue	train
i respect your opinion	respeto vuestra opinión	respeto su opinión|respeto tu opinión|respeto vuestra opinión	i respect your opinion	train
tom left	tom se fue	tom se fue	tom left	train
we love our job	nos encanta nuestro trabajo	nos encanta nuestro trabajo	we love our job	train
i already speak italian	ya hablo italiano	ya hablo italiano	i already speak italian	train
open up	abre	abre	open up	train
this is my choice	esta es mi elección	esta es mi elección	this is my choice	train
he said the truth	él dijo la verdad	dijo la verdad|él dijo la verdad	he said the truth|he spoke truth|he told the truth	train
ask him	pregúntale	pregúntale	ask her|ask him	train
i trust you	confío en ti	confío en ti	i trust you	train
you look so pale	te ves tan pálido	te ves tan pálido	you look so pale	train
attention !	¡ atención !	¡ atención !	attention !	train
he ate out	él salió a comer	él salió a comer	he ate out	train
i am happy	¡ soy feliz !	estoy contento|yo estoy contento|¡ estoy feliz !|¡ soy feliz !	i am happy	train
dogs are smart	los perros son listos	los perros son inteligentes|los perros son listos	dogs are smart	train
youre a real friend	eres una verdadera amiga	eres una verdadera amiga	youre a real friend	train
toms gone	tom se ha ido	tom se ha ido	toms gone	train
youre all crazy	todos están locos	todos estáis locos|todos están locos	youre all crazy	train
then let us begin	entonces ¡ comencemos !	entonces vamos a empezar|entonces ¡ comencemos !	then let us begin	train
im the bad one	soy la mala	soy el malo|soy la mala|yo soy el malo|yo soy la mala	im the bad one	train
she cried	ella lloró	ella lloró	she cried	train
i thank you	te lo agradezco	te lo agradezco	i thank you	train
tom loves his job	tom ama su trabajo	tom ama su empleo|tom ama su trabajo	tom loves his job|tom loves his work	train
he doesnt like sleeping	no le gusta dormir	no le gusta dormir	he doesnt like sleeping	train
its safe here	aquí estamos seguros	aquí estamos seguros	its safe here	train
i told you so	yo te lo dije	yo te lo dije	i told you so	train
shes thirsty	tiene sed	tiene sed	hes thirsty|shes thirsty	train
tom got shot	le dispararon a tom	a tom le dispararon|le dispararon a tom	tom got shot|tom has been shot	train
well be leaving tomorrow	nos iremos mañana	nos iremos mañana	well be leaving tomorrow	train
ive changed my job	cambié de trabajo	cambié de trabajo	ive changed my job	train
a child needs love	un niño necesita amor	un niño necesita amor	a child needs love	train
think for a moment	piensa por un momento	piensa por un momento	think for a moment	train
we must help	tenemos que ayudar	tenemos que ayudar	we must help	train
they were ready	estaban listos	estaban listos	they were ready|you were ready	train
tom sang with mary	tomás cantó con maría	tomás cantó con maría	tom sang with mary	train
mary had a boy	mary tuvo un niño	mary tuvo un niño	mary had a boy	train
i hate french	odio el francés	odio el francés	i hate french	train
thats my wife	ella es mi esposa	ella es mi esposa	shes my wife|thats my wife|this is my wife	train
mary is my daughter	mary es mi hija	mary es hija mía|mary es mi hija	mary is my daughter	train
i know its true	sé que es verdad	sé que es verdad	i know its true	train
we have water enough	tenemos suficiente agua	tenemos suficiente agua	we have enough water|we have water enough	train
theyre looking for you	os están buscando	ellos te están buscando|os están buscando	theyre looking for you	train
its monday you know	es lunes ya sabes	es lunes ya sabes	its monday you know	train
sit down with me	siéntate conmigo	siéntate conmigo	sit down with me	train
water is life	el agua es vida	el agua es vida	water is life	train
were ready to leave	estamos listos para partir	estamos listos para partir	were ready to go|were ready to leave	train
he does not know	él no sabe	él no sabe	he does not know	train
that man is tom	aquel hombre es tomás	aquel hombre es tomás|ese hombre es tomás	that man is tom	train
pay attention to her	presta atención a ella	presta atención a ella	pay attention to her	train
im not lucky	no tengo suerte	no tengo suerte	im not lucky	train
we had fun tonight	esta noche nos divertimos	esta noche nos divertimos	we had fun tonight	train
have fun in boston	diviértete en boston	diviértete en boston	have fun in boston	train
you made it	lo has conseguido	lo han conseguido ustedes|lo has conseguido|lo has hecho	you made it	train
he isnt lonely anymore	ya no está solo	ya no está solo	he isnt alone anymore|he isnt lonely anymore	train
wait what ?	espera ¿ qué ?	espera ¿ qué ?	wait what ?	train
were not crazy	no estamos locos	no estamos locos	were not crazy	train
i didnt buy anything	yo no compré nada	no compré nada|yo no compré nada	i didnt buy anything	train
are you serious ?	¿ en serio ?	¿ en serio ?	are you serious ?|no kidding ?|really ?	train
that helped	eso ayudó	eso ayudó	that helped	train
everything is under control	todo está bajo control	todo está bajo control	everything is under control|everythings under control	train
his answer is reasonable	su respuesta es razonable	su respuesta es razonable	his answer is reasonable	train
tom already knows	tom ya sabe	tom ya lo sabe|tom ya sabe	tom already knows	train
dont look up	no mires hacia arriba	no mires hacia arriba	dont look up	train
it didnt work out	no funcionó	no funcionó	it didnt work|it didnt work out	train
i cant	no puedo	no puedo	i can not|i cant	train
he himself said so	lo dijo él mismo	lo dijo él mismo	he himself said so	train
its different	es diferente	es diferente	its different	train
dont talk about tom	no hables de tom	no hables de tom	dont talk about tom	train
he wont know	no lo sabrá	no lo sabrá	he wont know	train
he was english	él era inglés	él era inglés	he was english	train
its a wonderful world	es un mundo maravilloso	es un mundo maravilloso	its a wonderful world	train
i like your shirt	me gusta tu camisa	me gusta tu camisa	i like your shirt	train
theyre right	están en lo cierto	están en lo cierto|tienen razón	theyre right	train
i hear the noise	escucho el ruido	escucho el ruido	i hear the noise	train
get me another beer	tráeme otra cerveza	tráeme otra cerveza	get me another beer	train
what a pain !	qué dolor	qué dolor	what a pain !	train
relax for a second	relájate por un segundo	relájate por un segundo	relax for a second	train
you are a liar	sos un mentiroso	sos un mentiroso	you are a liar|youre a liar	train
the birds are red	los pájaros son rojos	los pájaros son rojos	the birds are red	train
it all went wrong	todo salió mal	todo salió mal	everythings gone wrong|it all went wrong	train
were on our way	estamos de camino	estamos de camino	were on our way	train
tom likes mary	tom quiere a mary	tom quiere a mary	tom likes mary|tom wants mary	train
i can do anything	puedo hacer cualquier cosa	puedo hacer cualquier cosa	i can do anything	train
tom is singing	tom canta	tom canta|tom está cantando	tom is singing|tom sings	train
really he died	en serio él murió	en serio él murió	really he died	train
itll snow today	va a nevar hoy	va a nevar hoy	itll snow today	train
i hate english	odio el inglés	odio el inglés	i hate english	train
i have a question	tengo una pregunta	tengo una pregunta	i have a question|ive got a question	train
you should sue tom	deberías demandar a tom	deberías demandar a tom	you should sue tom	train
it was still night	aún era de noche	aún era de noche	it was still night	train
we eat	nosotros comemos	comemos|nosotros comemos	we eat	train
im prepared	estoy preparado	estoy preparado	im prepared	train
he isnt alone anymore	ya no está solo	ya no está solo	he isnt alone anymore|he isnt lonely anymore	train
toms dangerous	tom es peligroso	tom es peligroso	tom is dangerous|toms dangerous	train
they love me	ellos me aman	ellos me aman	they love me	train
i have one sister	tengo una hermana	tengo una hermana|yo tengo una hermana	i have one sister	train
ziri always wanted attention	ziri siempre quería atención	ziri siempre quería atención	ziri always wanted attention	train
i hate and love	odio y amo	odio y amo	i hate and love	train
let me explain	déjame explicar	déjame explicar	let me explain	train
nobody answered	nadie respondió	nadie respondió	no one answered|nobody answered	train
im looking for work	estoy buscando trabajo	estoy buscando trabajo	im looking for work	train
tom wasnt fine	tom no estaba bien	tom no estaba bien	tom wasnt fine	train
i hate tom	odio a tom	odio a tom	i hate tom	train
i liked her	ella me gustaba	ella me gustaba|me gustaba	i liked her	train
this is a cat	esto es un gato	esto es un gato	this is a cat	train
i bought it yesterday	lo compré ayer	lo compré ayer	i bought it yesterday|i bought this yesterday	train
im still not ready	aún no estoy listo	aún no estoy listo	im not ready yet|im still not ready	train
its really not important	si no es importante	si no es importante	its really not important	train
dinner can wait	la cena puede esperar	la cena puede esperar	dinner can wait	train
keep in touch	mantente en contacto	mantente en contacto	keep in touch|keep in touch !	train
he let them go	los dejó ir	los dejó ir	he let them go	train
everything is fine	todo está bien	todo está bien|todo va bien	all is well|everything is all right|everything is fine|everything is ok|everythings fine|its all ok|its all right	train
thank you !	¡ gracias !	¡ gracias !	thank you|thank you !|thanks|thanks !	train
tom loves singing	tom adora cantar	tom adora cantar	tom loves singing	train
no sit down	no siéntate	no siéntate	no sit down	train
they helped her	la ayudaron	ellas la ayudaron|ellos la ayudaron|la ayudaron	they helped her	train
you can help	puedes ayudar	puedes ayudar	you can help	train
i can fly	puedo volar	puedo volar	i can fly	train
i got turned off	perdí las ganas	perdí las ganas	i got turned off	train
i like them	me gustan	me gustan	i like them	train
were leaving	nos vamos	nos vamos	were going|were leaving	train
youd better leave it	será mejor que pares	será mejor que pares	youd better leave it	train
are they satisfied ?	¿ están satisfechos ?	¿ están satisfechos ?	are they satisfied ?	train
he likes to swim	le gusta nadar	le gusta nadar	he likes to swim	train
i live in australia	vivo en australia	vivo en australia	i live in australia	train
the dog looks sick	el perro parece enfermo	el perro parece enfermo	the dog looks sick	train
it smells like tom	huele como tom	huele como tom	it smells like tom	train
hes looking good	él se ve bien	él se ve bien	hes looking good	train
you need help	necesitas ayuda	necesitas ayuda	you need help	train
its very important	es muy importante	es muy importante	its very important	train
bill has many friends	bill tiene muchos amigos	bill tiene muchos amigos	bill has many friends	train
youve found it	lo has encontrado	lo has encontrado	youve found it	train
i could kill you	te podría matar	la podría matar|las podría matar|lo podría matar|los podría matar|os podría matar|te podría matar|yo la podría matar|yo las podría matar|yo lo podría matar|yo los podría matar|yo os podría matar|yo te podría matar	i could kill you	train
you may come back	quizá vuelva	quizá vuelva	he may come back|he may return|he might come back|he might return|it may come back|it may return|it might come back|it might return|she may come back|she may return|she might come back|she might return|you may come back|you may return|you might come back|you might return	train
im serious	hablo en serio	hablo en serio	i mean it|i mean it !|im serious	train
she cant stop her	no puede pararla	no puede pararla	he cannot stop her|he cant stop her|she cant stop her	train
i will wait	esperaré	esperaré	i will wait|ill wait	train
im alone	estoy solo	estoy sola|estoy solo|yo estoy sola|yo estoy solo	im alone	train
we knew that	sabíamos eso	lo sabíamos|sabíamos eso	we knew that	train
tell me your opinion	dame tu opinión	dame tu opinión|dime tu opinión	give me your opinion|tell me your opinion	train
it was her fault	fue su culpa	fue su culpa	it was her fault	train
what for ?	¿ para qué ?	¿ para qué ?	for what ?|what for ?	train
tom was listening	tom estaba escuchando	tom estaba escuchando	tom was listening	train
ill be going	me voy a ir	me voy a ir|me voy a marchar|voy a ir	ill be going	train
tom arrived this morning	tom llegó esta mañana	tom llegó esta mañana	tom arrived this morning	train
im hungry !	ya tengo hambre	estoy hambriento|me pica el bagre|ya tengo hambre|¡ tengo hambre !	i am hungry|im hungry !	train
i needed money	necesitaba dinero	necesitaba dinero	i needed money	train
tom wasnt afraid	tom no tenía miedo	tom no tenía miedo	tom wasnt afraid	train
my bag is empty	mi bolsa está vacía	mi bolsa está vacía	my bag is empty	train
you know the law	conoces la ley	conoces la ley	you know the law	train
is it possible ?	¿ es posible ?	¿ es posible ?	is it possible ?|is that possible ?	train
he may return	quizá vuelva	quizá vuelva	he may come back|he may return|he might come back|he might return|it may come back|it may return|it might come back|it might return|she may come back|she may return|she might come back|she might return|you may come back|you may return|you might come back|you might return	train
the sun came out	salió el sol	salió el sol	the sun came out	train
i need an answer	necesito una respuesta	necesito una respuesta	i need an answer	train
he may come today	puede que venga hoy	puede que venga hoy	he may come today	train
good show !	¡ buen espectáculo !	¡ buen espectáculo !	good show !	train
stay here with tom	quédate aquí con tom	quédate aquí con tom	stay here with tom	train
there is no choice	no queda otra	no queda otra	it cannot be helped|it cant be helped|there is no choice	train
he spoke very well	habló muy bien	habló muy bien	he spoke very well	train
you are mad	estás loca	estás loca	you are crazy|you are mad|youre crazy	train
its not music	no es música	no es música	it is not music|it isnt music|its not music	train
we arent sleeping	no estamos durmiendo	no estamos durmiendo	we arent sleeping	train
i dont blame him	no lo culpo	no lo culpo	i dont blame him	train
im a little shy	soy un poco tímido	soy un poco tímido	im a little shy	train
its a happy thing	es algo feliz	es algo feliz	its a happy thing	train
the room was hot	la habitación estaba caliente	la habitación estaba caliente	the room was hot|the room was warm	train
you come here	tú ven aquí	tú ven acá|tú ven aquí	you come here	train
that is her car	ese es su coche	es su coche|ese es su coche	that is her car|that is his car	train
it isnt here	no está aquí	no está aquí	he is not here|he is not in|hes not here|hes not in|it isnt here|she is not here|shes not here	train
she must go there	ella debe ir allí	ella debe ir allí	she must go there	train
keep next sunday free	mantén el domingo libre	mantén el domingo libre	keep next sunday free	train
hes now studying	ahora está estudiando	ahora está estudiando	hes now studying|hes studying now	train
your house is big	su casa es grande	su casa es grande|tu casa es grande	your house is big	train
tom cant walk	tom no puede caminar	tom no puede andar|tom no puede caminar	tom cant walk	train
it was no trouble	no había ningún problema	no había ningún problema	it was no trouble	train
it was perfect	era perfecto	era perfecto	it was perfect	train
dont phone her now	no la llames ahora	no la llames ahora	dont call her now|dont phone her now	train
im just looking	sólo estoy mirando	sólo estoy mirando	im just looking	train
there isnt any difference	no hay ninguna diferencia	no hay ninguna diferencia	there isnt any difference|theres no difference	train
everything is perfect	todo está perfecto	todo está perfecto	everything is perfect	train
that was nothing	eso no fue nada	eso no fue nada	that was nothing	train
dont touch	no toques	no tocar|no toques	dont touch	train
we all knew it	todos lo sabíamos	todos lo sabíamos	we all knew it	train
its got cold	se ha puesto frío	se ha puesto frío|se ha puesto helado	its got cold	train
that house looks nice	esa casa parece bonita	esa casa parece bonita	that house looks nice	train
its right	vale	es correcto|está bien|vale	its okay|its right|okay	train
lets go ken	vamos ken	vamos ken	come on ken|lets go ken	train
tom is dangerous	tom es peligroso	tom es peligroso	tom is dangerous|toms dangerous	train
you look tired	usted se ve cansado	pareces cansada|pareces cansado|tienes cara de sueño|usted se ve cansado	you look tired	train
tom opened the window	tomás abrió la ventana	tomás abrió la ventana	tom opened the window	train
they must be dead	deben de estar muertos	deben de estar muertos	they must be dead	train
come on bill	vamos bill	vamos bill	come on bill	train
tom didnt say much	tom no dijo mucho	tom no dijo mucho	tom didnt say much	train
tom needs clothes	tom necesita ropa	tom necesita ropa	tom needs clothes	train
he doesnt understand you	él no te entiende	no te entiende|él no te entiende	he doesnt understand you	train
that water tastes good	esa agua sabe bien	esa agua sabe bien	that water tastes good	train
i like australia	me gusta australia	me gusta australia	i like australia	train
no ones been hurt	nadie ha sido herido	nadie ha sido herido	no ones been hurt	train
the story sounds true	la historia suena verdadera	la historia suena verdadera	the story sounds true	train
my hair is long	mi pelo es largo	mi pelo es largo	my hair is long	train
please come over	por favor vente	por favor vente	please come over	train
theyre toms	ellos son de tom	ellos son de tom	theyre toms	train
tom doesnt watch tv	tom no ve televisión	tom no ve televisión	tom doesnt watch tv	train
nobody knows his name	nadie sabe su nombre	nadie sabe su nombre	nobody knows his name	train
id do it again	lo haría otra vez	lo haría otra vez	id do it again	train
i wasnt very nervous	no estaba muy nervioso	no estaba muy nervioso	i wasnt very nervous	train
sami sang a song	sami cantó una canción	sami cantó una canción	sami sang a song	train
i wanted it	yo lo quería	yo lo quería	i wanted it	train
you havent been listening	no has estado escuchando	no has estado escuchando	you havent been listening	train
god does not exist	dios no existe	dios no existe	god does not exist|god doesnt exist	train
we played baseball	jugamos al béisbol	jugamos al béisbol	we play baseball|we played baseball	train
everybody loves him	todos le quieren	todos le quieren|todos lo aman	everybody loves him|everyone loves him	train
its over here	es por aquí	es por aquí	its over here	train
they know something	saben algo	conocen algo|saben algo	they know something	train
they live next door	ellos viven al lado	ellos viven al lado	they live next door	train
they were afraid	ellos tenían miedo	ellos tenían miedo	they were afraid	train
excellent !	¡ excelente !	¡ excelente !	excellent !	train
its quite good	es bien bueno	es bien bueno	its quite good	train
follow the car	sigue al coche	siga al coche|sigue al coche	follow the car	train
hello tom !	¡ hola tom !	¡ hola tom !	hello tom|hello tom !|hi tom|hi tom !	train
i didnt wait	no esperé	no esperé	i didnt wait	train
get in here !	¡ ven aquí !	¡ entra aquí !|¡ ven aquí !	come here|come here !|get in here !	train
nobody loves me	nadie me quiere	nadie me quiere	nobody loves me	train
your blood is red	su sangre es roja	su sangre es roja	your blood is red	train
they missed a lot	perdieron mucho	perdieron mucho	they missed a lot	train
almost three	casi tres	casi tres	almost three	train
i dont understand german	no entiendo el alemán	no entiendo el alemán	i dont understand german	train
he likes tea	le gusta el té	le gusta el té	he likes tea	train
it was raining yesterday	estaba lloviendo ayer	estaba lloviendo ayer	it was raining yesterday	train
it is almost three	son casi las tres	casi son las tres|son casi las tres	it is almost three	train
that surprised tom	eso sorprendió a tom	eso sorprendió a tom	that surprised tom	train
i have bad breath	tengo mal aliento	tengo mal aliento	i have bad breath	train
this is my table	esta es mi mesa	esta es mi mesa	this is my table	train
mary is english	maría es inglesa	maría es inglesa	mary is english	train
its so easy	es tan fácil	es tan fácil	its so easy	train
the chicken was dead	el pollo estaba muerto	el pollo estaba muerto	the chicken was dead	train
youve been wonderful	has sido maravilloso	has sido maravilloso	youve been wonderful	train
im just a teacher	solo soy un profesor	solo soy un profesor	im just a teacher	train
i sit down	me siento	me siento	i sit down	train
its a song	esto es una canción	esto es una canción	its a song	train
its been very difficult	ha sido muy difícil	ha sido muy difícil	its been very difficult	train
tom needs help	tom necesita ayuda	tom necesita ayuda	tom needs help	train
toms drunk	tom está borracho	tom está borracho	toms drunk	train
youre great	eres genial	eres estupendo|eres genial	youre great	train
and ?	¿ y ?	¿ y ?	and ?	train
i said yes immediately	dije inmediatamente que sí	dije inmediatamente que sí	i said yes immediately	train
dont stop	no pares	no pares	dont stop	train
in french please	en francés por favor	en francés por favor	in french please	train
go for it	ve a por ello	ve a por ello	go for it|go get it	train
tom wont come back	tom no volverá	tom no volverá	tom wont come back	train
i want to dream	quiero soñar	quiero soñar	i want to dream	train
i hate rules	odio las reglas	odio las reglas	i hate rules|i hate the rules	train
this wine tastes good	este vino es bueno	este vino es bueno|este vino sabe bien	this wine tastes good	train
i cant smoke	no puedo fumar	no puedo fumar	i cant smoke	train
they work together	ellos trabajan juntos	ellos trabajan juntos	they work together	train
theyre doing fine	les va perfectamente	les va bien|les va perfectamente	theyre doing fine	train
i like eating	me gusta comer	me gusta comer	i like eating|i like to eat	train
shall we dance ?	¿ quiere bailar ?	¿ quiere bailar ?	shall we dance ?	train
tony broke it	tony lo rompió	tony lo rompió	tony broke it	train
what came ?	¿ qué llegó ?	¿ qué llegó ?	what came ?	train
i didnt call	yo no llamé	yo no llamé	i didnt call	train
tom has three children	tom tiene tres hijos	tom tiene tres hijos	tom has three children|tom has three sons	train
youre a good cook	eres un buen cocinero	eres un buen cocinero	youre a good cook	train
more kids more hands	más niños más manos	más niños más manos	more kids more hands	train
tom looked mad	tom parecía enojado	tom parecía enojado	tom looked angry|tom looked mad|tom seemed angry|tom seemed mad	train
ive never seen this	nunca lo he visto	nunca lo he visto	ive never seen this	train
it is very wet	está muy mojado	está muy mojado	it is very wet	train
here are your books	aquí están sus libros	aquí están sus libros	here are your books	train
i think i can	yo pienso que puedo	yo pienso que puedo	i think i can	train
they are sisters	son hermanas	son hermanas	they are sisters|theyre sisters	train
write your name	escribe tu nombre	escribe tu nombre	write your name	train
i was really late	estaba realmente atrasado	estaba realmente atrasado	i was really late	train
we started singing	empezamos a cantar	empezamos a cantar	we started singing	train
i dont work	no trabajo	no trabajo	i do not work|i dont work	train
we should go	deberíamos irnos	deberíamos irnos	we should go|we should leave	train
go have some fun	ve y diviértete	ve y diviértete	go have some fun	train
she is french	es francesa	ella es francesa|es francesa	she is french|she is from france	train
the boy is kind	el niño es amable	el niño es amable	the boy is kind|the boy is nice	train
i helped tom	ayudé a tom	ayudé a tom	i helped tom	train
you ate nothing	usted no comió nada	usted no comió nada	you ate nothing	train
my work is finished	mi trabajo está terminado	mi trabajo está terminado	my work is finished	train
ill tell you later	te lo cuento luego	te lo cuento luego	ill tell you later	train
i am playing baseball	estoy jugando béisbol	estoy jugando béisbol	i am playing baseball|im playing baseball	train
i dont doubt it	no lo dudo	no lo dudo	i dont doubt it	train
until then	hasta entonces	hasta entonces	see you then|until then	train
im not doing anything	no estoy haciendo nada	no estoy haciendo nada	i dont do anything|im not doing anything	train
we can go now	ya nos podemos ir	ya nos podemos ir	we can go now	train
but i wasnt afraid	pero no tenía miedo	pero no tenía miedo	but i wasnt afraid	train
i prefer to walk	prefiero caminar	prefiero caminar	i prefer to walk	train
so long	hasta luego	hasta luego	so long	train
its hot here	hace calor aquí	hace calor aquí	its hot here|its hot in here|its warm in here	train
you were mine	eras mía	eras mía|eras mío	you were mine	train
no not too much	no no demasiado	no no demasiado	no not too much	train
i know tom lied	sé que tom mintió	sé que tom mintió	i know tom lied	train
whats the matter ?	¿ qué pasa ?	¿ qué pasa ?	whats going on ?|whats that about ?|whats the deal ?|whats the matter ?	train
wait for tom	espera a tom	espera a tom|espera por tom	wait for tom	train
no one told me	nadie me lo dijo	nadie me lo dijo	no one told me	train
i like studying english	me gusta estudiar inglés	me gusta estudiar inglés	i like studying english	train
it was really cheap	era realmente barato	era realmente barato|fue muy barato	it was really cheap	train
we just need water	solo necesitamos agua	solo necesitamos agua	we just need water|we only need water	train
well help you	te vamos a ayudar	te vamos a ayudar	well help you	train
were tired	estamos cansados	estamos cansados	were tired	train
i need that phone	necesito ese teléfono	necesito ese teléfono	i need that phone	train
that boy is running	ese chico está corriendo	ese chico está corriendo	that boy is running	train
hes canadian	él es canadiense	es canadiense|él es canadiense	hes canadian	train
i feel bad	me siento mal	me siento mal	i feel bad|i feel sick|im feeling bad	train
shes my wife	ella es mi esposa	ella es mi esposa	shes my wife|thats my wife|this is my wife	train
we were having lunch	estábamos almorzando	estábamos almorzando	we were having lunch	train
its a stupid law	es una ley estúpida	es una ley estúpida	its a stupid law	train
dont look at me	no me mires	no me mires	dont look at me	train
get to bed	vete a la cama	ve a la cama|vete a la cama	get to bed|go to bed	train
come sing with me	ven a cantar conmigo	ven a cantar conmigo	come sing with me	train
tom refused	tom se negó	tom se negó	tom refused	train
i must leave now	ahora tengo que irme	ahora tengo que irme|tengo que irme ahora	i must go now|i must leave now	train
hes always joking	está siempre bromeando	está siempre bromeando	hes always joking	train
as you like	como quieras	como quieras	as you like	train
the door opened	la puerta se abrió	la puerta se abrió	the door opened	train
good night !	¡ buenas noches !	¡ buenas noches !	good night !	train
theyre afraid of him	le tienen miedo	le tienen miedo	theyre afraid of him|youre afraid of him	train
you talk too much	hablas demasiado	hablas demasiado	you speak too much|you talk too much	train
i saw one	veía a uno	veía a uno|vi a uno|vi uno	i saw one	train
this is delicious	esto es delicioso	esto es delicioso|esto está delicioso	this is delicious	train
it is raining	llueve	está lloviendo|llueve	it is raining|its raining	train
i dont speak french	no hablo francés	no hablo francés	i dont speak french	train
he is not dumb	él no es tonto	él no es tonto	he is not dumb	train
we can talk	podemos hablar	podemos hablar	we can talk	train
toms sick	tom está enfermo	tom está enfermo	tom is sick|toms sick	train
i already arrived !	¡ ya llegué !	¡ ya llegué !	i already arrived !	train
its sunday today	hoy es domingo	hoy es domingo	its sunday today|today is sunday	train
give me your money	dame tu dinero	dame tu dinero	give me your money	train
im just watching	solo estoy mirando	solo estoy mirando	im just watching	train
he went by bicycle	fue en bicicleta	fue en bicicleta	he went by bicycle	train
he is not there	no está ahí	no está ahí	he is not there|she is not there|she isnt there	train
stop singing	deja de cantar	deja de cantar	stop singing	train
this book is mine	este libro es mío	este libro es mío	this book is mine|this is my book	train
im not shy	yo no soy tímido	yo no soy tímido	im not shy	train
spring has returned	la primavera ha vuelto	la primavera ha vuelto	spring has returned	train
i loved boston	me gustaba boston	me gustaba boston	i loved boston	train
tom already ate	tom ya comió	tom ya comió	tom already ate	train
im baby	soy bebé	soy bebé	im baby	train
tom started eating	tom empezó a comer	tom empezó a comer	tom began to eat|tom started eating	train
it is raining hard	llueve mucho	llueve mucho	it is raining hard|its raining hard	train
you look baffled	pareces sorprendida	pareces sorprendida|pareces sorprendido	you look baffled|you look surprised|you seem baffled	train
yanni wears a six	yanni usa una seis	yanni usa una seis	yanni wears a six	train
ziri does everything	ziri hace todo	ziri hace todo	ziri does everything	train
well be there tomorrow	estaremos allí mañana	estaremos allí mañana	well be there tomorrow	train
who is it ?	¿ quién es ?	¿ quién es ?	who is it ?|who is that ?	train
you are german ?	¿ sos alemán ?	¿ sos alemán ?	are you german ?|you are german ?	train
i was fired	estaba despedido	estaba despedido	i was fired	train
i found them	las encontré	las encontré|los encontré	i found them	train
you have my word	tienen mi palabra	tenéis mi palabra|tienen mi palabra|tienes mi palabra	you have my word	train
this is easy !	¡ es fácil !	¡ es fácil !	this is easy !	train
you never know	nunca se sabe	nunca se sabe	you never know	train
you will see	ya verás	ya verás	you will see|youll see	train
your dinner is delicious	su cena está deliciosa	su cena está deliciosa	your dinner is delicious	train
im learning music	estoy aprendiendo música	estoy aprendiendo música	im learning music	train
im still studying french	sigo estudiando francés	sigo estudiando francés	im still studying french	train
yes my love	sí mi amor	sí mi amor	yes my love	train
tom has betrayed me	tom me traicionó	tom me traicionó	tom betrayed me|tom has betrayed me	train
i didnt look	yo no vi	yo no vi	i didnt look	train
dont say that	no digas eso	no digas eso	dont say that	train
this cheese smells bad	este queso huele mal	este queso huele mal	this cheese smells bad	train
we play baseball	jugamos al béisbol	jugamos al béisbol	we play baseball|we played baseball	train
spring is here	llegó la primavera	la primavera llegó|llegó la primavera	spring arrived|spring came on|spring has come|spring is here	train
i want tom killed	quiero a tom muerto	quiero a tom muerto	i want tom killed	train
tomorrow is sunday	mañana es domingo	mañana es domingo	it is sunday tomorrow|tomorrow is sunday	train
lets begin	¡ empecemos !	comencemos|¡ empecemos !	lets begin|lets get started|lets get started !|lets start !	train
close that door	cierra esa puerta	cierra esa puerta	close that door	train
mary denied it	mary lo negó	mary lo negó	mary denied it	train
tell me more	cuéntame más	cuéntame más|dime más	tell me more	train
does it work ?	¿ funciona eso ?	¿ funciona ?|¿ funciona eso ?	does it work ?	train
this should be interesting	esto debería ser interesante	esto debería ser interesante	this should be interesting	train
they have come	ellos han venido	ellas han venido|ellos han venido|han venido	they have come	train
tom speaks good french	tom habla bien francés	tom habla bien francés	tom speaks french well|tom speaks good french	train
we must work hard	necesitamos trabajar duro	necesitamos trabajar duro	we must work hard	train
give me a second	dame un segundo	dame un segundo	give me a second	train
im still alive	todavía estoy vivo	sigo vivo|todavía estoy vivo	im still alive	train
he kissed her	la besó	la besó|él la besó	he kissed her	train
women hate me	las mujeres me odian	las mujeres me odian	women hate me	train
we understand that already	lo entendemos ya	lo entendemos ya	we understand that already	train
thats not true	eso no es cierto	es falso|eso no es cierto|eso no es verdad|esto no es cierto|esto no es verdad	that is not true|thats not true	train
keep this	guarda esto	guarda esto	keep this	train
i need a lawyer	necesito un abogado	necesito un abogado	i need a lawyer	train
tom is too young	tom es demasiado joven	tom es demasiado joven	tom is too young	train
there comes our teacher	ahí viene nuestro profesor	ahí viene nuestro profesor	there comes our teacher	train
i want to win	quiero ganar	quiero ganar	i want to win	train
tom always speaks french	tom siempre habla francés	tom siempre habla francés	tom always speaks french	train
cool !	¡ órale !	¡ qué padre !|¡ órale !	all right|come on|come on !|cool !|go away|go away !|great !|lets go|lets go !|ok|okay|sweet !|understood	train
let me try	déjame intentar	déjame intentar	let me try	train
of course not	desde luego que no	desde luego que no|por supuesto que no	of course not	train
they arent rich	ellos no son ricos	ellos no son ricos	they arent rich	train
we agree as well	estamos de acuerdo también	estamos de acuerdo también	we agree as well	train
come here this minute	ven aquí ahora mismo	ven aquí ahora mismo	come here at once|come here right now|come here this minute	train
youre not god	no sos dios	no sos dios	youre not god	train
i saw it	lo vi	lo vi	i saw him|i saw it|i saw that	train
please let me go	por favor déjame ir	por favor déjame ir	please let me go	train
toms confused	tomás está confundido	tomás está confundido	tom is confused|toms confused	train
he had three sons	él tenía tres hijos	él tenía tres hijos	he had three sons	train
more coffee please	más café por favor	más café por favor	more coffee please	train
i study english	estudio inglés	estudio inglés	i study english	train
someone is lying	alguien está mintiendo	alguien está mintiendo	someone is lying	train
today everyone is dead	hoy todos están muertos	hoy todos están muertos	today everyone is dead	train
he came back again	él volvió nuevamente	él volvió nuevamente	he came back again	train
youre very short	eres muy bajo	eres muy bajo	youre very short	train
i also speak french	también hablo francés	también hablo francés	i also speak french|i speak french too	train
i bought the car	compré el auto	compré el auto|yo compré el auto	i bought the car	train
youre incredibly talented	eres increíblemente talentoso	eres increíblemente talentoso|es increíblemente talentoso	youre incredibly talented	train
tom ate quickly	tom comió rápidamente	tom comió rápidamente	tom ate quickly	train
were watching	estamos observando	estamos mirando|estamos observando	were watching	train
i dont study	no estudio	no estudio	i dont study	train
that isnt real	eso no es real	eso no es real	that isnt real|thats not real	train
tom lost his glasses	tom perdió las gafas	tom perdió las gafas|tom perdió sus gafas	tom lost his glasses	train
i know !	yo lo sé	yo lo sé	i know|i know !	train
its seven oclock	son las siete	son las siete	its seven oclock	train
i hate him now	lo odio ahora	lo odio ahora	i hate him now	train
never mind	olvídalo	olvídalo	forget him|forget it|never mind|never mind !	train
its simple	es simple	es simple	its simple|thats simple|this is simple	train
this sounds interesting	suena interesante	eso suena interesante|suena interesante	this sounds interesting	train
the two left	ambos se fueron	ambos se fueron	the two left	train
tom left it	tom lo dejó	tom lo dejó	tom left it	train
tom isnt a student	tom no es estudiante	tom no es estudiante	tom isnt a student	train
she always believes me	ella siempre me cree	ella siempre me cree|siempre me cree	she always believes me	train
he was my friend	él era mi amigo	él era mi amigo	he was my friend	train
theyre looking for it	lo están buscando	lo están buscando	theyre looking for it	train
i dont work anymore	ya no trabajo	ya no trabajo	i dont work anymore	train
yes she is angry	sí ella está enfadada	sí ella está enfadada	yes she is angry	train
weve seen him	le hemos visto	le hemos visto	weve seen him	train
were back	estamos de vuelta	estamos de vuelta|hemos vuelto|ya estamos aquí	were back	train
im eating bread	estoy comiendo pan	estoy comiendo pan	im eating bread	train
ill see you monday	te veré el lunes	te veré el lunes	ill see you monday	train
its snowing there	está nevando allí	está nevando allí	its snowing there	train
tom looks interested	tom parece interesado	tom parece interesado	tom looks interested	train
go for help	ve por ayuda	ve por ayuda	go for help	train
im interested in french	me interesa el francés	me interesa el francés	im interested in french	train
i always believe you	siempre te creo	siempre te creo	i always believe you	train
this is hard	esto es difícil	esto es difícil	this is difficult|this is hard	train
tom was never here	tom nunca estuvo aquí	tom nunca estuvo aquí	tom was never here	train
im kidding	estoy bromeando	estoy bromeando|estoy jodiendo	i am joking|im kidding	train
i need a change	necesito un cambio	necesito un cambio	i need a change	train
tom was here too	tom también estuvo aquí	tom también estuvo aquí	tom was here too	train
im still not sleepy	todavía no tengo sueño	todavía no tengo sueño	im still not sleepy	train
as well	también	también	as well	train
dont be so ridiculous	no seas tan ridículo	no seas tan ridículo	dont be so ridiculous	train
dont be embarrassed	no seas avergonzado	no seas avergonzado	dont be embarrassed	train
it was pretty cool	era bastante interesante	era bastante interesante	it was pretty cool	train
i see this house	veo esta casa	veo esta casa	i see this house	train
we need rain	necesitamos la lluvia	necesitamos la lluvia	we need rain	train
cooking is interesting	cocinar es interesante	cocinar es interesante	cooking is interesting	train
is it enough ?	¿ es suficiente ?	¿ es suficiente ?	is it enough ?	train
again	de nuevo	de nuevo|otra vez	again	train
they hate us	ellos nos odian	ellos nos odian	they hate us	train
everyone should speak french	todos deben hablar francés	todos deben hablar francés	everyone should speak french	train
we know why	sabemos por qué	sabemos por qué	we know why	train
she may come back	quizá vuelva	quizá vuelva	he may come back|he may return|he might come back|he might return|it may come back|it may return|it might come back|it might return|she may come back|she may return|she might come back|she might return|you may come back|you may return|you might come back|you might return	train
nobody understands me	nadie me entiende	nadie me entiende	nobody understands me	train
weve done nothing	no hemos hecho nada	no hemos hecho nada	weve done nothing	train
mary is my wife	maría es mi esposa	maría es mi esposa	mary is my wife	train
you must leave immediately	debes irte ya	debes irte ya|tienes que irte inmediatamente	you must leave immediately	train
ive heard enough	he oído suficiente	he oído suficiente	ive heard enough	train
yes im hungry	sí tengo hambre	sí tengo hambre	yes im hungry	train
this is weird	esto es raro	esto es extraño|esto es raro	this is weird	train
im very sad	estoy muy triste	estoy muy triste	i am very sad|im very sad	train
hello again	hola de nuevo	hola de nuevo	hello again	train
that would be dangerous	eso sería peligroso	eso sería peligroso	that would be dangerous	train
tom has met mary	tom conoce a mary	tom conoce a mary	tom has met mary|tom knows mary	train
were out of time	no tenemos más tiempo	no tenemos más tiempo	were out of time	train
i want these	quiero éstos	quiero éstos	i want these	train
i needed to think	necesitaba pensar	necesitaba pensar	i needed to think	train
tom speaks french	tom habla francés	tom habla francés	tom speaks french	train
i remember your father	recuerdo a tu padre	recuerdo a tu padre	i remember your father	train
great	estupendo	estupendo	great|thats great	train
the meeting was closed	la reunión terminó	la reunión terminó	the meeting ended|the meeting was closed	train
ill see you soon	te veré pronto	te veré pronto	ill see you soon|see you soon !	train
boring !	¡ qué aburrido !	¡ qué aburrido !	boring !	train
shes alive !	¡ está viva !	¡ está viva !	she is alive !|shes alive !	train
youve done good	has hecho bien	has hecho bien	youve done good|youve done well	train
she called her mother	llamó a su madre	llamó a su madre	she called her mother	train
his answer was wrong	su respuesta estaba equivocada	su respuesta estaba equivocada	his answer was wrong	train
its probably ok	de seguro está bien	de seguro está bien	its probably ok	train
i still cant dance	sigo sin saber bailar	sigo sin saber bailar	i still cannot dance|i still cant dance	train
mike smiled	mike sonrió	mike sonrió	mike smiled	train
its all ok	todo está bien	todo bien|todo está bien	all is well|everything is all right|everything is fine|everything is ok|everythings fine|its all ok|its all right	train
tom will change	tom va a cambiar	tom va a cambiar	tom will change	train
i drink water	yo bebo agua	bebo agua|yo bebo agua	i drink water	train
i knew it !	¡ lo sabía !	¡ lo sabía !	i knew it !	train
you can trust him	puedes confiar en él	puedes confiar en él	you can trust him	train
she looks very young	ella luce muy joven	ella luce muy joven|parece muy joven	she looks very young	train
i hope its true	espero que sea verdad	espero que sea verdad|espero que sí	i hope its true	train
i need your help	necesito tu ayuda	necesito tu ayuda	i need your help	train
this isnt mine	esto no es mío	esto no es mío	this isnt mine	train
the train is coming	viene el tren	viene el tren	the train is coming	train
they are my brothers	son mis hermanos	ellos son mis hermanos|son mis hermanos	they are my brothers	train
she is strong	ella es fuerte	ella es fuerte	she is strong	train
you cant swim here	no puede nadar aquí	no puede nadar aquí	you cannot swim here|you cant swim here	train
tony can run fast	tony puede correr rápido	tony puede correr rápido	tony can run fast	train
im doing well today	hoy estoy bien	hoy estoy bien	im doing well today	train
my wife is mad	mi esposa está loca	mi esposa está loca	my wife is mad	train
this and no more	esto y no más	esto y no más	this and no more	train
i like his cat	me gusta su gato	me gusta su gato	i like her cat|i like his cat|i like your cat	train
ive already tried that	ya lo he intentado	ya lo he intentado	i already tried that|ive already tried that	train
he came	él vino	él vino	he came	train
mary doesnt want it	mary no lo quiere	mary no lo quiere	mary doesnt want it	train
well always be here	siempre estaremos aquí	siempre estaremos aquí	well always be here	train
were married now	ahora estamos casados	ahora estamos casados	were married now	train
my house is nice	mi casa es bonita	mi casa es bonita	my house is nice	train
mary can speak japanese	mary habla japonés	mary habla japonés|mary sabe hablar japonés	mary can speak japanese	train
i do not agree	no estoy de acuerdo	no estoy de acuerdo	i do not agree|i dont agree|no i agree	train
i wanted to cry	quise llorar	quise llorar	i wanted to cry	train
i feel fine now	me siento bien ahora	me siento bien ahora	i feel fine now	train
i can help tom	puedo ayudar a tom	puedo ayudar a tom	i can help tom	train
ill go	yo iré	iré|yo iré	ill go	train
i killed a god	maté a un dios	maté a un dios	i killed a god	train
this is her pen	este es su bolígrafo	este es su bolígrafo	this is her pen	train
i am good	soy bueno	estoy bien|soy bueno	i am good	train
it hurts	duele	duele	it hurts	train
he lives by himself	él vive solo	él vive solo	he lives alone|he lives by himself	train
theres no milk left	no queda leche	no queda leche	theres no milk left	train
i totally forgot	me olvidé totalmente	me olvidé totalmente	i totally forgot	train
water please	agua por favor	agua por favor	water please	train
who ate ?	¿ quién comió ?	¿ quién comió ?	who ate ?	train
tom isnt lying	tom no está mintiendo	tom no está mintiendo	tom isnt lying	train
were a family	somos una familia	somos una familia	we are a family|were a family	train
you may speak	puedes hablar	puedes hablar	you may speak	train
you arent yourself	estás fuera de ti	estás fuera de ti	you arent yourself	train
suddenly i got lucky	de repente tuve suerte	de repente tuve suerte	suddenly i got lucky	train
you are my life	tú eres mi vida	tú eres mi vida	you are my life	train
ive missed another chance	me perdí otra oportunidad	me perdí otra oportunidad	ive missed another chance	train
its raining here	está lloviendo aquí	está lloviendo aquí	its raining here	train
nobody helped her	nadie le ayudó	nadie la ayudó|nadie le ayudó	nobody helped her	train
he closed his eyes	él cerró los ojos	él cerró los ojos	he closed his eyes	train
tom is in danger	tom está en peligro	tom está en peligro	tom is in danger	train
that is a table	esta es una mesa	esta es una mesa	that is a table	train
its the truth	es la verdad	es la verdad	its the truth	train
tom was trapped	tom estaba atrapado	tom estaba atrapado	tom was trapped	train
almost always	casi siempre	casi siempre	almost always	train
youre small	eres pequeño	eres pequeño	youre small	train
someone please help me	alguien ayúdeme por favor	alguien ayúdeme por favor	someone please help me	train
youre toms friend	eres amigo de tom	eres amigo de tom	youre toms friend	train
i see a house	veo una casa	veo una casa	i see a house	train
someone is coming	alguien viene	alguien viene	someone is coming	train
come immediately	ven enseguida	ven enseguida	come at once|come immediately	train
are you bored ?	¿ estás aburrida ?	¿ estás aburrida ?|¿ estás aburrido ?	are you bored ?	train
tom hates you	tom te odia	tom te odia	tom hates you	train
tom is always tired	tom siempre está cansado	tom siempre está cansado	tom is always tired	train
you too my son	tú también hijo mío	tú también hijo mío	you too my son	train
i really should go	realmente debería irme	realmente debería irme	i really should go	train
he worked hard	él trabajó duro	él trabajó duro	he worked hard	train
what an idiot !	¡ qué idiota !	¡ qué idiota !	what an idiot !	train
tom drives too fast	tom conduce demasiado rápido	tom conduce demasiado rápido	tom drives too fast	train
i sing	canto	canto|yo canto	i sing	train
nobody lives with me	nadie vive conmigo	nadie vive conmigo|no vivo con nadie	nobody lives with me	train
i hate fighting	detesto pelear	detesto pelear|odio pelear	i hate fighting|i hate to fight	train
he is spanish	él es español	él es español	he is spanish	train
it was cold yesterday	ayer hacía frío	ayer hacía frío|ayer hizo frío	it was cold yesterday	train
its not complicated	no es complicado	no es complicado	its not complicated	train
nobody came	nadie vino	nadie vino|no ha venido nadie|no vino nadie	no one came|nobody came	train
i have everything	tengo de todo	tengo de todo|tengo todo	i have everything|ive got anything	train
we like music	nos gusta la música	nos gusta la música	we like music	train
i dont see him	no lo veo	no lo veo	i dont see him|i dont see it	train
tom wants to talk	tom quiere hablar	tom quiere hablar	tom wants to speak|tom wants to talk	train
ive got long hair	tengo el pelo largo	tengo el pelo largo	ive got long hair	train
our food is cheap	nuestra comida es barata	nuestra comida es barata	our food is cheap	train
she tried to swim	ella intentó nadar	ella intentó nadar	she tried to swim	train
im sorry mother	lo lamento madre	lo lamento madre	im sorry mother	train
im busy now	ahora estoy ocupado	ahora estoy ocupada|ahora estoy ocupado	i am busy now|im busy now	train
studying is not easy	estudiar no es fácil	estudiar no es fácil|no es fácil estudiar	studying is not easy	train
were ready to play	estamos listos para jugar	estamos listos para jugar	were ready to play	train
he is from france	él es francés	viene de francia|él es de francia|él es francés	he is french|he is from france	train
it gets better	se pone mejor	se pone mejor	it gets better	train
we need more time	necesitamos más tiempo	necesitamos más tiempo	we need more time	train
you sure are pretty	eres realmente hermoso	eres realmente hermosa|eres realmente hermoso	you sure are pretty|youre really beautiful	train
try it ziri	inténtalo ziri	inténtalo ziri	try it ziri	train
it was so dark	estaba tan oscuro	estaba tan oscuro	it was so dark	train
i knew it	lo sabía	lo sabía	i knew it|i knew that	train
i hate people	odio a la gente	odio a la gente	i hate people	train
i agree completely	estoy totalmente de acuerdo	estoy totalmente de acuerdo	i agree completely|i couldnt agree more|i totally agree	train
everyone wants to believe	todos quieren creer	todos quieren creer	everyone wants to believe	train
home sweet home	hogar dulce hogar	hogar dulce hogar	home sweet home	train
i shall leave school	dejaré la escuela	dejaré la escuela	i shall leave school	train
dont die on me	no te me mueras	no te me mueras	dont die on me	train
you look wonderful tonight	esta noche estás preciosa	esta noche estás preciosa	you look wonderful tonight	train
you make me dream	tú me haces soñar	me haces soñar|tú me haces soñar	you make me dream	train
i want them	los quiero	las quiero|los quiero	i want them	train
youve come back ?	¿ habéis vuelto ?	¿ habéis vuelto ?|¿ has vuelto ?	youve come back ?	train
these are yours	estos son tuyos	estos son tuyos|éstos son tuyos	these are yours	train
first its too expensive	primero es demasiado caro	primero es demasiado caro	first its too expensive	train
we know him	lo conocemos	lo conocemos	we know him|we know that|we know this	train
come on lets go	vamos vamos allá	vamos|vamos vamos allá	come on lets go	train
here take this	coge esto	coge esto|toma coge esto	here take this	train
his eyes are red	tiene los ojos rojos	tiene los ojos rojos	his eyes are red	train
i blame tom	yo culpo a tom	yo culpo a tom	i blame tom	train
are you japanese ?	¿ sos japonés ?	¿ eres japonés ?|¿ sos japonés ?	are you japanese ?	train
he is not stupid	él no es idiota	no es estúpido|no es tonto|no es un tonto|él no es estúpido|él no es idiota	he is not stupid|hes not an idiot	train
nothing will help	nada va a ayudar	nada va a ayudar	nothing will help	train
you are home late	llega tarde a casa	llega tarde a casa	you are home late	train
rain is wonderful	la lluvia es maravillosa	la lluvia es maravillosa	rain is wonderful|the rain is wonderful	train
like it or not	quieras o no	quieras o no	like it or not	train
french is difficult	el francés es difícil	el francés es difícil	french is difficult	train
do it for me	hágalo por mí	hágalo por mí	do it for me	train
theres your friend	ahí está su amigo	ahí está su amigo	theres his friend|theres your friend	train
i did see it	yo lo vi	yo lo vi	i did see it	train
she is not here	no está aquí	ella no está aquí|no está aquí	he is not here|he is not in|hes not here|hes not in|it isnt here|she is not here|shes not here	train
my girlfriend was crying	mi novia estaba llorando	mi novia estaba llorando	my girlfriend was crying	train
i didnt want that	yo no quería eso	yo no quería eso|yo no quise eso	i didnt want that	train
he began	él empezó	él empezó	he began	train
i made john happy	hice feliz a john	hice feliz a john	i made john happy	train
youre a teacher	sos un maestro	eres un maestro|sos profesor|sos un maestro|tú eres un profesor|tú eres una profesora	you are a teacher|youre a teacher	train
tom could see nothing	tom no veía nada	tom no veía nada	tom could see nothing|tom couldnt see anything	train
i love spring	yo amo la primavera	yo amo la primavera	i love spring	train
they are big	son grandes	son grandes	they are big	train
you dont say	no me digas	no me digas	you dont say	train
we already know	nosotros ya sabemos	nosotros ya sabemos	we already know	train
ive broken my glasses	he roto mis lentes	he roto mis lentes	ive broken my glasses	train
go ahead	adelante	adelante	go ahead|go ahead !	train
she knew too much	ella sabía demasiado	ella sabía demasiado	she knew too much	train
youll never find it	nunca lo encontrarás	nunca lo encontrarás	youll never find it	train
never again	nunca más	nunca más	never again	train
dont be ridiculous	no seas ridículo	no seas ridícula|no seas ridículo	dont be ridiculous	train
she shot him	le disparó	le disparó	she shot him	train
it is not raining	no está lloviendo	no está lloviendo	it is not raining	train
we have rice	tenemos arroz	tenemos arroz	we have rice	train
my watch is broken	mi reloj está roto	mi reloj está roto	my watch is broken	train
i dont believe it	yo no lo creo	yo no lo creo	i dont believe it	train
i wasnt alone	yo no estaba sólo	yo no estaba sólo	i wasnt alone	train
those are my books	esos son mis libros	esos son mis libros	those are my books	train
its cold	hace frío	está frío|hace frío	its cold	train
im here live	estoy aquí en vivo	estoy aquí en vivo	im here live	train
we were talking	estábamos hablando	estábamos hablando	we were talking	train
im very hungry now	ahora tengo mucha hambre	ahora tengo mucha hambre	im very hungry now	train
i am weak	estoy débil	estoy débil	i am weak|im weak	train
you start	tú empieza	tú empieza	you start	train
the boy eats bread	el chico come pan	el chico come pan	the boy eats bread	train
its not safe here	no es seguro aquí	no es seguro aquí	its not safe here	train
this computer doesnt work	este ordenador no funciona	este ordenador no funciona	this computer doesnt work	train
that is not true	eso no es verdad	eso no es cierto|eso no es verdad	that is not true|thats not true	train
his story was interesting	su historia fue interesante	su historia fue interesante	his story was interesting	train
tom wants mary	tom quiere a mary	tom quiere a mary	tom likes mary|tom wants mary	train
thats his horse	este es su caballo	este es su caballo	thats his horse|this is his horse	train
im totally confused	estoy totalmente confundida	estoy totalmente confundida	im totally confused	train
you can wait outside	podés esperar afuera	podés esperar afuera	you can wait outside	train
this clock is mine	este reloj es mío	este reloj es mío	this clock is mine	train
thats our problem	ese es nuestro problema	ese es nuestro problema	thats our problem	train
she needs help	ella necesita ayuda	ella necesita ayuda	she needs help	train
thats weird	es raro	es raro|eso es extraño	thats weird	train
is that better ?	¿ está mejor ?	¿ está mejor ?	is that better ?	train
john has a pen	john tiene un bolígrafo	john tiene un bolígrafo	john has a pen	train
im tired and bored	estoy cansada y aburrida	estoy cansada y aburrida|estoy cansado y aburrido	im tired and bored	train
tom is our friend	tom es nuestro amigo	tom es nuestro amigo	tom is our friend	train
she paid nothing	ella no pagó nada	ella no pagó nada	she paid nothing	train
you should know that	deberías saberlo	deberías saberlo	you should know it|you should know that	train
i bought a ticket	compré un boleto	compré un boleto	i bought a ticket	train
his opinion is reasonable	su opinión es razonable	su opinión es razonable	his opinion is reasonable	train
its very difficult	es muy difícil	es muy difícil	its very difficult	train
was it fun ?	¿ era divertido ?	¿ era divertido ?|¿ fue divertido ?	was it fun ?	train
were having dinner	estamos cenando	estamos cenando	were having dinner	train
you dead	estás muerto	estás muerto	you dead|youre dead	train
i am japanese	soy japonés	soy japonesa|soy japonés	i am japanese	train
theres one more	hay uno más	hay una más|hay uno más	theres one more	train
he walked away	él se fue	él se fue	he walked away	train
no i didnt help	no no ayudé	no no ayudé	no i didnt help	train
its under the table	está bajo la mesa	está bajo la mesa	its under the table	train
he was sound asleep	él estaba profundamente dormido	él estaba profundamente dormido	he was fast asleep|he was sound asleep	train
this is my wife	ella es mi esposa	ella es mi esposa|esta es mi esposa	shes my wife|thats my wife|this is my wife	train
i like english	me gusta el inglés	me gusta el inglés	i like english	train
this is your key	esta es vuestra llave	esta es vuestra llave|ésta es tu llave	this is your key	train
thats a lie !	¡ qué mentira !	¡ qué mentira !	thats a lie !|what a lie !	train
you can wait here	podés esperar acá	podés esperar acá|puedes esperar aquí	you can wait here	train
i understand this	comprendo esto	comprendo esto|entiendo esto|lo comprendo	i understand this	train
nothing was wrong	nada estuvo mal	nada estaba mal|nada estuvo mal	nothing was wrong	train
put on your hat	ponte tu sombrero	ponte tu sombrero	put on your hat	train
tom is our enemy	tom es nuestro enemigo	tom es nuestro enemigo	tom is our enemy	train
youre a nice girl	eres una chica agradable	eres una chica agradable	youre a nice girl	train
im not hungry anymore	ya no tengo hambre	ya no tengo hambre	im not hungry anymore	train
ken wants a bicycle	ken quiere una bicicleta	ken quiere una bicicleta	ken wants a bicycle	train
someone is calling you	alguien te está llamando	alguien te está llamando	someone is calling you	train
dont go there	no vayas ahí	no vayas ahí	dont go there	train
im not sad	no estoy triste	no estoy triste	im not sad	train
tom seemed really embarrassed	tom parecía verdaderamente avergonzado	tom parecía verdaderamente avergonzado	tom seemed really embarrassed	train
im studying english	estoy estudiando inglés	estoy estudiando inglés	im studying english	train
hey dont go	oye no vayas	oye no vayas	hey dont go	train
were short on time	tenemos poco tiempo	tenemos poco tiempo	were short on time	train
hi	¡ hola !	hola|¡ hola !	hello !|hi|hi !	train
i didnt see tom	no vi a tom	no vi a tom	i didnt see tom	train
he hates running	odia correr	odia correr	he hates running	train
ken is happy	ken es feliz	ken es feliz	ken is happy	train
we have had enough	hemos tenido suficiente	hemos tenido suficiente	we have had enough|weve had enough	train
its not so far	no está tan lejos	no está tan lejos	its not so far|its not that far	train
tom fell down	tom se cayó	tom se cayó	tom fell|tom fell down	train
were out of wine	no tenemos más vino	no tenemos más vino	were out of wine	train
nobody does it better	nadie lo hace mejor	nadie lo hace mejor	nobody does it better	train
come with me	venga conmigo	ven conmigo|venga conmigo|vengan conmigo	come along with me|come with me|youre coming with me	train
you were pregnant	estabas embarazada	estabas embarazada	you were pregnant	train
i dont know that	eso no lo sé	eso no lo sé	i dont know that	train
your cat is black	tu gato es negro	tu gato es negro	your cat is black	train
youre boring	tú estás aburrido	tú estás aburrido	youre boring	train
its my job	es mi trabajo	es mi trabajo	its my job|its work	train
lets not go there	no vayamos allá	no nos vayamos allá|no vayamos allá	lets not go there	train
im not happy	no soy feliz	no estoy feliz|no soy feliz|yo no soy feliz	im not happy	train
she is talking	ella está hablando	ella está hablando	she is talking	train
stop please	por favor párate	por favor párate	stop please	train
i dont know yet	todavía no lo sé	todavía no lo sé	i dont know yet	train
i dont believe you	no te creo	no te creo	i dont believe you	train
his silence surprised me	su silencio me sorprendió	su silencio me sorprendió	her silence surprised me|his silence surprised me	train
tom drove very fast	tom condujo muy rápido	tom condujo muy rápido	tom drove very fast	train
you can smoke here	aquí se puede fumar	aquí se puede fumar|podéis fumar aquí|puede fumar aquí|pueden fumar aquí|puedes fumar aquí|se puede fumar aquí	you can smoke here	train
this table is white	esta mesa es blanca	esta mesa es blanca	this table is white	train
you fix it	tú arregla	arregla|tú arregla|usted arregla	you fix it	train
stay calm	mantén la calma	mantén la calma	stay calm	train
its completely dark	está totalmente oscuro	está totalmente oscuro	its completely dark	train
did you help ?	¿ ustedes ayudaron ?	¿ usted ayudó ?|¿ ustedes ayudaron ?	did you help ?	train
the horse ran fast	el caballo corrió rápido	el caballo corrió rápido	the horse ran fast	train
she isnt running	ella no está corriendo	ella no está corriendo	she isnt running	train
mary misled you	mary te engañó	mary te engañó	mary misled you	train
im not forgetful	no soy olvidadizo	no soy olvidadizo	im not forgetful	train
i dont trust anyone	no confío en nadie	no confío en nadie	i dont trust anyone	train
we must leave early	debemos irnos temprano	debemos irnos temprano	we must leave early	train
im the best	soy el mejor	soy el mejor	im the best	train
this car is his	ése es su coche	ése es su coche	that is his car|this car is his	train
he likes sleeping	le gusta dormir	le gusta dormir	he likes sleeping|she likes sleeping	train
its raining hard	llueve mucho	llueve mucho	it is raining hard|its raining hard	train
this game is boring	este juego es aburrido	este juego es aburrido	this game is boring	train
they dont understand	ellos no entienden	ellos no entienden	they dont understand	train
you told her yes	le dijiste que sí	le dijiste que sí	you told her so|you told her yes|you told him so	train
tom stopped speaking	tom dejó de hablar	tom dejó de hablar	tom stopped speaking	train
do you drink ?	¿ bebe usted ?	¿ bebe usted ?	do you drink ?	train
we didnt talk yesterday	ayer no hablamos	ayer no hablamos	we didnt talk yesterday	train
this way its hard	así es difícil	así es difícil	this way its hard	train
i feel your pain	comparto tu dolor	comparto su dolor|comparto tu dolor|comparto vuestro dolor|siento tu dolor	i feel your pain	train
i like my friends	me gustan mis amigos	me gustan mis amigas|me gustan mis amigos	i like my friends	train
oh im sorry	oh lo siento	oh lo siento	oh im sorry	train
dreams are free	los sueños son gratis	los sueños son gratis	dreams are free	train
its fine with me	por mí está bien	por mí está bien	its fine with me|its ok with me	train
cool off !	¡ cálmate !	¡ cálmate !	cool off !	train
tom doesnt think so	tom no piensa así	tom no piensa así	tom doesnt think so	train
you work too much	trabajas demasiado	trabajas demasiado	you work too hard|you work too much	train
tom looked surprised	tomás parecía sorprendido	tomás parecía sorprendido	tom looked surprised	train
i was sleepy	tenía sueño	tenía sueño	i was sleepy	train
this is my phone	este es mi teléfono	este es mi teléfono	this is my phone	train
the people are angry	la gente está enfadada	la gente está enfadada	the people are angry	train
just leave us alone	déjanos en paz	déjanos en paz	just leave us alone	train
tom is quite dangerous	tom es bastante peligroso	tom es bastante peligroso	tom is quite dangerous	train
i am a cook	soy cocinero	soy cocinero	i am a cook	train
i saw him again	le vi nuevamente	le vi nuevamente	i saw him again	train
its going to rain	va a llover	va a llover	its going to rain	train
thats terrible	eso es terrible	eso es terrible	thats terrible	train
just a little more	sólo un poco más	sólo un poco más	just a little more	train
tom sings	tom canta	tom canta	tom is singing|tom sings	train
i eat cheese	yo como queso	yo como queso	i eat cheese	train
tom heard you	tom te oyó	tom te oyó	tom heard you	train
tom was with mary	tom estaba con mary	tom estaba con mary	tom was with mary	train
and you ?	¿ y vosotras ?	¿ y tú ?|¿ y usted ?|¿ y ustedes ?|¿ y vosotras ?|¿ y vosotros ?	and you ?	train
i am working	estoy trabajando	estoy trabajando|yo trabajo	i am working|i work|im working	train
shes the best teacher	es la mejor profesora	es la mejor profesora	shes the best teacher	train
good night tatoeba	buenas noches tatoeba	buenas noches tatoeba	good night tatoeba	train
he is an italian	él es italiano	él es italiano	he is an italian	train
lets start	comencemos	comencemos	let us begin|lets begin|lets get started|lets start|lets start !	train
she wants one	ella quiere una	ella quiere una|ella quiere uno	she wants one	train
im not working today	hoy no trabajo	hoy no trabajo	im not working today	train
im not your daughter	no soy tu hija	no soy tu hija	im not your daughter	train
tom went in there	tom fue allí dentro	tom fue allí dentro	tom went in there	train
tom can swim well	tom puede nadar bien	tom puede nadar bien	tom can swim well	train
i think its disgusting	creo que es repugnante	creo que es repugnante	i think its disgusting	train
shut the door quickly	cierra la puerta rápidamente	cierra la puerta rápidamente	shut the door quickly	train
lets go away	vámonos	vámonos	lets go away	train
never tell a lie	no mientas nunca	no mientas nunca	never tell a lie	train
it was real	fue real	fue real	it was real	train
were not in danger	no estamos en peligro	no estamos en peligro	were not in danger	train
i like eating cake	me gusta comer pastel	me gusta comer pastel|me gusta comer tarta	i like eating cake	train
toms early	tom llega temprano	tom llega temprano	toms early	train
are you sleepy ?	¿ tienes sueño ?	¿ tienes sueño ?	are you sleepy ?	train
she watched him dance	ella lo vio bailar	ella lo vio bailar	she watched him dance	train
they know me	ellos me conocen	ellos me conocen	they know me	train
i always hate homework	siempre odio la tarea	siempre odio la tarea	i always hate homework	train
its already late	ya es tarde	ya es tarde	its already late	train
ive eaten	he comido	he comido	ive eaten	train
tom had no food	tom no tenía comida	tom no tenía comida	tom had no food	train
i bought that car	compré ese coche	compré ese carro|compré ese coche	i bought that car	train
tom this is mary	tom ésta es mary	tom ésta es mary	tom this is mary	train
am i pretty ?	¿ soy linda ?	¿ soy linda ?	am i pretty ?	train
we have finished lunch	terminamos de almorzar	terminamos de almorzar	we have finished lunch	train
say what you want	di lo que quieras	di lo que quieras	say what you want	train
you teach arabic	usted enseña árabe	usted enseña árabe	you teach arabic	train
they dont speak french	ellos no hablan francés	ellos no hablan francés	they dont speak french	train
he opened his mouth	él abrió la boca	él abrió la boca	he opened his mouth	train
youre too nice	eres demasiado amable	eres demasiado amable	youre too nice	train
you were right	tú tenías razón	tú tenías razón	you were right	train
see you on monday	nos vemos el lunes	nos vemos el lunes	see you on monday	train
good	bien	bien|bueno	good	train
please let me help	por favor déjame ayudar	por favor déjame ayudar	please let me help	train
he is wearing glasses	él lleva puesto lentes	lleva gafas|él lleva gafas|él lleva puesto lentes	he is wearing glasses|he wears glasses	train
we understand	lo entendemos	lo entendemos	we understand|we understand that|we understand this	train
leave my camera alone	deja mi cámara	deja mi cámara	leave my camera alone	train
im a normal girl	soy una chica normal	soy una chica normal	im a normal girl	train
thats absolutely correct	eso es totalmente correcto	eso es totalmente correcto	thats absolutely correct|thats absolutely right	train
its not that complicated	no es tan complicado	no es tan complicado	its not that complicated	train
we want more money	queremos más plata	queremos más plata	we want more money	train
youre kidding !	¡ estás bromeando !	¡ estás bromeando !	youre joking !|youre kidding !	train
i am a boy	soy un chico	soy un chico	i am a boy	train
mary was hiding	mary se estaba escondiendo	mary se estaba escondiendo	mary was hiding	train
give me her picture	dame su foto	dame su foto	give me her picture|give me his picture	train
her family loved me	su familia me quería	su familia me quería	her family loved me|his family loved me	train
i have to live	tengo que vivir	tengo que vivir	i have to live	train
toms mean	tom es malo	tom es malo	tom is bad|toms mean	train
the fish can swim	el pez puede nadar	el pez puede nadar|el pez sabe nadar	the fish can swim	train
i said yes	dije que sí	dije que sí	i said yes	train
toms canadian	tom es canadiense	tom es canadiense	tom is a canadian|tom is canadian|toms canadian	train
we didnt know that	no lo sabíamos	no lo sabíamos	we didnt know that	train
tom went pale	tom se quedó pálido	tom se quedó pálido	tom went pale	train
thanks for everything tom	gracias por todo tomás	gracias por todo tomás	thanks for everything tom	train
we dont have sugar	no tenemos azúcar	no tenemos azúcar	we dont have sugar|we have no sugar	train
the chance is gone	la oportunidad se fue	la oportunidad se fue	the chance is gone	train
the man is naked	el hombre está desnudo	el hombre está desnudo	the man is naked	train
my russian is terrible	mi ruso es terrible	mi ruso es terrible	my russian is terrible	train
youre a good friend	sos un buen amigo	sos un buen amigo	youre a good friend	train
i come from boston	vengo de boston	vengo de boston	i come from boston	train
sweet dreams tom	dulces sueños tom	dulces sueños tom	sweet dreams tom	train
im already rich	yo ya soy rico	yo ya soy rico	im already rich	train
youre too normal	eres demasiado normal	eres demasiado normal	youre too normal	train
kids listen !	¡ niños escuchen !	¡ niños escuchen !	children listen !|kids listen !	train
tom seemed lost	tomás parecía perdido	tomás parecía perdido	tom seemed lost	train
she came !	¡ ella vino !	¡ ella vino !	she came !	train
we heard	ya oímos	oímos|ya oímos	we heard	train
the water is hot	el agua está caliente	el agua está caliente	the water is hot	train
everythings under control	todo está bajo control	todo está bajo control	everything is under control|everythings under control	train
im so happy	estoy tan feliz	estoy tan feliz|soy tan feliz	im so happy	train
its complicated	es complicado	es complicado	its complicated	train
im first	yo voy primero	me toca primero|soy el primero|voy el primero|yo voy primero	im first	train
your parents love you	tus padres te quieren	tus padres te quieren	your parents love you	train
its like a dream	es como un sueño	es como un sueño	its like a dream	train
tom began talking	tom empezó a hablar	tom empezó a hablar	tom began talking|tom began to speak|tom began to talk	train
you look healthy	te ves sano	te ves sano	you look healthy	train
we dont know him	no lo conocemos	no lo conocemos	we dont know him	train
im going with tom	voy con tom	voy con tom	im going with tom	train
she may come	puede que venga	puede que venga	she may come|she might come	train
tom isnt here	tom no está aquí	tom no está aquí	tom isnt here	train
this isnt possible	no es posible	no es posible	this isnt possible	train
were rich	somos ricos	somos ricos	were rich	train
he went back home	volvió a casa	volvió a casa|él volvió a casa	he went back home	train
its easy	es fácil	es fácil	its easy	train
his bicycle is blue	su bicicleta es azul	su bicicleta es azul	her bicycle is blue|his bicycle is blue	train
we love eating apples	nos encanta comer manzanas	nos encanta comer manzanas	we love eating apples	train
tom was very tired	tom estaba muy cansado	tom estaba muy cansado	tom was very tired	train
its cold here	hace frío acá	hace frío acá	its cold here	train
youre not listening	no estás escuchando	no estás escuchando	youre not listening	train
theyre waiting	están esperando	están esperando	theyre waiting	train
i completely forgot	me olvidé completamente	me olvidé completamente	i completely forgot	train
this soup tastes good	esta sopa sabe bien	esta sopa sabe bien	this soup tastes good	train
tom writes well	tom escribe bien	tom escribe bien	tom writes well	train
tom doesnt eat meat	tom no come carne	tom no come carne	tom doesnt eat meat	train
is it yours ?	¿ es suyo ?	¿ es suyo ?|¿ es tuyo ?|¿ es vuestro ?	is it yours ?	train
she has lost weight	ella ha perdido peso	ella ha perdido peso	she has lost weight	train
you must do work	tenés que trabajar	tenés que trabajar|tienes que trabajar	you must do work|you must work	train
you can come in	puedes entrar	puedes entrar	you can come in	train
you are big	sos grande	sos grande	you are big	train
theres still time	aún hay tiempo	aún hay tiempo	theres still time	train
remember everything	recuerda todo	recuerda todo	remember everything	train
i have a car	tengo un coche	tengo un carro|tengo un coche	i have a car	train
we need more beer	necesitamos más cerveza	necesitamos más cerveza	we need more beer	train
i have a plan	yo tengo un plan	yo tengo un plan	i have a plan	train
ask tom	pregúntale a tom	pregúntale a tom	ask tom	train
theyre about to start	están por empezar	están por empezar	theyre about to start	train
please turn over	date vuelta por favor	date vuelta por favor	please turn over	train
im feeling sad	me siento triste	me siento triste	im feeling sad	train
we can go together	podemos ir juntos	podemos ir juntos	we can go together	train
is it you ?	¿ eres tú ?	¿ eres tú ?	is it you ?|is that you ?|is this you ?	train
i found these	yo encontré estos	yo encontré estos	i found these	train
it hurts so much	duele tanto	duele tanto	it hurts so much	train
tom looks dead	tomás parece estar muerto	tomás parece estar muerto	tom looks dead	train
good luck !	¡ buena suerte !	¡ buena suerte !	good luck !	train
hungry ?	¿ hambriento ?	¿ hambriento ?|¿ tienes hambre ?	hungry ?	train
anything else ?	¿ algo más ?	¿ algo más ?	anything else ?	train
write spanish	escribe español	escribe español	write spanish	train
i know your name	yo sé tu nombre	yo sé tu nombre	i know your name	train
let tom in	dejar entrar a tom	dejar entrar a tom	let tom in	train
were still here	todavía estamos aquí	todavía estamos aquí	were still here	train
the boy is working	el chico está trabajando	el chico está trabajando	the boy is working	train
tom is very kind	tom es muy amable	tom es muy amable	tom is very kind	train
they dont live here	no viven aquí	no viven aquí	they dont live here	train
theyre writing	están escribiendo	están escribiendo	theyre writing	train
i am already prepared	ya estoy preparado	ya estoy preparado	i am already prepared|im already ready	train
i see the problem	ya veo el problema	ya veo el problema	i see the problem	train
cats are smart	los gatos son inteligentes	los gatos son inteligentes	cats are smart	train
hes not married	él no está casado	él no está casado	he is not married|he isnt married|hes not married	train
mary did not cry	mary no lloró	mary no lloró	mary did not cry	train
nobody hugged tom	nadie abrazó a tom	nadie abrazó a tom	no one hugged tom|nobody hugged tom	train
i dont drink	yo no bebo	yo no bebo|yo no tomo	i dont drink	train
i found my book	encontré mi libro	encontré mi libro	i found my book	train
her daughter is sick	su hija está enferma	su hija está enferma	her daughter is sick	train
give me a minute	dame un minuto	dame un minuto	give me a minute	train
sweet dreams !	¡ felices sueños !	¡ dulces sueños !|¡ felices sueños !	sweet dreams !	train
were running late	vamos tarde	se nos hizo tarde|vamos tarde	were running late	train
it was toms fault	fue culpa de tom	fue culpa de tom	it was toms fault	train
i am not afraid	no tengo miedo	no estoy asustado|no tengo miedo	i am not afraid|im not afraid|im not scared	train
everybody paid	todo el mundo pagó	todo el mundo pagó	everybody paid	train
were always busy	siempre estamos ocupados	siempre estamos ocupados	were always busy	train
thats not interesting	eso no es interesante	eso no es interesante	thats not interesting	train
i am studying	estoy estudiando	estoy estudiando	i am studying|i study|im studying	train
tom is very strong	tom es muy fuerte	tom es muy fuerte	tom is very strong	train
im from boston	soy de boston	soy de boston	im from boston	train
we like her	ella nos agrada	ella nos agrada	we like her	train
its always good	siempre es bueno	siempre es bueno	its always good	train
tom called me	me ha llamado tom	me ha llamado tom	tom called me	train
i get things done	hago las cosas	hago las cosas	i get things done	train
say something	¡ decid algo !	¡ decid algo !|¡ di algo !	say something|say something !	train
thats great !	¡ qué bien !	¡ qué bien !	thats great !	train
weve lost again	hemos vuelto a perder	hemos vuelto a perder	weve lost again	train
its totally my fault	es totalmente mi culpa	es totalmente mi culpa	its totally my fault	train
were working	estamos trabajando	estamos trabajando	were working	train
we like tom	tom nos gusta	queremos a tom|tom nos gusta	we like tom	train
i like my job	me gusta mi trabajo	me gusta mi trabajo	i like my job	train
he seems sick	él se ve enfermo	él parece enfermo|él se ve enfermo	he seems ill|he seems sick	train
tom is not dead	tom no ha muerto	tom no ha muerto	tom is not dead|tom isnt dead	train
i went to school	fui a la escuela	fui a la escuela|fui al colegio	i went to school	train
let me do that	déjame que lo haga	déjame que lo haga	let me do it|let me do that|let me do this	train
were learning french	estamos aprendiendo francés	estamos aprendiendo francés	were learning french	train
im going tomorrow	iré mañana	iré mañana	ill come tomorrow|im going tomorrow	train
thats enough !	¡ eso basta !	¡ eso basta !	thats enough !	train
we now work together	ahora trabajamos juntos	ahora trabajamos juntos	we now work together	train
no im english	no yo soy inglés	no soy inglés|no yo soy inglés	no i am english|no im english	train
this is nice	esto está bueno	esto es estupendo|esto está bien|esto está bueno	this is nice|this tastes good	train
that smells delicious	eso huele muy bien	eso huele muy bien	that smells delicious	train
hey you there !	¡ hey tú !	¡ hey tú !	hey you there !	train
my father works here	aquí trabaja mi padre	aquí trabaja mi padre	my father works here	train
you must go home	debes irte a casa	debes irte a casa	you must go home	train
its warm today	hoy hace calor	hoy hace calor	its hot today|its warm today	train
i saw nothing	yo no vi nada	yo no vi nada	i saw nothing	train
it sounds like tom	suena como tom	suena como tom	it sounds like tom	train
i know the song	conozco la canción	conozco la canción	i know the song	train
she does it fast	ella lo hace rápido	ella lo hace rápido	she does it fast	train
we are still alive	todavía estamos vivos	nosotros aún estamos vivos|todavía estamos vivos	we are still alive|were still alive	train
something changed	algo cambió	algo cambió	something changed	train
youre not canadian	no eres canadiense	no eres canadiense	you arent canadian|youre not canadian	train
it would be perfect	sería perfecto	sería perfecto	it would be perfect	train
it is raining now	está lloviendo ahora	ahora está lloviendo|está lloviendo ahora	it is raining now	train
you seem very scared	pareces muy asustado	pareces muy asustado	you seem very scared	train
my chicken is here	mi pollo está aquí	mi pollo está aquí	my chicken is here	train
tom cant work	tom no puede trabajar	tom no puede trabajar	tom cant work	train
she was surprised too	ella también estaba sorprendida	ella también estaba sorprendida	she was surprised too	train
its a good idea	es una buena idea	es una buena idea	its a good idea	train
i will wait outside	esperaré fuera	esperaré fuera	i will wait outside	train
the kids are sleeping	los niños duermen	los niños duermen	the kids are sleeping	train
my eyes are tired	tengo los ojos cansados	tengo los ojos cansados	my eyes are tired	train
yours is over there	el tuyo está allí	el tuyo está allí	yours is over there	train
i love flowers	adoro las flores	adoro las flores	i love flowers	train
ill make you happy	yo te haré feliz	te haré feliz|yo te haré feliz	ill make you happy	train
think about death	piensa en la muerte	piensa en la muerte	think about death	train
theyre right outside	están justo afuera	están justo afuera	theyre right outside	train
this book looks interesting	este libro parece interesante	este libro parece interesante	this book looks interesting|this book seems interesting	train
its too far away	está demasiado lejos	está demasiado lejos	its too far away	train
my dogs are white	mis perros son blancos	mis perros son blancos	my dogs are white	train
i like two men	me gustan dos hombres	me gustan dos hombres	i like two men	train
the girl is lonely	la chica está sola	la chica está sola	the girl is lonely	train
tom always believes me	tom siempre me cree	tom siempre me cree	tom always believes me	train
i didnt sleep well	no dormí bien	no dormí bien	i didnt sleep well	train
we will do it	lo haremos	lo haremos	we will do it|well do it	train
the woman is reading	la mujer está leyendo	la mujer está leyendo	the woman is reading	train
i started to cry	empecé a llorar	empecé a llorar	i began to cry|i started to cry	train
tom finally spoke	tom finalmente habló	tom finalmente habló	tom finally spoke	train
theyre not mine	no son los míos	no son los míos|no son míos	theyre not mine	train
she can sing	ella puede cantar	ella puede cantar	she can sing	train
tom was right	tom tenía razón	tom tenía razón	tom was right	train
nobody knows the truth	nadie sabe la verdad	nadie sabe la verdad	nobody knows the truth	train
ill show you where	te mostraré dónde es	te mostraré dónde es|te mostraré dónde está	ill show you where	train
tom isnt ready	tom no está listo	tom no está listo	tom isnt ready	train
you can speak english	tú puedes hablar inglés	tú puedes hablar inglés	you can speak english	train
sit down tom	siéntate tom	sentate tomás|siéntate tom	sit down tom	train
are you sick ?	¿ estás enfermo ?	¿ estás enferma ?|¿ estás enfermo ?	are you ill ?|are you sick ?	train
my life is here	mi vida está aquí	mi vida es aquí|mi vida está aquí	my life is here	train
i hate to fight	detesto pelear	detesto pelear|odio pelear	i hate fighting|i hate to fight	train
she spoke japanese well	ella habló bien japonés	ella habló bien japonés	she spoke japanese well	train
she looked lonely	parecía sola	ella lucía sola|parecía sola	she looked lonely	train
tom understands french	tom entiende francés	tom entiende francés	tom understands french	train
that will do	con eso tengo	con eso tengo|eso vale|será suficiente	that will do	train
i was happy then	entonces estaba feliz	entonces estaba feliz|yo era feliz entonces	i was happy then	train
i do nothing	no hago nada	no hago nada	i do nothing|i dont do anything	train
tom is very hungry	tom tiene mucha hambre	tom tiene mucha hambre	tom is very hungry	train
you like it ?	¿ te gusta ?	¿ te gusta ?	like it ?|you like it ?	train
i dont think so	no lo creo	no creo|no lo creo	i dont think so	train
i have monday off	tengo el lunes libre	tengo el lunes libre	i have monday off	train
choose carefully	elige con cuidado	elige con cuidado	choose carefully	train
what weather !	¡ qué tiempo !	¡ qué tiempo !	what weather !	train
wait outside	espera fuera	espera fuera	wait outside	train
we want to talk	queremos hablar	queremos hablar	we want to talk	train
the room is cold	la habitación está fría	la habitación está fría	the room is cold	train
i bought an umbrella	compré un paraguas	compré un paraguas	i bought an umbrella	train
he plays well	él juega bien	él juega bien	he plays well	train
tom speaks very quickly	tom habla muy rápido	tom habla muy rápido	tom speaks very quickly|tom talks very fast	train
her silence surprised me	su silencio me sorprendió	su silencio me sorprendió	her silence surprised me|his silence surprised me	train
its only a game	es solo un juego	es solo un juego	its only a game	train
he misled me	él me engañó	él me engañó	he cheated me|he cheated on me|he misled me	train
come swim with me	ven a nadar conmigo	ven a nadar conmigo	come swim with me	train
the meat is delicious	la carne está deliciosa	la carne está deliciosa	the meat is delicious	train
mary can swim	mary puede nadar	mary puede nadar|mary sabe nadar	mary can swim	train
thats me	soy yo	ese soy yo|soy yo	it is i|its me|its me !|thats me	train
thats perfect	eso es perfecto	eso es perfecto	thats perfect	train
tom works	tomás trabaja	tomás trabaja	tom works	train
thats mine	ése es mío	eso es mío|ése es mío	thats mine	train
he bought a car	él compró un coche	él compró un coche	he bought a car	train
she talks too fast	ella habla demasiado rápido	ella habla demasiado rápido	she talks too fast	train
she might be french	ella podría ser francesa	ella podría ser francesa|puede que sea francesa	she may be french|she might be french	train
tom has long hair	tomás tiene pelo largo	tomás tiene pelo largo	tom has long hair	train
hes studying	él está estudiando	él está estudiando	hes studying|hes studying now	train
thanks again for everything	gracias nuevamente por todo	gracias nuevamente por todo	thanks again for everything	train
im watching the news	estoy viendo las noticias	estoy viendo las noticias	im watching the news	train
i wont go	no voy a ir	no iré|no voy a ir	i wont go|im not going	train
i like to cook	me gusta cocinar	me gusta cocinar	i like cooking|i like to cook	train
speak clearly !	¡ habla claramente !	¡ habla claramente !	speak clearly !	train
this is our room	este es nuestro cuarto	este es nuestro cuarto	this is our room	train
were doing something	estamos haciendo algo	estamos haciendo algo	were doing something	train
no one will know	nadie lo sabrá	nadie lo sabrá|nadie sabrá	no one will know	train
we dont have tea	no tenemos té	no tenemos té	we dont have tea	train
we missed our train	perdimos nuestro tren	perdimos nuestro tren	we missed our train	train
keep quiet !	¡ quédate tranquilo !	¡ quédate tranquilo !	keep quiet !	train
im totally drunk	estoy totalmente borracho	estoy totalmente borracho	im totally drunk	train
no thanks im pregnant	no gracias estoy embarazada	no gracias estoy embarazada	no thanks im pregnant	train
this cat is eating	este gato está comiendo	este gato está comiendo	this cat is eating	train
you need it	lo necesitas	lo necesitas|usted lo necesita	you need it	train
he gave up	lo dejó	lo dejó	he gave up	train
tom seems clever	tom parece listo	tom parece listo	tom seems clever	train
so far so good	hasta ahora bien	hasta ahora bien	so far so good	train
mary has hope	mary tiene esperanza	mary tiene esperanza	mary has hope	train
i want to go	quiero ir	quiero ir	i want to go	train
they are my friends	ellos son mis amigos	ellos son mis amigos	they are my friends|theyre my friends	train
he doesnt know me	él no me conoce	él no me conoce	he doesnt know me	train
can we go ?	¿ podemos ir ?	¿ podemos ir ?|¿ podemos irnos ?	can we go ?	train
people are good	la gente es buena	la gente es buena	people are good	train
think before you speak	piensa antes de hablar	piensa antes de hablar	think before you speak	train
they work at night	trabajan de noche	trabajan de noche	they work at night	train
she answered me back	ella me respondió	ella me respondió	she answered me back	train
whats the deal ?	¿ qué pasa ?	¿ qué pasa ?	whats going on ?|whats that about ?|whats the deal ?|whats the matter ?	train
its a small world	el mundo es pequeño	el mundo es pequeño	its a small world|the world is small	train
im coming right away	vengo enseguida	vengo enseguida	im coming right away	train
its totally normal	es totalmente normal	es totalmente normal	its completely normal|its totally normal	train
it was really boring	era verdaderamente aburrido	era verdaderamente aburrido	it was really boring	train
these dogs are big	estos perros son grandes	estos perros son grandes	these dogs are big	train
i will study german	voy a estudiar alemán	voy a estudiar alemán	i will study german	train
look here	mira aquí	mira aquí|mirad aquí|miren aquí	look here	train
i get it	lo entiendo	lo entiendo	i get it|i understand|i understand it|i understand that	train
it is mine	es mío	es mío	it is mine|its mine	train
let me do it	déjame que lo haga	deja que lo haga|déjame que lo haga	let me do it|let me do that|let me do this	train
i am very tired	estoy muy cansada	estoy muy cansada|estoy muy cansado	i am very tired|im pretty tired|im very tired	train
hes your son	él es tu hijo	él es tu hijo	hes your son	train
tom is hurt	tom está herido	tom está herido	tom is hurt|toms hurt	train
im busy tonight	esta noche estoy ocupado	esta noche estoy ocupado	im busy tonight	train
i met him once	lo conocí una vez	lo conocí una vez	i met him once	train
obviously theres a problem	obviamente hay un problema	obviamente hay un problema	obviously theres a problem	train
its all or nothing	es todo o nada	es todo o nada	its all or nothing	train
ive brought lunch	traje almuerzo	traje almuerzo	ive brought lunch	train
they quit	renunció	renunció	they quit	train
now stop crying	para de llorar	para de llorar|ya basta de llorar	now stop crying	train
tom is your enemy	tom es tu enemigo	tom es tu enemigo	tom is your enemy	train
you are good	estás bien	eres bueno|estás bien	you are good|you look good	train
tom never touched me	tom nunca me tocó	tom nunca me tocó	tom never touched me	train
that wasnt tom	ese no era tom	ese no era tom	that wasnt tom	train
tom wants children	tom quiere hijos	tom quiere hijos	tom wants children	train
he found my bicycle	él encontró mi bicicleta	él encontró mi bicicleta	he found my bicycle	train
i can go	puedo ir	puedo ir	i can go	train
today here and now	hoy aquí y ya	hoy aquí y ya	today here and now	train
have a seat please	tome asiento por favor	tome asiento por favor	have a seat please|please have a seat|please sit down|please take a seat|sit down please|take a seat please	train
he looks bored	él parece aburrido	él parece aburrido	he looks bored	train
she just left	ella acaba de salir	ella acaba de salir|se acaba de ir	she just left	train
lets do the work	hagamos el trabajo	hagamos el trabajo	lets do the work	train
he has no children	él no tiene hijos	él no tiene hijos|ése no tiene hijos	he has no children	train
i need his help	necesito su ayuda	necesito su ayuda	i need her help|i need his help	train
i am very busy	tengo muchísimo trabajo	tengo muchísimo trabajo	i am very busy|im very busy	train
they dont seem happy	no parecen felices	no parecen felices	they dont seem happy	train
i see	ya veo	ya veo	i see	train
theyve come back	ellos han vuelto	ellos han vuelto	theyve come back	train
im very tired	estoy muy cansada	estoy muy cansada|estoy muy cansado	i am very tired|im pretty tired|im very tired	train
i didnt see it	no lo vi	no lo vi	i didnt see him|i didnt see it	train
im quite better now	ahora estoy mucho mejor	ahora estoy mucho mejor	im quite better now	train
let me finish	déjame terminar	dejame terminar|déjame terminar	just let me finish|let me finish	train
youre prepared	está preparado	está preparado	hes prepared|shes prepared|youre prepared	train
we are together again	estamos juntos otra vez	estamos juntos otra vez	we are together again	train
take a seat please	tome asiento por favor	por favor tome asiento|siéntate por favor|siéntense por favor|siéntese por favor|tome asiento por favor	have a seat please|please have a seat|please sit down|please take a seat|sit down please|take a seat please	train
am i invited ?	¿ estoy invitado ?	¿ estoy invitado ?	am i invited ?	train
i have a house	tengo una casa	tengo una casa	i have a house	train
dont ask !	¡ no preguntes !	¡ no preguntes !	dont ask !	train
the game was excellent	el juego fue excelente	el juego era excelente|el juego fue excelente	the game was excellent	train
youre a dog	eres un perro	eres un perro	you are a dog|youre a dog	train
keep out	no entrar	no entrar	dont come in|keep out	train
tom is not happy	tom no es feliz	tom no es feliz	tom is not happy	train
im not blind	no estoy ciego	no estoy ciego	im not blind	train
i hope i win	espero ganar	espero ganar	i hope i win	train
this is new	eso está nuevo	eso está nuevo	this is new	train
its a mistake	es un error	es un error	its a mistake|this is a mistake	train
he was very poor	él era muy pobre	él era muy pobre	he was very poor	train
i need more time	necesito más tiempo	necesito más tiempo	i need more time	train
how weird !	¡ qué raro !	¡ qué raro !	how strange !|how weird !	train
he writes books	escribe libros	escribe libros|él escribe libros	he writes books	train
tom knows the truth	tom sabe la verdad	tom sabe la verdad	tom knows the truth	train
we never lost hope	nunca perdimos la esperanza	nunca perdimos la esperanza	we never lost hope	train
all is quiet	todo está en silencio	todo está en calma|todo está en silencio	all is quiet	train
i like to study	me gusta estudiar	me gusta estudiar	i like to study	train
remember that	recuerda eso	recuerda eso	remember that	train
red is better	el rojo es mejor	el rojo es mejor	red is better	train
the woman is right	la mujer tiene razón	la mujer tiene razón	the woman is right	train
whats that about ?	¿ qué pasa ?	¿ qué pasa ?	whats going on ?|whats that about ?|whats the deal ?|whats the matter ?	train
its very early	es muy temprano	es muy temprano	its very early	train
im not old	no estoy viejo	no estoy viejo	im not old	train
its nice today	hoy hace bueno	hoy hace bueno	its fine today|its nice today	train
it could be important	podría ser importante	podría ser importante	it could be important	train
tom is not crying	tom no está llorando	tom no está llorando	tom is not crying|tom isnt crying	train
my friend is here	mi amiga está aquí	mi amiga está aquí|mi amigo está aquí	my friend is here	train
those are their books	esos son sus libros	esos son sus libros	those are their books	train
im sorry about yesterday	lamento lo de ayer	lamento lo de ayer|siento lo de ayer	im sorry about yesterday	train
id rather die	preferiría morir	preferiría morir	id rather die	train
finish the story	termina la historia	termina la historia	finish the story	train
you were right too	ustedes tenían razón también	también tenías razón|ustedes tenían razón también	you were right too	train
the bus was full	el autobús estaba lleno	el autobús estaba lleno	the bus was full	train
tom doesnt smoke	tom no fuma	tom no fuma	tom doesnt smoke	train
im dying	me estoy muriendo	me estoy muriendo	im dying	train
were not like you	no somos como tú	no somos como tú	we arent like you|were not like you	train
thats over	se acabó	se acabó	its over|thats over	train
ok i agree	bueno estoy de acuerdo	bueno estoy de acuerdo	ok i agree	train
hes very talented	es muy talentoso	es muy talentoso	he is very talented|hes very talented	train
that sounds right	eso me parece correcto	eso me parece correcto|eso suena bien	that sounds right	train
boston is my home	boston es mi casa	boston es mi casa	boston is my home	train
you were tortured	fuiste torturado	a usted le torturaron|a ustedes le torturaron|fue torturado|fuiste torturado|le torturaron|les torturaron|os torturaron|te torturaron|usted fue torturado	you were tortured	train
tom loves that song	tom ama esa canción	tom ama esa canción	tom loves that song	train
hurry home	rápido a casa	corre vete a casa|rápido a casa	hurry home	train
come on wake up	vamos despierta	vamos despierta	come on wake up	train
well well well	vaya vaya vaya	vaya vaya vaya	well well well	train
obviously	obviamente	obviamente	obviously	train
i returned to japan	volví a japón	volví a japón	i returned to japan	train
the game is fun	el juego es divertido	el juego es divertido	the game is fun	train
were going	nos vamos	nos vamos|nosotros vamos a ir|vamos a ir	were going|were leaving	train
we didnt break up	no terminamos	no hemos roto|no terminamos	we didnt break up	train
they must be happy	ellas deben ser felices	ellas deben ser felices	they must be happy	train
ill be right back	¡ vuelvo enseguida !	¡ vuelvo enseguida !	ill be right back	train
i havent seen it	no lo he visto	no lo he visto	i havent seen it	train
ill come back later	volveré más tarde	volveré más tarde	ill come back later	train
the dog was dying	el perro estaba muriendo	el perro estaba muriendo	the dog was dying	train
life is now	la vida es ahora	la vida es ahora	life is now	train
i am italian	soy italiano	soy italiano|yo soy italiano	i am italian|im italian	train
tom seemed shy	tomás parecía tímido	tomás parecía tímido	tom seemed shy	train
were not eating	no estamos comiendo	no estamos comiendo	were not eating	train
we like you	nos gustas	nos gustas	we like you	train
he is eating	está comiendo	está comiendo|él come|él está comiendo	he is eating|hes eating|she is eating	train
she heard him sing	ella le oyó cantar	ella le oyó cantar	she heard him sing	train
you must be crazy	debes estar loco	debes estar loco	you must be crazy	train
we are happy	somos felices	somos felices	we are happy|were happy	train
they want you dead	quieren que estés muerto	quieren que estés muerto	they want you dead	train
mary is a mom	mary es mamá	mary es mamá	mary is a mom	train
please sit	por favor siéntate	por favor siéntate|por favor siéntese	please sit|sit down please !	train
the sun is big	el sol es grande	el sol es grande	the sun is big	train
im worried about them	me preocupo por ellos	me preocupo por ellas|me preocupo por ellos	im worried about them	train
tom never changed	tom nunca cambió	tom nunca cambió	tom never changed	train
here we go	aquí vamos	aquí vamos	here we go	train
this is your fault	esto es tu culpa	esto es culpa tuya|esto es tu culpa	this is your fault	train
mary talks a lot	mary habla mucho	mary habla mucho	mary talks a lot	train
no i agree	no estoy de acuerdo	no estoy de acuerdo	i do not agree|i dont agree|no i agree	train
she knows mary	conoce a mary	conoce a mary	he knows mary|she knows mary	train
its getting pretty late	se está haciendo tarde	se está haciendo tarde	its getting late|its getting pretty late	train
your french is good	tu francés es bueno	tu francés es bueno	your french is good	train
ive said everything	lo he dicho todo	lo he dicho todo	ive said everything	train
youll get lost	te vas a perder	te vas a perder	youll get lost	train
tom was bored	tom estaba aburrido	tom estaba aburrido	tom was bored	train
you are welcome	eres bienvenido	de nada|eres bienvenido|no hay de qué	you are welcome	train
are you ready ?	¿ estás lista ?	¿ están listos ?|¿ estás lista ?|¿ estás listo ?	are you ready ?	train
that joke is mine	ese chiste es mío	ese chiste es mío	that joke is mine	train
your father is tall	su padre es alto	su padre es alto|tu padre es alto	her father is tall|your father is tall	train
theyre all dead	todos están muertos	todos están muertos	they are all dead|theyre all dead	train
it is chinese	es chino	es chino	hes chinese|it is chinese	train
im very fat	soy muy gorda	estoy muy gorda|estoy tan gordo|soy muy gorda|soy muy gordo	im very fat	train
i like the girls	me gustan las chicas	me gustan las chicas	girls please me|i like girls|i like the girls|the girls please me	train
this story is true	esta historia es real	esta historia es real|esta historia es verdadera	this story is true	train
she still loved him	ella aún lo amaba	ella aún lo amaba|todavía le quería	she still loved him	train
she speaks good english	ella habla bien inglés	ella habla bien inglés	she speaks good english	train
tom is crying	tomás está llorando	tomás está llorando	tom is crying|toms crying	train
she can speak french	ella sabe hablar francés	ella puede hablar francés|ella sabe hablar francés	she can speak french	train
we should be friends	deberíamos ser amigos	deberíamos ser amigos	we should be friends	train
shes coming with me	viene conmigo	viene conmigo	shes coming with me	train
there isnt anyone here	aquí no hay nadie	aquí no hay nadie	there isnt anyone here|theres no one here	train
tom im pregnant	tom estoy embarazada	tom estoy embarazada	tom im pregnant	train
i work	yo trabajo	estoy trabajando|yo trabajo	i am working|i work	train
it was for tom	era para tom	era para tom	it was for tom	train
they like to dance	les gusta bailar	les gusta bailar	they like to dance	train
hes always on time	siempre llega a tiempo	siempre llega a tiempo	hes always on time	train
i know you	te conozco	le conozco|les conozco|os conozco|te conozco|yo te conozco	i know you	train
i often eat chicken	como pollo con frecuencia	como pollo con frecuencia	i often eat chicken	train
lets always be friends	seamos amigos siempre	seamos amigos siempre	lets always be friends	train
singing is his thing	lo suyo es cantar	ama cantar|le encanta cantar|lo suyo es cantar	singing is her thing|singing is his thing|singing is their thing	train
im still single	todavía estoy soltero	sigo soltero|todavía estoy soltera|todavía estoy soltero|todavía soy soltero	im still single	train
try to stop me	intenta pararme	intenta pararme	try to stop me	train
maybe you should listen	quizás deberías escuchar	quizás deberías escuchar	maybe you should listen	train
hes hungry	tiene hambre	tiene hambre	hes hungry|shes hungry	train
i like the cold	me agrada el frío	me agrada el frío	i like the cold	train
he stopped the car	él paró el coche	él paró el coche	he stopped the car	train
we didnt see anything	nosotros no vimos nada	nosotros no vimos nada	we didnt see anything	train
now sit down	ahora sentate	ahora sentate	now sit down	train
this is my story	esto es mi historia	esto es mi historia	this is my story	train
its midnight	es medianoche	es medianoche	its midnight	train
mary knows me	mary me conoce	mary me conoce	mary knows me	train
i was busy yesterday	ayer estuve ocupado	ayer estuve ocupado	i was busy yesterday	train
i never knew tom	nunca conocí a tom	nunca conocí a tom	i never knew tom	train
she is beautiful	ella es guapa	ella es guapa|ella es preciosa|es guapa	she is beautiful|shes beautiful|shes pretty	train
i am not working	no estoy trabajando	no estoy trabajando	i am not working|im not working	train
the dog looks hungry	el perro parece hambriento	el perro parece hambriento	the dog looks hungry	train
its very interesting	es muy interesante	es muy interesante	its very interesting|this is very interesting	train
i saw mary yesterday	ayer vi a mary	ayer vi a mary	i saw mary yesterday	train
this is a person	esta es una persona	esta es una persona	this is a person	train
tom was prepared	tom estaba preparado	tom estaba preparado	tom was prepared|tom was ready	train
i really got depressed	me sentí verdaderamente deprimido	me he deprimido profundamente|me sentí verdaderamente deprimido	i really got depressed	train
youre in danger tom	estás en peligro tom	estás en peligro tom	youre in danger tom	train
youre a dead man	eres hombre muerto	eres hombre muerto	youre a dead man	train
we should leave	deberíamos irnos	deberíamos irnos	we should go|we should leave	train
i hate doing this	odio hacer esto	odio hacer esto	i hate doing this	train
its very hot	está muy caliente	está muy caliente	its very hot	train
dont do it tom	no lo hagas tom	no lo hagas tom	dont do it tom	train
finish studying	termina de estudiar	termina de estudiar	finish studying	train
my parents dont know	mis padres no saben	mis padres no saben	my parents dont know	train
tom had a gun	tom tenía un arma	tom tenía un arma	tom had a gun	train
im old	soy viejo	soy viejo	im old	train
stop that	para eso	para eso	stop that	train
he is always prepared	siempre está preparado	siempre está preparado	he is always prepared	train
speak with my doctor	habla con mi médico	habla con mi médico	speak with my doctor	train
she is old	es vieja	es vieja	she is old	train
she kept on crying	ella siguió llorando	ella siguió llorando	she kept on crying	train
thats not me	ese no soy yo	ese no soy yo	thats not me	train
tom was probably joking	probablemente tom estaba bromeando	probablemente tom estaba bromeando	tom was probably joking	train
dont open the door	no abra la puerta	no abra la puerta	dont open the door	train
your father wants you	tu padre te quiere	tu padre te quiere	your father wants you	train
yanni is probably right	yanni probablemente tenga razón	yanni probablemente tenga razón	yanni is probably right	train
i do not understand	no comprendo	no comprendo|no entiendo	i do not understand|i dont get it|i dont understand	train
hes rich	es rico	es rico|él es rico	hes rich	train
he seems happy	parece feliz	parece feliz	he seems happy|she looks happy	train
im not your mother	no soy tu madre	no soy tu madre	im not your mother	train
this has to stop	esto tiene que parar	esto tiene que parar	this has to stop|this needs to stop	train
open your eyes	abran sus ojos	abran sus ojos|abre los ojos	open your eyes	train
i have to work	tengo que trabajar	tengo que trabajar	i have to work	train
try and do it	intenta hacerlo	intenta hacerlo	try and do it	train
thats not funny	eso no es gracioso	eso no es divertido|eso no es gracioso	thats not funny	train
they love their children	aman a sus hijos	aman a sus hijos	they love their children	train
they respect you	ellas los respetan	ellas las respetan|ellas los respetan|ellas te respetan|ellos las respetan|ellos los respetan|ellos te respetan	they respect you	train
this is my cat	ése es mi gato	este es mi gato|ése es mi gato|éste es mi gato	thats my cat|this is my cat	train
do study here	estudia aquí	estudia aquí	do study here	train
im a married man	soy un hombre casado	soy un hombre casado	im a married man	train
are you kidding ?	¿ estás bromeando ?	¿ estás bromeando ?|¿ estás jodiendo ?	are you joking ?|are you kidding ?	train
tom lied to us	tom nos mintió	tom nos mintió	tom lied to us	train
it was nothing	no era nada	no era nada	it was nothing	train
youre not a man	no eres un hombre	no eres un hombre	youre not a man	train
he talks too fast	habla demasiado rápido	habla demasiado rápido	he talks too fast	train
i saw a dog	vi un perro	vi a un perro|vi un perro|yo vi un perro	i saw a dog	train
we like our school	nos gusta nuestra escuela	nos gusta nuestra escuela	we like our school	train
be very careful	ten mucho cuidado	ten mucho cuidado	be very careful	train
i see the house	estoy viendo la casa	estoy viendo la casa|veo la casa	i see the house	train
that cant be	eso no puede ser	eso no puede ser	that cant be	train
i like women	me gustan las mujeres	me gustan las mujeres	i like women	train
youre a bread	tú eres un pan	tú eres un pan	youre a bread	train
we are not alone	no estamos solas	no estamos solas|no estamos solos	we are not alone|we arent alone	train
tom came back early	tom volvió temprano	tom volvió temprano	tom came back early	train
youre afraid of him	le tienes miedo	le tenéis miedo|le tiene miedo|le tienen miedo|le tienes miedo	youre afraid of him	train
no one was there	nadie estaba allí	nadie estaba allí	no one was there	train
have they gone ?	¿ han salido ?	¿ han ido ?|¿ han salido ?	have they gone ?	train
the kids are asleep	los niños están durmiendo	los niños están durmiendo	the kids are asleep	train
i want to live	quiero vivir	quiero vivir	i want to live	train
this is disgusting	esto es repugnante	esto es repugnante	this is disgusting	train
god is	dios es	dios es	god is	train
youd better not go	mejor no vayas	mejor no vayas	youd better not go	train
read	lee	lea|lean|lee	read	train
its not easy	no está fácil	no es fácil|no está fácil	it isnt easy|its not easy	train
i remember them	me acuerdo de ellos	me acuerdo de ellas|me acuerdo de ellos	i remember them	train
theyre talking	están hablando	están hablando	theyre talking	train
he made me cry	él me hizo llorar	me hizo llorar|él me hizo llorar	he made me cry	train
she went blind	ella se quedó ciega	ella se quedó ciega|se quedó ciega	she went blind	train
she gave money	ella dio dinero	ella dio dinero	she gave money	train
they hate the rules	ellos odian las normas	ellos odian las normas	they hate the rules	train
itll probably rain	probablemente llueva	probablemente llueva	it will probably rain|itll probably rain	train
youve got me	me tienen a mí	me ha pescado|me han pescado|me has pescado|me tiene a mí|me tienen a mí|me tienes a mí	youve got me	train
yes lets	sí hagámoslo	sí hagámoslo	yes lets	train
i only want tom	solo quiero a tom	solo quiero a tom	i only want tom	train
he looks pale	luce pálido	luce pálido	he looks pale	train
and now ?	¿ y ahora ?	¿ y ahora ?	and now ?|what now ?	train
she seems ok now	ahora parece estar bien	ahora parece estar bien	she seems ok now	train
he speaks very slowly	habla muy despacio	habla muy despacio	he speaks very slowly|she speaks very slowly|you speak very slowly	train
im not going back	no voy a volver	no voy a volver	im not going back	train
can you come ?	¿ puedes venir ?	¿ puedes venir ?	can you come ?	train
tom closed the book	tom cerró el libro	tom cerró el libro	tom closed the book	train
you should eat something	usted debe comer algo	usted debe comer algo	you should eat something	train
your father is japanese	tu padre es japonés	su padre es japonés|tu padre es japonés|vuestro padre es japonés	your father is japanese	train
tom cried a lot	tom lloró mucho	tom lloró mucho	tom cried a lot	train
call your father	llama a tu padre	llama a tu padre	call your father	train
hes smart	es inteligente	es inteligente|él es inteligente	he is intelligent|he is smart|hes intelligent|hes smart|she is intelligent	train
be careful out there	ten cuidado ahí fuera	ten cuidado ahí fuera	be careful out there	train
please listen	por favor escucha	por favor escucha|por favor escuche|por favor escuchen|por favor escuchá	please listen	train
we should call tom	deberíamos llamar a tom	deberíamos llamar a tom	we should call tom	train
it is sunday tomorrow	mañana es domingo	mañana es domingo	it is sunday tomorrow|tomorrow is sunday	train
leave us alone	déjanos solas	déjanos solas|déjanos solos	leave us alone	train
dont speak	no hables	no hables	dont speak|dont talk	train
she is english	ella es inglesa	ella es inglesa	she is english	train
thats clever	¡ qué listo !	¡ qué listo !	how smart !|thats clever	train
he will come tomorrow	él vendrá mañana	él vendrá mañana	he will come tomorrow	train
it wont happen again	no volverá a pasar	no pasará otra vez|no volverá a pasar	it wont happen again	train
do it quickly	hágalo rápido	hazlo rápidamente|hágalo rápido	do it quickly	train
that wine is good	es un buen vino	es un buen vino	that wine is good	train
tom is calm	tom está tranquilo	tom está tranquilo	tom is calm	train
youre a beautiful girl	eres una chica hermosa	eres una chica hermosa	youre a beautiful girl	train
ive lost my ticket	he perdido mi boleto	he perdido mi boleto|perdí mi boleto	ive lost my ticket	train
she talks so much	ella habla mucho	ella habla mucho	she talks a lot|she talks so much	train
i work here	trabajo aquí	trabajo aquí	i work here	train
i live life	yo vivo la vida	yo vivo la vida	i live life	train
he likes mary	le agrada mary	le agrada mary|le gusta mary	he likes mary	train
we eat at home	comemos en casa	comemos en casa	we eat at home	train
tom never arrived	tom nunca llegó	tom nunca llegó	tom never arrived	train
he is very angry	está realmente enfadado	está realmente enfadado	he is very angry|hes really angry|hes very angry	train
his sister looks young	su hermana luce joven	su hermana luce joven	his sister looks young	train
she has one cat	ella tiene un gato	ella tiene un gato	she has one cat	train
tom wasnt sure	tom no estaba seguro	tom no estaba seguro	tom wasnt sure	train
is he looking ?	¿ está mirando ?	¿ está mirando ?	is he looking ?	train
it still doesnt work	todavía no funciona	todavía no funciona	it still doesnt work|its not yet working	train
im still your friend	sigo siendo vuestro amigo	sigo siendo vuestro amigo	im still your friend	train
he found it	él lo encontró	él lo encontró	he found it	train
ill see you tonight	te veré esta noche	te veré esta noche	ill see you tonight	train
dont look down	no mires abajo	no mires abajo	dont look down	train
they have bread	ellos tienen pan	ellos tienen pan	they have bread	train
your cake is delicious	vuestra tarta está deliciosa	tu pastel está delicioso|tu tarta está deliciosa|vuestra tarta está deliciosa	your cake is delicious	train
milk is white	la leche es blanca	la leche es blanca	milk is white	train
just a moment	un momento	un momento	just a moment|just hang in there|stand by	train
that bicycle is mine	esa bicicleta es mía	aquella bicicleta es mía|esa bicicleta es mía	that bicycle is mine	train
no thats all	no eso es todo	no eso es todo	no thats all	train
i come from home	vengo de casa	vengo de casa	i come from home	train
yes we can	sí podemos	sí podemos	yes we can	train
yanni stopped working	yanni dejó de trabajar	yanni dejó de trabajar	yanni stopped working	train
you win !	¡ ganasteis !	¡ ganaron !|¡ ganaron ustedes !|¡ ganaste !|¡ ganaste tú !|¡ ganaste vos !|¡ ganasteis !|¡ ganasteis vosotros !|¡ ganó !|¡ ganó usted !|¡ tú ganaste !|¡ usted ganó !|¡ ustedes ganaron !|¡ vos ganaste !|¡ vosotros ganasteis !	you win !	train
i havent said anything	no he dicho nada	no he dicho nada	i havent said anything	train
its for tom	es para tom	es para tom	its for tom	train
i dont like fighting	no me gusta pelear	no me gusta pelear	i dont like fighting	train
tom works there	tom trabaja allí	tom trabaja allí	tom works there	train
children listen !	¡ niños escuchen !	¡ niños escuchen !	children listen !|kids listen !	train
the house is red	la casa es roja	la casa es roja	the house is red	train
she is out now	ella está afuera ahora	ella está afuera ahora	she is out now	train
theres nothing inside	no hay nada adentro	no hay nada adentro	theres nothing inside	train
her teeth were white	sus dientes eran blancos	sus dientes eran blancos	her teeth were white|his teeth were white	train
you too	vos también	vos también	you too	train
its hot in here	hace calor aquí	hace calor aquí	its hot here|its hot in here|its warm in here	train
im eating cheese	estoy comiendo queso	estoy comiendo queso	im eating cheese	train
youll find a way	encontrarás un camino	encontrarás un camino	youll find a way	train
tom is learning english	tom está estudiando inglés	tom está aprendiendo inglés|tom está estudiando inglés	tom is learning english	train
ive lost it	lo he perdido	lo he perdido	ive lost it	train
yanni wasnt here	yanni no estaba aquí	yanni no estaba aquí	yanni wasnt here	train
itll be back	volverá	volverá	he will come back|itll be back	train
ill be around	estaré por ahí	estaré cerca|estaré por ahí	ill be around	train
she teaches english	ella enseña inglés	ella enseña inglés	she teaches english	train
i work all day	trabajo todo el día	trabajo todo el día	i work all day	train
the birds were hungry	los pájaros estaban hambrientos	los pájaros estaban hambrientos|los pájaros tenían hambre	the birds were hungry	train
women are beautiful	las mujeres son hermosas	las mujeres son hermosas	women are beautiful	train
you said no	has dicho que no	dijiste que no|has dicho que no	you said no	train
tom wants to help	tom quiere ayudar	tom quiere ayudar	tom wants to help	train
it wasnt expensive	no era caro	no era caro	it wasnt expensive	train
im bored with boston	estoy aburrido de boston	estoy aburrido de boston	im bored with boston	train
please wait outside	esperen afuera por favor	esperen afuera por favor	please wait outside	train
i cant see anything	no puedo ver nada	no puedo ver nada|no veo nada	i cant see anything	train
i found tony	encontré a tony	encontré a tony	i found tony	train
i really am sorry	realmente lo siento	realmente lo siento	i really am sorry|im really sorry	train
we were working late	estábamos trabajando tarde	estábamos trabajando tarde	we were working late	train
we have nothing	no tenemos nada	no tenemos nada	we have nothing	train
thats not possible	eso no es posible	eso no es posible	thats not possible	train
i like chicken	me gusta el pollo	me gusta el pollo	i like chicken|i love chicken	train
whats going on ?	¿ qué pasa ?	¿ qué hay ?|¿ qué pasa ?	whats going on ?|whats that about ?|whats the deal ?|whats the matter ?	train
he has ten children	él tiene diez niños	él tiene diez niños	he has ten children	train
im waiting for him	lo estoy esperando	lo estoy esperando	im waiting for him	train
ive tried everything	lo he intentado todo	lo he intentado todo	ive tried everything	train
bob helped me	bob me ayudó	bob me ayudó	bob helped me	train
youre probably wrong	probablemente estés equivocado	probablemente estés equivocado	youre probably wrong	train
my baby can walk	mi bebé puede caminar	mi bebé puede caminar	my baby can walk	train
ken wasnt running	ken no estaba corriendo	ken no estaba corriendo	ken wasnt running	train
show me your homework	enséñame tus deberes	enséñame tus deberes	show me your homework	train
im hungry	tengo hambre	me pica el bagre|tengo hambre	i am hungry|im hungry	train
they hate her	ellos la odian	ellos la odian	they hate her	train
i dont have children	no tengo hijos	no tengo hijos	i dont have children|i dont have kids|i dont have sons	train
oh i was ill	oh estaba enferma	oh estaba enferma|oh estaba enfermo	oh i was ill	train
this is really big	esto es muy grande	esto es muy grande	this is really big	train
youre very nice	eres muy amable	eres muy amable	youre too kind|youre very nice	train
go to sleep now	vaya a dormir ahora	vaya a dormir ahora	go to sleep now	train
theres something missing	falta algo	falta algo	theres something missing	train
he always studies hard	él siempre estudia duro	él siempre estudia duro	he always studies hard	train
can i eat ?	¿ puedo comer ?	¿ puedo comer ?	can i eat ?	train
we have a car	nosotros tenemos un coche	nosotros tenemos un coche|tenemos un coche	we have a car	train
father lost his job	papá perdió su trabajo	papá perdió su trabajo	father lost his job	train
were done	terminamos	terminamos	were done	train
i am your sun	yo soy tu sol	soy tu sol|yo soy tu sol	i am your sun	train
lets do it now	hagámoslo ahora	hagámoslo ahora	lets do it now	train
weve been here before	hemos estado aquí antes	hemos estado aquí antes	weve been here before	train
this was my fault	esto fue culpa mía	esto fue culpa mía	this was my fault	train
we need a car	necesitamos un coche	necesitamos un coche	we need a car	train
i already saw it	ya lo vi	ya lo vi	i already saw it	train
we are young	somos jóvenes	somos jóvenes	we are young|were young	train
i feel ugly	me siento feo	me siento fea|me siento feo	i feel ugly	train
she must be angry	ella debe estar enojada	ella debe estar enfadada|ella debe estar enojada	she must be angry	train
i continued working	seguí trabajando	seguí trabajando	i continued working	train
you speak well	habla usted bien	habla usted bien|hablas bien	you speak well	train
i am almost ready	estoy casi listo	estoy casi lista|estoy casi listo	i am almost ready|im about ready|im almost done	train
we have a dog	tenemos un perro	tenemos perro|tenemos un perro	we have a dog	train
everythings gone wrong	todo salió mal	todo salió mal	everythings gone wrong|it all went wrong	train
god is perfect	dios es perfecto	dios es perfecto	god is perfect	train
i remember him well	lo recuerdo bien	lo recuerdo bien	i remember him well	train
they also saw it	ellas también lo vieron	ellas también lo vieron	they also saw him|they also saw it	train
i eat an apple	como una manzana	como una manzana|yo como una manzana	i eat an apple	train
tom died yesterday	tom murió ayer	tom murió ayer	tom died yesterday	train
he is alone	él está solo	está solo|él está solo	he is alone	train
help me out	ayúdame a salir	ayúdame|ayúdame a salir	help me out	train
please talk to me	por favor habla conmigo	por favor habla conmigo	please talk to me	train
i read	leo	leo|yo leo	i read	train
you need nothing	no necesitas nada	no necesitas nada	you dont need anything|you need nothing	train
youd like it	te gustaría	te gustaría	youd like it	train
listen to tom	escucha a tom	escucha a tom	listen to tom	train
that woman is strong	esa mujer es fuerte	esa mujer es fuerte	that woman is strong	train
read after me	lee después de mí	lea después de mí|lee después de mí	read after me	train
thats enough for today	es suficiente por hoy	es suficiente por hoy	thats enough for today	train
i prefer to die	prefiero morir	prefiero morir	i prefer to die	train
he can swim fast	él puede nadar rápido	él puede nadar rápido	he can swim fast	train
im not rich	no soy rico	no soy rico	im not rich	train
there is one problem	hay un problema	hay un problema	there is one problem	train
i cant drink milk	no puedo beber leche	no puedo beber leche	i cant drink milk	train
i am called john	yo me llamo john	yo me llamo john	i am called john	train
you have two brothers	tenéis dos hermanos	tenéis dos hermanos	you have two brothers	train
he is drunk	él está borracho	él está borracho	he is drunk	train
tom is perfect	tom es perfecto	tom es perfecto	tom is perfect	train
this fish is big	este pez es grande	este pez es grande	this fish is big	train
i want to know	quiero saberlo	quiero saberlo	i am curious|i want to know	train
tom is afraid	tom tiene miedo	tom tiene miedo	tom is afraid	train
finish this	termina esto	termina esto	finish this	train
i have a wife	tengo una mujer	tengo una mujer	i have a wife	train
i want this camera	quiero esta cámara	quiero esta cámara	i want this camera	train
we are very drunk	estamos muy borrachos	estamos muy borrachos	we are very drunk	train
you are always welcome	tú siempre eres bienvenido	tú siempre eres bienvenido|usted es siempre bienvenido	you are always welcome	train
it began to snow	empezó a nevar	empezó a nevar	it began to snow|it started to snow	train
they dont eat anything	ellas no comen nada	ellas no comen nada|ellos no comen nada|no comen nada	they dont eat anything	train
maybe it will snow	tal vez nieve	tal vez nieve	maybe it will snow	train
i like that	me gusta eso	me gusta eso	i like that|i like these	train
im still here	todavía estoy acá	todavía estoy acá|todavía estoy aquí	im still here	train
i saw you crying	te vi llorar	te vi llorar	i saw you crying	train
do it this way	hazlo así	hazlo así	do it this way	train
this is food	esto es comida	esto es comida	this is food	train
let us begin	comencemos	comencemos	let us begin|lets begin|lets get started|lets start|lets start !	train
tom didnt win	tom no ganó	tom no ganó	tom didnt win	train
she saw him smile	ella le vio sonreír	ella le vio sonreír|ella lo vio sonreír	she saw him smile	train
here is my key	aquí está mi llave	aquí está mi llave	here is my key	train
we all work	todos trabajamos	todos trabajamos	we all work	train
just get back here	vuelve	limítate a volver aquí|simplemente vuelve aquí|vuelve	come back|just get back here	train
get inside	entra	entra	come on inside|come right in|get inside|go inside|go on in|go on inside	train
youre right	tienes razón	tienes razón	youre right	train
somebody came	alguien llegó	alguien llegó	somebody came|someone came	train
my house is empty	mi casa está vacía	mi casa está vacía	my house is empty	train
i know her well	yo la conozco bien	la conozco bien|yo la conozco bien	i know her well	train
he has big hands	él tiene manos grandes	él tiene manos grandes	he has big hands	train
he doesnt do it	él no lo hace	él no lo hace	he doesnt do it	train
tom opened another beer	tom abrió otra cerveza	tom abrió otra cerveza	tom opened another beer	train
its strange but true	es extraño pero cierto	es extraño pero cierto	its strange but true	train
theres someone inside	hay alguien adentro	hay alguien adentro	theres someone inside	train
i dont blame you	no os culpo	no os culpo|no te culpo	i dont blame you	train
tom is hiding something	tom está ocultando algo	tom está ocultando algo	tom is hiding something	train
its snowing in boston	está nevando en boston	está nevando en boston	its snowing in boston	train
my clothes are there	mi ropa esta ahí	mi ropa esta ahí|mi ropa está allí	my clothes are there	train
tom im serious	tom hablo en serio	tom hablo en serio	tom im serious	train
lets go that way	vamos hacia allá	vamos hacia allá	lets go that way	train
everything is all right	todo está bien	todo está bien	all is well|everything is all right|everything is fine|everything is ok|everythings fine|its all ok|its all right	train
im making coffee	estoy haciendo café	estoy haciendo café	im making coffee	train
this sentence is fine	esta frase está bien	esta frase está bien	this sentence is fine	train
it was my dream	era mi sueño	era mi sueño	it was my dream	train
i know youre angry	sé que estás enojado	sé que estás enojado	i know youre angry	train
im rather better now	estoy bastante mejor ahora	estoy bastante mejor ahora	im rather better now	train
i have a cold	tengo un resfriado	estoy resfriado|tengo un resfriado	i have a cold	train
he arrived late	él llegó tarde	él llegó tarde	he arrived late	train
tom looked young	tom parecía joven	tom parecía joven	tom looked young	train
this dog is big	este perro es grande	este perro es grande	this dog is big	train
tom cant talk	tom no puede hablar	tom no puede hablar	tom cant speak|tom cant talk	train
i want coffee	quiero café	quiero café	i want coffee	train
this was so stupid	esto fue tan estúpido	esto fue tan estúpido	this was so stupid	train
toms weak	tom es débil	tom es débil	toms weak	train
thats new	es nuevo	es nuevo	it is new|its new|thats new	train
tom should know that	tom debería saber eso	tom debería saber eso	tom should know that	train
make your bed	haz tu cama	haz tu cama	make your bed	train
lets eat lunch	comamos	comamos	lets eat|lets eat lunch	train
this is my daughter	esta es mi hija	esta es mi hija	this is my daughter	train
im really confused	estoy realmente confuso	estoy realmente confuso	im really confused	train
you told her so	le dijiste que sí	le dijiste que sí	you told her so|you told her yes|you told him so	train
give me a job	dame un trabajo	dame un trabajo	give me a job	train
its too early	es demasiado temprano	es demasiado temprano	its too early	train
something smells good	algo huele bien	algo huele bien	something smells good	train
tom is correct	tom tiene razón	tom tiene razón	tom is correct|tom is right|toms right	train
good job !	¡ buen trabajo !	¡ bien hecho !|¡ buen trabajo !	good job !	train
the dog is his	el perro es suyo	el perro es suyo	the dog is his	train
its not that cold	no hace tanto frío	no hace tanto frío	its not that cold	train
get me some ice	tráeme algo de hielo	tráeme algo de hielo	get me some ice	train
it is he	es él	es él	it is he|thats him	train
thats her home	esta es su casa	esta es su casa	thats her home	train
its a dictionary	es un diccionario	es un diccionario	its a dictionary	train
thats a great idea	es una gran idea	es una gran idea	thats a great idea	train
he didnt go there	él no fue allí	él no fue allí	he didnt go there	train
i dont understand it	eso no lo entiendo	eso no lo entiendo|no lo entiendo	i dont understand it	train
i wash my socks	lavo mis calcetines	lavo mis calcetines|me lavo los calcetines	i wash my socks	train
she cant do that	no puede hacerlo	no puede hacerlo	she cant do that	train
she lives alone	ella vive sola	ella vive sola	she lives alone	train
she loves to fish	le encanta pescar	le encanta pescar	he loves to fish|she loves to fish	train
dont tell me that	no me digas eso	no me digas eso	dont tell me that	train
tom looked very happy	tom parecía muy feliz	tom parecía muy feliz	tom looked very happy	train
i knew tom	conocí a tom	conocí a tom	i knew tom	train
tom loves you	tom te ama	tom te ama	tom loves you	train
tom doesnt have hair	tom no tiene pelo	tom no tiene pelo	tom doesnt have hair	train
she stopped talking	ella paró de hablar	ella dejó de hablar|ella paró de hablar	she stopped talking	train
tom was here yesterday	tom estuvo aquí ayer	tom estuvo aquí ayer	tom was here yesterday	train
thanks for listening	gracias por escuchar	gracias por escuchar	thank you for listening|thanks for listening	train
shall we go ?	¿ nos vamos ?	¿ nos vamos ?	shall we go ?	train
the baby cried	el bebé lloró	el bebé lloró	the baby cried	train
youre my friend	eres mi amiga	eres mi amiga|eres mi amigo|sos mi amiga	you are my friend|youre my friend	train
this is extremely hard	esto es extremadamente difícil	esto es extremadamente difícil	this is extremely hard	train
im a little tired	estoy un poco cansada	estoy un poco cansada	im a bit tired|im a little tired	train
he broke a window	él rompió una ventana	él rompió una ventana	he broke a window	train
its a new day	es un nuevo día	es un nuevo día	its a new day	train
youre not dogs	no sois perros	no sois perros	youre not dogs	train
well find him	lo encontraremos	lo encontraremos	well find him	train
is it clear ?	¿ está claro ?	¿ está claro ?	is it clear ?|is that clear ?	train
i drank the coffee	me tomé el café	me tomé el café	i drank the coffee	train
youre too naive	sos demasiado ingenuo	eres demasiado ingenuo|sos demasiado ingenuo	youre too naive	train
is she here ?	¿ está aquí ?	¿ está aquí ?	is it here ?|is she here ?	train
dont be naive	no seas ingenuo	no seas ingenuo	dont be naive	train
tom tastes sweet	tom sabe dulce	tom sabe dulce	tom tastes sweet	train
i work with you	trabajo contigo	trabajo contigo	i work with you	train
i respect you	yo te respeto	yo te respeto	i respect you	train
im better	yo soy mejor	yo soy mejor	im better	train
nobody likes tom	nadie quiere a tom	nadie quiere a tom	no one likes tom|nobody likes tom	train
this is our secret	ese es nuestro secreto	ese es nuestro secreto	thats our secret|this is our secret	train
nobody asked	nadie preguntó	nadie preguntó	nobody asked	train
they werent there	ellos no estaban allá	ellos no estaban allá	they werent there	train
you should call tom	deberías llamar a tom	deberías llamar a tom	you should call tom	train
toms home	tom está en casa	tom está en casa	toms home	train
you should read this	deberías leer esto	deberías leer esto	you should read this	train
we got married	nos hemos casado	nos hemos casado	we got married	train
yes i can	sí puedo	sí puedo	yes i can	train
dont lie to us	no nos mientas	no nos mientas	dont lie to us	train
he came by train	él vino en tren	él vino en tren	he came by train	train
this ones better	este es mejor	este es mejor	this ones better	train
tom called mary up	tom llamó a mary	tom llamó a mary	tom called mary|tom called mary up	train
i already know this	esto ya lo sé	esto ya lo sé	i already know this	train
i finally won	yo finalmente gané	yo finalmente gané	i finally won	train
weve got it	lo hemos conseguido	lo hemos conseguido|lo tenemos	weve got it	train
you are very nice	usted es muy amable	usted es muy amable	you are very nice	train
you should go there	deberías ir allí	deberías ir allí	you should go there	train
theres not enough time	no hay tiempo suficiente	no hay tiempo suficiente	theres not enough time	train
yes we can go	sí podemos ir	sí podemos ir	yes we can go	train
let me live	déjame vivir	déjame vivir	let me live	train
i have many books	tengo muchos libros	tengo muchos libros	i have many books	train
im not ready	no estoy listo	no estoy lista|no estoy listo	im not ready	train
it was your idea	fue tu idea	fue tu idea	it was your idea	train
you can come with	puedes venir	puedes venir	you can come|you can come with	train
the house is pretty	la casa es bonita	la casa es bonita	the house is pretty	train
my girlfriend is crying	mi novia está llorando	mi novia está llorando	my girlfriend is crying	train
hell come with me	él vendrá conmigo	él vendrá conmigo	hell come with me	train
are they here ?	¿ están aquí ?	¿ están aquí ?	are they here ?	train
tom arrived in time	tom llegó a tiempo	tom llegó a tiempo	tom arrived in time	train
this is not true	esto no es verdad	esto no es cierto|esto no es verdad	thats not true|this is not true	train
its no trouble	no es problema	no es problema	its no trouble	train
i am a student	soy un estudiante	soy estudiante|soy un estudiante	i am a student|im a student	train
i cant walk	no puedo caminar	no puedo caminar	i cant walk	train
its early	es temprano	es temprano	its early	train
he has two cats	él tiene dos gatos	él tiene dos gatos	he has two cats	train
i have a dictionary	yo tengo el diccionario	tengo un diccionario|yo tengo el diccionario|yo tengo un diccionario	i have a dictionary|i have the dictionary	train
close your book	cierra tu libro	cierra tu libro	close your book	train
she lied about it	ella mintió sobre eso	ella mintió sobre eso	she lied about it	train
someones singing	alguien está cantando	alguien está cantando	someones singing	train
this boy is lazy	este chico es perezoso	este chico es perezoso	this boy is lazy	train
the baby fell asleep	el bebé se durmió	el bebé se durmió	the baby fell asleep	train
i was sleeping	estaba durmiendo	estaba durmiendo	i was sleeping	train
it wasnt that	no era eso	no era eso	it wasnt that	train
is there time ?	¿ hay tiempo ?	¿ hay tiempo ?	is there time ?	train
please have a seat	tome asiento por favor	tome asiento por favor	have a seat please|please have a seat|please sit down|please take a seat|sit down please|take a seat please	train
i like your coffee	me gusta tu café	me gusta tu café	i like your coffee	train
do it again	hazlo otra vez	hazlo otra vez	do it again|try it once again	train
thats really sad	realmente es muy triste	eso es verdaderamente triste|realmente es muy triste	thats really sad	train
he doesnt have anybody	no tiene a nadie	no tiene a nadie	he doesnt have anybody|she doesnt have anybody	train
i want to buy	quiero comprar	quiero comprar	i want to buy	train
im not canadian	no soy canadiense	no soy canadiense	i am not canadian|im not a canadian|im not canadian	train
hes not perfect	no es perfecto	no es perfecto	he isnt perfect|hes not perfect	train
ive had enough	suficiente	he tenido suficiente|suficiente|tuve suficiente	ive had enough	train
i can help you	puedo ayudarte	puedo ayudarte	i can help you	train
i talked about music	hablé sobre la música	hablé sobre la música	i talked about music	train
no one ate anything	nadie comió nada	nadie comió nada	no one ate anything	train
that bag looks expensive	esa bolsa parece cara	esa bolsa parece cara	that bag looks expensive	train
i have a book	tengo un libro	tengo un libro	i have a book	train
tom is busy	tom está ocupado	tom está ocupado	tom is busy|toms busy	train
theyre my friends	son amigos míos	ellos son mis amigos|son amigos míos|son mis amigos	theyre my friends	train
tom is mad	tom está loco	tom está loco	tom is mad|toms mad	train
weve found something	hemos encontrado algo	hemos encontrado algo	weve found something	train
tom didnt do it	tom no lo hizo	tom no lo hizo	tom didnt do it	train
sugar is sweet	el azúcar es dulce	el azúcar es dulce	sugar is sweet	train
answer in english	responde en inglés	responde en inglés	answer in english	train
i understand your language	yo comprendo tu lengua	yo comprendo tu lengua	i understand your language	train
everyone likes him	todos lo quieren	todos lo quieren	everybody likes him|everyone likes him	train
there were flowers here	aquí había flores	aquí había flores	there were flowers here	train
this is really weird	esto es realmente raro	esto es realmente raro	this is really weird	train
we buy bread	compramos pan	compramos pan	we buy bread	train
is it free ?	¿ es gratis ?	¿ es gratis ?	is it free ?	train
its toms	es de tom	es de tom	its toms	train
she has already eaten	ya ha comido	ya ha comido	he has already eaten|she has already eaten|you have already eaten	train
lets do this again	hagamos esto de nuevo	hagamos esto de nuevo	lets do this again	train
you should be sleeping	deberías estar durmiendo	deberías estar durmiendo	you should be sleeping	train
are you ill ?	¿ estás enferma ?	¿ estás enferma ?|¿ estás enfermo ?	are you ill ?|are you sick ?	train
this is my job	este es mi trabajo	este es mi trabajo	this is my job	train
this is bad	eso es malo	eso es malo	this is bad	train
you must try	tenés que intentar	tenés que intentar	you must try	train
it is a name	es un nombre	es un nombre	it is a name	train
i have no idea	ni idea	ni idea|no tengo idea	i have no idea|no idea	train
youre doing it right	lo estás haciendo bien	lo estás haciendo bien	youre doing fine|youre doing it right	train
tom is quite drunk	tom está bastante borracho	tom está bastante borracho	tom is quite drunk	train
im not famous	no soy famoso	no soy famoso	im not famous	train
i like coffee	me gusta el café	me gusta el café	i like coffee	train
i like your car	me gusta tu coche	me gusta su coche|me gusta tu coche	i like your car|i love your car	train
tom started reading	tom empezó a leer	tom empezó a leer	tom started reading	train
my english is terrible	mi inglés es terrible	mi inglés es terrible	my english is terrible	train
i love dogs	me encantan los perros	me encantan los perros	i love dogs	train
they need me	ellos me necesitan	ellos me necesitan	they need me	train
good work tom	buen trabajo tom	buen trabajo tom	good work tom	train
no kidding	no estoy bromeando	no estoy bromeando	im not joking|im not kidding|no kidding	train
i said thanks	yo dije gracias	yo dije gracias	i said thanks	train
they know the truth	ellos saben la verdad	ellos saben la verdad	they know the truth	train
she is always busy	ella siempre está ocupada	ella siempre está ocupada	she is always busy	train
school is out	se acabó la escuela	se acabó la escuela	school is out	train
tom was working	tom estaba trabajando	tom estaba trabajando	tom was working	train
it isnt mine	no es mío	no es mío	it isnt mine|its not mine	train
he has a ticket	él tiene un boleto	él tiene un boleto	he has a ticket	train
just let me finish	déjame terminar	déjame terminar	just let me finish|let me finish	train
im not good looking	no soy guapo	no soy guapo	im not good looking	train
let go of it	déjalo ir	déjalo ir	let go of it	train
tom looks nervous	tomás parece nervioso	tomás parece nervioso	tom looks nervous	train
toms here	tom está aquí	tom está aquí	tom is here|toms here	train
tom speaks three languages	tom habla tres idiomas	tom habla tres idiomas	tom speaks three languages	train
we want your advice	queremos su consejo	queremos su consejo	we want your advice	train
welcome to boston	bienvenida a boston	bienvenida a boston|bienvenidas a boston|bienvenido a boston|bienvenidos a boston	welcome to boston	train
tom abandoned mary	tom abandonó a mary	tom abandonó a mary	tom abandoned mary	train
i gave her everything	le di todo	le di todo	i gave her everything	train
i didnt lose them	no los perdí	no los perdí	i didnt lose them	train
who paid ?	¿ quién pagó ?	¿ quién pagó ?	who paid ?	train
i love myself	yo me quiero	yo me quiero	i love myself	train
i shouldve eaten more	debería haber comido más	debería haber comido más	i shouldve eaten more	train
she married young	ella se casó joven	ella se casó joven	she married young	train
i want to try	quiero intentarlo	quiero intentarlo	i want to try	train
tom comes from boston	tom viene de boston	tom viene de boston	tom comes from boston	train
hes on his way	ya viene	ya viene	hes on his way|shes on her way	train
i know her address	sé su dirección	sé su dirección	i know her address|i know his address	train
you shouldnt be alone	no deberías estar solo	no deberías estar solo	you shouldnt be alone	train
we are the best	somos los mejores	somos los mejores	we are the best	train
dont do that anymore	dejá de hacer eso	dejá de hacer eso	dont do that anymore	train
you have seven kids	tienes siete hijos	tienes siete hijos	you have seven children|you have seven kids|you have seven sons	train
tom heard a noise	tom oyó un ruido	tom oyó un ruido	tom heard a noise	train
i know her	la conozco	la conozco	i know her	train
lets do more	hagamos más	hagamos más	lets do more	train
yes i love this	sí me encanta	sí me encanta	yes i love this	train
tom needs attention	tom necesita atención	tom necesita atención	tom needs attention	train
its very easy	es muy fácil	es muy fácil	its too easy|its very easy|this is very simple	train
try the cake	prueba la tarta	prueba la tarta	try the cake	train
yesterday was monday	ayer fue lunes	ayer fue lunes	yesterday was monday	train
we can always try	siempre se puede intentar	siempre se puede intentar	we can always try	train
im going to cry	voy a llorar	voy a llorar	im going to cry	train
i have one brother	tengo un hermano	tengo un hermano	i have a brother|i have one brother	train
i dont understand that	no entiendo eso	no entiendo eso	i dont understand that	train
they only want tom	solo quieren a tom	solo quieren a tom	they only want tom	train
children were eating	chicos estamos comiendo	chicos estamos comiendo	children were eating	train
tom knew something	tom sabía algo	tom sabía algo	tom knew something	train
you should go home	deberías irte a casa	deberías irte a casa	you should go home	train
the man is big	el hombre es grande	el hombre es grande	the man is big	train
its still raining	todavía llueve	todavía llueve	its still raining	train
tom was so busy	tom estaba tan ocupado	tom estaba tan ocupado	tom was so busy	train
cheap isnt it ?	barato ¿ no ?	barato ¿ no ?	cheap isnt it ?	train
yes its mine	sí es mío	sí es mío	yes its mine	train
the rice is delicious	el arroz está rico	el arroz está rico	the rice is delicious	train
thats pretty normal	eso es bastante normal	eso es bastante normal	thats pretty normal	train
i have few books	tengo pocos libros	tengo pocos libros	i have few books	train
he began running	él empezó a correr	él empezó a correr	he began running|he began to run	train
there are rules	hay reglas	hay reglas	there are rules	train
theyre working	están trabajando	están trabajando	theyre working	train
he studies very hard	él estudia muy duro	él estudia muy duro	he studies very hard	train
its your turn	es tu turno	es tu turno|te toca a ti	its your move|its your turn	train
he is probably busy	estará ocupado	estará ocupado	he is probably busy	train
the man drinks water	el hombre toma agua	el hombre toma agua	the man drinks water	train
welcome everyone	bienvenidos a todos	bienvenidos a todos	welcome everyone	train
theres something here	hay algo acá	hay algo acá	theres something here	train
go on	continúa	continúa	drive on|go on	train
the girls please me	me gustan las chicas	me gustan las chicas	girls please me|i like girls|i like the girls|the girls please me	train
please do not touch	por favor no tocar	por favor no tocar	please do not touch	train
its snowing again	vuelve a nevar	vuelve a nevar	its snowing again	train
i have dinner now	estoy cenando ahora	estoy cenando ahora	i have dinner now|im eating dinner now|im having dinner now	train
i helped her	yo la ayudé	la ayudé|yo la ayudé	i helped her	train
youre patient	eres paciente	eres paciente|sos paciente	youre patient|youre very patient	train
i need this	necesito esto	necesito esto	i need this	train
i know tom	conozco a tom	conozco a tom	i know tom	train
i like your tea	me gusta tu té	me gusta tu té	i like your tea	train
ill call him tonight	lo llamaré esta tarde	lo llamaré esta tarde	ill call him tonight	train
they all have come	han venido todos	han venido todos	they all have come	train
what now ?	¿ y ahora ?	¿ y ahora ?	and now ?|what now ?	train
it looks strange	se ve extraño	se ve extraño	it looks strange	train
tomorrow is another day	mañana será otro día	mañana será otro día	tomorrow is another day	train
were going out	vamos a salir	vamos a salir	were going out	train
its finally stopped raining	finalmente dejó de llover	finalmente dejó de llover	its finally stopped raining	train
nobody saw anything	nadie vio nada	nadie vio nada	nobody saw anything	train
i watch television	veo la televisión	estoy viendo la televisión|veo la televisión	i watch television	train
he walks often	camina a menudo	camina a menudo	he walks often	train
do you understand ?	¿ entiendes ?	¿ entiende ?|¿ entiendes ?	do you follow ?|do you understand ?|understand ?	train
is it true ?	¿ es verdad ?	¿ es verdad ?	is it true ?|is that true ?	train
i didnt tell them	no se lo dije	no se lo dije	i didnt tell them	train
its started already	ya empezó	ya empezó|ya ha empezado	its started already	train
that book is mine	ese libro es mío	ese libro es mío	that book is mine	train
he has a question	tiene una pregunta	tiene una pregunta	he has a question|hes got a question|she has a question|shes got a question	train
thanks everyone	gracias a todos	gracias a todos	thanks everyone	train
read this first	lee esto primero	lean esto primero|lee esto primero	read this first	train
learning is fun	aprender es divertido	aprender es divertido	learning is fun	train
you should quit smoking	deberías dejar de fumar	deberías dejar de fumar	you should quit smoking	train
how interesting !	¡ qué interesante !	¡ qué interesante !	how interesting !	train
write this is english	escribe esto en inglés	escribe esto en inglés	write this in english|write this is english	train
its so nice here	es tan agradable aquí	es tan agradable aquí	its so nice here	train
more time is needed	se necesita más tiempo	se necesita más tiempo	more time is needed	train
i have a life	tengo una vida	tengo una vida	i have a life	train
he will walk	va a caminar	va a caminar	he will walk	train
i forgot my key	olvidé mi llave	olvidé mi llave	i forgot my key	train
im warm	estoy caliente	estoy caliente	im warm	train
weve got this	tenemos esto	tenemos esto	weve got this	train
take it !	¡ cógelo !	¡ cógelo !	take it|take it !	train
its very big	es muy grande	es muy grande	its very big	train
yours was better	el tuyo era mejor	el tuyo era mejor	yours was better	train
you have some books	tienes algunos libros	tienes algunos libros|usted tiene algunos libros	you have some books	train
i feel sleepy	tengo sueño	tengo sueño	i feel sleepy|im sleepy|im sleepy !	train
ill pay	yo pagaré	yo pagaré	ill pay	train
hes watching me	me está observando	me está observando	hes watching me	train
everybody hates her	todos la odian	todos la odian	everybody hates her	train
dont you eat that	no te comas eso	no te comas eso	dont you eat that	train
that boy is intelligent	ese chico es inteligente	ese chico es inteligente	that boy is intelligent|that boy is smart	train
you are eating	estás comiendo	estás comiendo	you are eating|youre eating	train
i am tired !	estoy cansada	estoy cansada|¡ estoy cansado !	i am tired|i am tired !|im sleepy !|im tired|im tired !	train
i believe in you	creo en ti	creo en ti	i believe in you	train
he sells books	vende libros	vende libros|él vende libros	he sells books|she sells books	train
youre not young anymore	ya no eres joven	ya no eres joven|ya no son jóvenes	youre not young anymore	train
im too drunk	estoy demasiado borracho	estoy demasiado borracho	im too drunk	train
i saw you	te he visto	te he visto|te vi	i saw you	train
were out of money	no tenemos más dinero	no tenemos más dinero	were out of money	train
its on the left	está a la izquierda	está a la izquierda	its on the left	train
tom is very shy	tom es muy tímido	tom es muy tímido	tom is very shy	train
tom speaks french well	tom habla bien francés	tom habla bien francés	tom speaks french well|tom speaks good french	train
it wasnt ours	no era nuestra	no era nuestra|no era nuestro	it wasnt ours	train
he betrayed you	él os traicionó	él os traicionó|él te traicionó	he betrayed you	train
this one works	este funciona	este funciona	this one works	train
i like your language	me gusta tu lengua	me gusta tu lengua	i like your language	train
its worth it	vale la pena	vale la pena	its worth it|its worth the money	train
look !	¡ mira !	¡ mira !	look !	train
my dog speaks english	mi perro habla inglés	mi perro habla inglés	my dog speaks english	train
this tea smells good	este té huele bien	este té huele bien	this tea smells good|this tea smells nice	train
i have some food	tengo algo de comer	tengo algo de comer	i have some food	train
yesterday i was ill	ayer estaba enferma	ayer estaba enferma|ayer estaba enfermo	i was ill yesterday|yesterday i was ill	train
theres no one missing	no falta nadie	no falta nadie	theres no one missing	train
he seems kind	él parece amable	él parece amable	he seems kind	train
the water is good	el agua está buena	el agua está buena	the water is good|water is good	train
ive found something	encontré algo	encontré algo	ive found something	train
i have a cat	tengo un gato	tengo un gato	i have a cat	train
she smiled	sonrió	ella sonrió|sonrió	he smiled|it smiled|she smiled	train
i ate the cheese	me comí el queso	me comí el queso	i ate the cheese	train
ive returned	he vuelto	he vuelto	i have returned|im back|ive returned	train
im thinking about you	pienso en ti	estoy pensando en ti|pienso en ti|pienso en ustedes	im thinking about you	train
i didnt know	yo no sabía	yo no sabía	i didnt know	train
one must not smoke	no se debe fumar	no se debe fumar	one must not smoke	train
nobody was tortured	nadie fue torturado	nadie era torturado|nadie fue torturado	nobody was tortured	train
lets try once again	intentemos otra vez	intentemos otra vez	lets try again|lets try once again	train
heres my number	aquí tienes mi número	aquí tienes mi número|he aquí mi número	heres my number	train
ask anybody	pregúntale a cualquiera	pregúntale a cualquiera	ask anybody|ask anyone	train
i needed this	yo necesitaba esto	yo necesitaba esto	i needed this	train
they are too close	están demasiado cerca	están demasiado cerca	they are too close	train
dont touch my car	no toques mi auto	no toques mi auto	dont touch my car	train
i feel good today	me siento bien hoy	me siento bien hoy	i feel good today	train
she likes sleeping	le gusta dormir	le gusta dormir	he likes sleeping|she likes sleeping	train
its a french word	es una palabra francesa	es una palabra francesa	its a french word	train
i count to ten	cuento a diez	cuento a diez	i count to ten	train
go home now	vete a casa ahora	vete a casa ahora	go home now	train
of course !	¡ por supuesto !	¡ por supuesto !	absolutely !|of course !	train
it might come back	quizá vuelva	quizá vuelva	he may come back|he may return|he might come back|he might return|it may come back|it may return|it might come back|it might return|she may come back|she may return|she might come back|she might return|you may come back|you may return|you might come back|you might return	train
he is not japanese	él no es japonés	él no es japonés	he is not japanese	train
she is very clever	ella es muy lista	ella es muy lista	she is very clever	train
im leaving for boston	me voy a boston	me voy a boston	im leaving for boston	train
im not sleeping	no estoy durmiendo	no estoy durmiendo	im not sleeping	train
thats stupid	eso es estúpido	eso es estúpido	thats stupid	train
he can speak russian	él sabe hablar ruso	él sabe hablar ruso	he can speak russian	train
tom spoke to mary	tom habló con mary	tom habló con mary	tom spoke to mary|tom talked to mary	train
ive been to boston	he estado en boston	he estado en boston	ive been in boston|ive been to boston	train
speak slowly	habla despacio	habla despacio	speak slowly	train
i want one	yo quiero uno	quiero uno|yo quiero uno	i want one	train
lets sing another song	cantemos otra canción	cantemos otra canción	lets sing another song	train
i must help you	tengo que ayudarte	tengo que ayudarte	i must help you	train
were just friends	solo somos amigos	solo somos amigos	we are just friends|were just friends|were only friends	train
lets talk about love	hablemos de amor	hablemos de amor	lets talk about love	train
tom is wrong	tom está equivocado	tom está equivocado	tom is wrong	train
im back	ya estoy de vuelta	estoy de vuelta|he vuelto|ya estoy de vuelta	im back	train
they like girls	les gustan las chicas	les gustan las chicas	they like girls	train
your family needs you	tu familia te necesita	tu familia te necesita	your family needs you	train
the boy is nice	el niño es amable	el niño es amable	the boy is kind|the boy is nice	train
what to drink ?	¿ para beber ?	¿ para beber ?	what to drink ?	train
were doing fine	estamos perfectamente	estamos perfectamente	were doing fine	train
youd better go	mejor vete	mejor vete	youd better go	train
we worked for tom	trabajamos para tom	trabajamos para tom	we worked for tom	train
i am busy now	ahora estoy ocupado	ahora estoy ocupada|ahora estoy ocupado	i am busy now|im busy now	train
youve arrived too late	llegaste demasiado tarde	llegaste demasiado tarde	youve arrived too late	train
tom became curious	tom sintió curiosidad	tom sintió curiosidad	tom became curious	train
let me just finish	sólo déjame terminar	sólo déjame terminar	let me just finish	train
i didnt hear it	no lo he oído	no lo he oído	i didnt hear it	train
were with you	estamos con vos	estamos con vos	were with you	train
they laughed	rieron	rieron	they laughed	train
this song sounds sad	esta canción suena triste	esta canción suena triste	this song sounds sad	train
no i am english	no yo soy inglés	no soy inglesa|no soy inglés|no yo soy inglesa|no yo soy inglés	no i am english|no im english	train
it was delicious	estaba delicioso	estaba delicioso	it was delicious	train
nobody asked you	nadie te lo pidió	nadie te lo pidió	nobody asked you	train
it might rain	puede que llueva	puede que llueva	it may rain|it might rain	train
she will come soon	ella vendrá pronto	ella vendrá pronto	she will come soon	train
no i mean yes	no quiero decir sí	no quiero decir sí	no i mean yes	train
you cant swim	no podéis nadar	no podéis nadar	you cant swim	train
we helped him	lo ayudamos	lo ayudamos|nosotras lo ayudamos|nosotros lo ayudamos	we help him|we helped him	train
look at me	mírame	mírame	just look at me|look at me|watch me	train
weve just arrived	acabamos de llegar	acabamos de llegar	we just got here|weve just arrived	train
you might return	quizá vuelva	quizá vuelva	he may come back|he may return|he might come back|he might return|it may come back|it may return|it might come back|it might return|she may come back|she may return|she might come back|she might return|you may come back|you may return|you might come back|you might return	train
wrong	equivocada	equivocada|equivocado|falso	wrong	train
this is very cool	esto es muy genial	esto es muy genial	this is very cool	train
hello	hola	hola	hello|hello !|hey|hi	train
i go home	me voy a casa	me voy a casa|voy a casa	i go home	train
dont say do	no lo digas hazlo	no lo digas hazlo	dont say do	train
nobody understands	nadie entiende	nadie entiende	nobody understands	train
life is expensive	la vida es cara	la vida es cara	life is expensive	train
i have the key	tengo la llave	tengo la llave	i have the key	train
i heard you	te oí	te he oído|te oí	i heard you	train
i cant stand him	no le trago	no le trago	i cant stand him	train
the books white	el libro es blanco	el libro es blanco	the book is white|the books white	train
thats them	son ellos	ahí están|son ellos	thats them	train
i have no words	no tengo palabras	no tengo palabras	i have no words	train
it should be fun	debería ser divertido	debería ser divertido	it should be fun	train
its really cold today	está realmente helado hoy	está realmente helado hoy	its really cold today	train
speak japanese	habla japonés	habla japonés	speak japanese	train
get enough sleep	duerme lo suficiente	duerme lo suficiente	get enough sleep	train
shut up stupid !	¡ cállate estúpido !	¡ cállate estúpido !	shut up stupid !	train
there was another problem	había otro problema	había otro problema	there was another problem	train
tom will be there	tom estará ahí	tom estará ahí	tom will be there	train
my name is tom	mi nombre es tom	me llamo tom|mi nombre es tom	my name is tom	train
we love it	nos encanta	nos encanta	we love it	train
tom isnt canadian	tom no es canadiense	tom no es canadiense	tom isnt a canadian|tom isnt canadian	train
i eat	como	como|yo como	i eat	train
i can explain	yo puedo explicar	yo puedo explicar	i can explain	train
never !	¡ nunca !	¡ nunca !	never !	train
its what i am	es lo que soy	es lo que soy	its what i am	train
she went there yesterday	ella fue allá ayer	ella fue allá ayer	she went there yesterday	train
answer the question	responde la pregunta	responde a la pregunta|responde la pregunta	answer the question	train
trust tom	confía en tom	confía en tom	trust tom	train
no idea	ni idea	ni idea	i have no idea|no idea	train
mary drinks milk	mary bebe leche	mary bebe leche	mary drinks milk	train
we listen to music	estamos escuchando música	estamos escuchando música	we listen to music	train
i see you now	ahora te veo	ahora te veo	i see you now	train
always tell the truth	di siempre la verdad	di siempre la verdad	always tell the truth	train
go to bed	vete a la cama	vete a la cama	get to bed|go to bed	train
he is a doctor	él es médico	él es doctor|él es médico	he is a doctor|hes a doctor	train
shut up and listen	cállate y escucha	cállate y escucha	shut up and listen	train
tom didnt feel anything	tom no sintió nada	tom no sintió nada	tom didnt feel anything	train
who came ?	¿ quién vino ?	¿ quién vino ?	who came ?	train
you look sleepy	tienes cara de sueño	tienes cara de sueño	you look sleepy|you look tired	train
that didnt really happen	eso no pasó realmente	eso no pasó realmente	that didnt really happen	train
this meat smells bad	esta carne huele mal	esta carne huele mal	this meat smells bad	train
its no big thing	no es nada grande	no es nada grande|no es nada importante	its no big thing	train
relax	relájate	relájate	calm down|just relax|relax|take it easy	train
you are ugly	sos feo	sos feo|tú eres feo	you are ugly|youre ugly	train
you need money	necesitan dinero	necesitan dinero	they need money|you need money	train
ill pay for it	pagaré por ello	pagaré por ello|yo lo pagaré	ill pay for it	train
that was my choice	fue mi elección	fue mi elección	that was my choice	train
ill say no more	no diré nada más	no diré nada más	ill say no more	train
thanks for dinner	gracias por la cena	gracias por la cena	thanks for dinner	train
im feeling really good	me siento realmente bien	me siento realmente bien	im feeling really good	train
you arent canadian	no eres canadiense	no eres canadiense	you arent canadian|youre not canadian	train
i did it wrong	lo hice mal	lo hice mal	i did it wrong	train
it is hardly raining	apenas llueve	apenas llueve	it is hardly raining	train
that wasnt my mistake	no fue mi error	no fue mi error	that wasnt my mistake	train
im quite busy	estoy muy ocupado	estoy muy ocupado	im quite busy|im very busy	train
its our only chance	es nuestra única oportunidad	es nuestra única oportunidad	its our only chance	train
we will visit you	te visitaremos	te visitaremos	we will visit you|well visit you	train
i saw that	veía eso	lo vi|veía eso|vi eso	i saw that	train
you should rest	deberías descansar	deberías descansar	you should rest	train
tom wasnt alone	tom no estaba solo	tom no estaba solo	tom wasnt alone	train
you look very good	tienes muy buen aspecto	tienes muy buen aspecto	you look very good|youre looking very well	train
its really simple	es realmente simple	es realmente simple	its really simple	train
i am pregnant	estoy embarazada	estoy embarazada	i am pregnant|im pregnant	train
he loves music	adora la música	adora la música|le encanta la música	he loves music	train
this must be yours	este debe ser tuyo	este debe ser tuyo	this must be yours	train
it changed my life	eso cambió mi vida	eso cambió mi vida	it changed my life	train
dont talk !	¡ no hables !	¡ no hables !	dont talk !	train
just that ?	¿ sólo eso ?	¿ sólo eso ?	just that ?|thats all ?	train
im going to study	voy a estudiar	voy a estudiar	im going to study	train
that changed everything	eso cambió todo	eso cambió todo	that changed everything	train
come in	¡ entren !	entre|¡ adelante !|¡ entra !|¡ entren !	come in|enter !	train
tom is careful	tom es cuidadoso	tom es cuidadoso	tom is careful	train
she was young	ella era joven	ella era joven|era joven	she was young	train
its not a watch	no es un reloj	no es un reloj	its not a watch	train
his family loved me	su familia me amaba	su familia me amaba|su familia me quería	his family loved me	train
my job is boring	mi trabajo es aburrido	mi trabajo es aburrido	my job is boring	train
tom arrived on monday	tom llegó el lunes	tom llegó el lunes	tom arrived on monday	train
im mean	soy malo	soy malo	im mean	train
it was all wrong	todo estaba mal	todo estaba mal	it was all wrong	train
tom is very excited	tom está muy emocionado	tom está muy emocionado	tom is very excited	train
im already bored	ya estoy aburrido	ya estoy aburrido	im already bored	train
how is it ?	¿ cómo va ?	¿ cómo está ?|¿ cómo va ?	how is it ?	train
just hold on	sólo espera	sólo espera	just hang on|just hold on	train
the dog is dead	el perro está muerto	el perro está muerto	the dog is dead	train
she speaks french	ella habla francés	ella habla francés	she speaks french	train
this is something new	esto es algo nuevo	esto es algo nuevo	this is something new	train
tom wasnt ready	tom no estaba listo	tom no estaba listo	tom wasnt ready	train
i regret that decision	lamento esa decisión	lamento esa decisión	i regret that decision	train
have fun !	pásala bien	pásala bien|pásenla bien	enjoy yourself|enjoy yourself !|have a good time|have a nice time|have fun|have fun !	train
we havent eaten	no hemos comido	no hemos comido	we havent eaten	train
im coming home	vuelvo a casa	vuelvo a casa	im coming home	train
he went blind	se quedó ciego	se quedó ciego	he went blind	train
tom is waiting	tom está esperando	tom está esperando	tom is waiting	train
im feeling bad	me siento mal	me siento mal	i feel bad|i feel sick|im feeling bad	train
i need a dictionary	necesito un diccionario	necesito un diccionario	i need a dictionary	train
im cool	estoy tranquilo	estoy bien|estoy tranquilo	im cool	train
dont touch it	no lo toques	no lo toques	dont touch it	train
keep singing	sigan cantando	continúa cantando|siga cantando|sigan cantando|sigue cantando	keep singing	train
she wants him	ella lo quiere	ella lo quiere	she loves him|she wants him	train
you need us	nos necesitas	nos necesitas	you need us	train
weve been looking	hemos estado mirando	hemos estado mirando	weve been looking	train
you got here early	llegaste temprano	llegaste a tiempo|llegaste temprano	you are early|you got here early	train
something went wrong	algo salió mal	algo salió mal	something went wrong	train
i think its interesting	creo que es interesante	creo que es interesante	i think its interesting	train
i know that already	eso ya lo sé	eso ya lo sé	i know that already	train
mary did have fun	mary la pasó bien	mary la pasó bien	mary did have fun	train
bring all your money	trae todo tu dinero	trae todo tu dinero	bring all your money	train
heres the bus	aquí está el bus	aquí está el bus	heres the bus	train
thats my car	este es mi coche	ese es mi auto|este es mi coche	thats my car|this is my car	train
i like fruit	me gusta la fruta	me gusta la fruta	i like fruit	train
they feel hungry	ellos están hambrientos	ellos están hambrientos|ellos tienen hambre	they feel hungry	train
let me dream	déjame soñar	déjame soñar	let me dream	train
i saw tom naked	vi a tomás desnudo	vi a tomás desnudo	i saw tom naked	train
i didnt hear you	yo no te oí	yo no te oí	i didnt hear you	train
ask your question	venga pregunta	pregunta|venga pregunta	ask your question	train
i feel all right	me siento bien	me siento bien	i feel all right|i feel fine|i feel good|i feel well	train
tom has three sisters	tom tiene tres hermanas	tom tiene tres hermanas	tom has three sisters	train
i like studying french	me gusta estudiar francés	me gusta estudiar francés	i like studying french	train
it should be better	debería ser mejor	debería ser mejor	it should be better	train
i need to try	yo necesito intentar	yo necesito intentar	i need to try	train
tom knew the answer	tom sabía la respuesta	tom sabía la respuesta	tom knew the answer	train
listen to me carefully	escúchame bien	escúchame bien|escúchame con atención	listen to me carefully	train
this is a horse	este es un caballo	este es un caballo	this is a horse	train
dont call him now	no le llames ahora	no le llames ahora	dont call him now	train
go on home	váyase a casa	vete a casa|váyase a casa	go on home	train
see you then	hasta entonces	hasta entonces	see you then|until then	train
tom became blind	tom se quedó ciego	tom se quedó ciego	tom became blind|tom went blind	train
is it safe ?	¿ es seguro ?	¿ es seguro ?	is it safe ?	train
im not here	yo no estoy aquí	yo no estoy aquí	im not here	train
that isnt french	eso no es francés	eso no es francés	that isnt french	train
its dangerous here	es peligroso aquí	es peligroso aquí	its dangerous here	train
i have three dogs	tengo tres perros	tengo tres perros	i have three dogs	train
you cant escape	no puedes escapar	no podés escapar|no puedes escapar	you cant escape	train
hes a man now	ahora es un hombre	ahora es un hombre	hes a man now	train
get out of here	fuera de aquí	fuera de aquí|sal de aquí	get out of here|stay away	train
she knows me	ella me conoce	ella me conoce	she knows me	train
toms not hungry	tomás no tiene hambre	tomás no tiene hambre	tom isnt hungry|toms not hungry	train
be on time	llega a tiempo	llega a tiempo	be on time	train
you should know yourself	deberías conocerte	deberías conocerte	you should know yourself	train
this is good coffee	esto es buen café	esto es buen café	this is good coffee	train
nobody likes you	nadie te quiere	nadie te quiere	nobody likes you	train
the telephone is red	el teléfono es rojo	el teléfono es rojo	the telephone is red	train
tom may come back	puede que tom vuelva	puede que tom vuelva|tom puede volver	tom may come back	train
i feel her pain	comparto su dolor	comparto su dolor	i feel her pain|i feel their pain|i feel your pain	train
it cannot be true	no puede ser cierto	no puede ser cierto	it cannot be true|it cant be true	train
its really important	es realmente importante	es realmente importante	its really important	train
its not just that	no solo es eso	no solo es eso	its not just that	train
you cannot lose	no puedes perder	no puedes perder	you cannot lose|you cant lose	train
we can pay	nosotros podemos pagar	nosotros podemos pagar	we can pay	train
you can sleep now	ya puedes dormir ahora	ya puedes dormir ahora	you can sleep now	train
tom is blind now	tom está ciego ahora	tom está ciego ahora	tom is blind now	train
he loves to fish	le encanta pescar	le encanta pescar	he loves to fish|she loves to fish	train
this is correct	es correcto	es correcto	its right|thats correct|this is correct	train
i know the answer	sé la respuesta	sé la respuesta	i know the answer	train
its a good question	es una buena pregunta	es una buena pregunta	its a good question	train
this is not enough	no es suficiente	eso no es suficiente|no es suficiente	its not enough|this is not enough	train
theyre still young	ellos aún son jóvenes	ellos aún son jóvenes|todavía son jóvenes	theyre still young	train
i may be wrong	puedo estar equivocado	puedo estar equivocado	i may be wrong	train
i like that person	esa persona me gusta	esa persona me gusta|me agrada esa persona	i like that person	train
the truth hurts	la verdad duele	la verdad duele	the truth hurts	train
i like languages	me gustan los idiomas	me encantan los idiomas|me gustan los idiomas	i like languages	train
please come here	por favor venga aquí	por favor ven aquí|por favor venga aquí|por favor venid aquí	please come here	train
i like being busy	me gusta estar ocupado	me gusta estar ocupado	i like being busy	train
ziri is cooking	ziri está cocinando	ziri está cocinando	ziri is cooking	train
that cat is brown	aquel gato es café	aquel gato es café	that cat is brown	train
i met mary yesterday	conocí a mary ayer	conocí a mary ayer	i met mary yesterday	train
they were never alone	nunca estaban solos	nunca estaban solas|nunca estaban solos	they were never alone	train
his teeth were white	sus dientes eran blancos	sus dientes eran blancos	her teeth were white|his teeth were white	train
well leave without him	nos iremos sin él	nos iremos sin él	well leave without him	train
it wasnt hard	no era difícil	no era difícil|no fue difícil	it wasnt difficult|it wasnt hard	train
this is good meat	esta es carne buena	esta es carne buena	this is good meat	train
im tired of studying	estoy cansado de estudiar	estoy cansado de estudiar	im tired of studying	train
my parents hate him	mis padres lo odian	mis padres lo odian	my parents hate him	train
i lost my patience	perdí la paciencia	perdí la paciencia	i lost my patience	train
is that you ?	¿ es usted ?	¿ eres tú ?|¿ es usted ?	is that you ?	train
im calling tom	estoy llamando a tom	estoy llamando a tom	im calling tom	train
tom ate cake	tom comió pastel	tom comió pastel|tomás comió torta	tom ate cake	train
she did come here	ella sí vino aquí	ella sí vino aquí	she did come here	train
careful !	¡ cuidado !	¡ cuidado !	careful !|watch out !	train
thats the offer	he ahí la oferta	he ahí la oferta	thats the offer	train
he eats too much	él come demasiado	él come demasiado	he eats too much	train
it was very small	era muy pequeño	era muy pequeño	it was very small	train
i waited for you	te estuve esperando	te esperé|te estuve esperando	i waited for you	train
come !	¡ venga !	¡ venga !	come !	train
tom does that	tom lo hace	tom lo hace	tom does that	train
tom wanted a bicycle	tom quería una bicicleta	tom quería una bicicleta	tom wanted a bicycle	train
nothing happened	no pasó nada	no pasó nada	nothing happened	train
john broke the window	john rompió la ventana	john rompió la ventana	john broke the window	train
we cant win	no podemos ganar	no podemos ganar	we cant win	train
go inside	entra	entra	come on inside|come right in|get inside|go inside|go on in|go on inside	train
i read books	leo libros	leo libros	i read books	train
these are people	estas son personas	estas son personas	these are people	train
i was always different	siempre he sido diferente	siempre he sido diferente	i was always different	train
are you looking ?	¿ estáis mirando ?	¿ estáis mirando ?|¿ estás mirando ?	are you looking ?	train
tom cant swim	tom no sabe nadar	tom no sabe nadar	tom cant swim	train
dont leave me	no me dejes	no me dejes	dont leave me	train
im blind	soy ciega	soy ciega	im blind	train
come on answer quickly	vamos responde rápido	vamos responde rápido	come on answer quickly	train
hey handsome	hola guapo	hola guapo	hey handsome	train
ill show you some	te mostraré algunos	te mostraré algunos	ill show you some	train
its not so little	no es tan poco	no es tan poco	its not so little	train
tom must be wrong	tom debe estar equivocado	tom debe estar equivocado	tom must be wrong	train
we saw them leave	los vimos partir	les vimos irse|los vimos partir	we saw them leave	train
you dont understand anything	no entiendes nada	no entiendes nada	you dont understand anything	train
i guess so	lo supongo	lo supongo	i guess so	train
we have enough water	tenemos suficiente agua	tenemos suficiente agua	we have enough water|we have water enough	train
i see him now	ahora le llamo	ahora le llamo	i see him now	train
its beautiful	es hermoso	es hermoso	its beautiful	train
tom doesnt live here	tom no vive aquí	tom no vive aquí	tom doesnt live here	train
everybody knows her	todos la conocen	todos la conocen	everybody knows her	train
please do that	por favor hágalo	por favor hágalo	please do that	train
it was too small	era demasiado pequeño	era demasiado pequeño	it was too small	train
i know the problem	conozco el problema	conozco el problema	i know the problem	train
my friends are here	mis amigas están aquí	mis amigas están aquí|mis amigos están aquí	my friends are here	train
it wasnt his	no era de él	no era de él	it wasnt his	train
i was reading books	estaba leyendo libros	estaba leyendo libros	i was reading books	train
she is my heart	ella es mi corazón	ella es mi corazón	she is my heart	train
i love his daughter	quiero a su hija	quiero a su hija	i love her daughter|i love his daughter|i love your daughter	train
they were satisfied	ellos estaban satisfechos	ellos estaban satisfechos	they were satisfied	train
get down !	ponte a ello	ponte a ello	get down !	train
tom was obviously sick	tom obviamente estaba enfermo	tom obviamente estaba enfermo	tom was obviously sick	train
go back to work	vuelve al trabajo	vuelve al trabajo	go back to work	train
is it dangerous ?	¿ es peligroso ?	¿ es peligroso ?	is it dangerous ?|is that dangerous ?	train
im in the house	estoy en la casa	estoy en la casa	im at home|im in the house	train
tom is very sweet	tom es muy dulce	tom es muy dulce	tom is very sweet	train
were you sick ?	¿ estabas enfermo ?	¿ estabas enfermo ?	were you sick ?	train
i couldnt agree more	estoy totalmente de acuerdo	estoy totalmente de acuerdo	i agree completely|i couldnt agree more|i totally agree	train
the children are happy	los niños son felices	los niños son felices	the children are happy	train
youre in danger	estás en peligro	estáis en peligro|estás en peligro	youre in danger	train
tom is kidding	tomás está bromeando	tomás está bromeando	tom is joking|tom is kidding|toms joking	train
im good at cooking	soy buena para cocinar	soy buena para cocinar	i cook well|im a good cook|im good at cooking	train
his heart is sick	su corazón está enfermo	su corazón está enfermo	her heart is sick|his heart is sick	train
are you asleep ?	¿ estás dormido ?	¿ estás dormido ?	are you asleep ?	train
he is tired	él está cansado	él está cansado	he is tired	train
im not his friend	no soy su amiga	no soy su amiga	im not her friend|im not his friend	train
im french	soy francés	soy francés	i am french|im french	train
no one came	no vino nadie	nadie vino|no vino nadie	no one came|nobody came	train
i feel very ill	me siento muy enfermo	me siento muy enfermo	i feel very ill|i feel very sick	train
hes already outside	ya está fuera	ya está fuera	hes already outside|shes already outside	train
he wants some milk	quiere leche	quiere leche	he wants some milk	train
he started singing	él empezó a cantar	él empezó a cantar	he began to sing|he started singing	train
im not young	no soy joven	no soy joven	im not young	train
i need some milk	necesito leche	necesito leche	i need some milk	train
shes writing a book	está escribiendo un libro	está escribiendo un libro	hes writing a book|shes writing a book	train
i feel better now	ahora me siento mejor	ahora me siento mejor	i feel better now	train
this thing is alive	esta cosa está viva	esta cosa está viva	this thing is alive	train
i like singing	me gusta cantar	me gusta cantar	i like singing|i like to sing	train
can you sleep ?	¿ puedes dormir ?	¿ puedes dormir ?	can you sleep ?	train
we enjoy reading books	nos gusta leer libros	nos gusta leer libros	we enjoy reading books	train
look closer	mira desde más cerca	mira desde más cerca	look closer	train
we never talk	nunca hablamos	nunca hablamos	we never talk	train
tom knew the rules	tom sabía las reglas	tom sabía las reglas	tom knew the rules	train
i am coming	ya voy	ya voy	i am coming	train
i need more help	necesito más ayuda	necesito más ayuda	i need more help	train
im waiting	estoy esperando	estoy esperando	i am waiting|im waiting	train
we want it back	lo queremos de vuelta	lo queremos de vuelta	we want it back	train
im feeling confused	me siento confundido	me siento confundido	im feeling confused	train
its not that far	no está tan lejos	no está tan lejos	its not so far|its not that far	train
i still hate you	todavía te odio	aún te detesto|aún te odio|todavía te odio	i still hate you	train
i dont want tea	no quiero té	no quiero té	i dont want tea	train
we understand why	entendemos por qué	entendemos por qué	we understand why	train
he speaks english well	habla bien inglés	habla bien inglés	he speaks english well	train
you should know it	deberías saberlo	deberías saberlo	you should know it|you should know that	train
im not married	no estoy casada	no estoy casada|no estoy casado	im not married	train
she called	ella llamó	ella llamó	she called	train
its too dark	está muy oscuro	está muy oscuro	its too dark|its very dark	train
poor cat	pobre gato	pobre gato	poor cat	train
get real !	¡ despierta !	¡ despierta !|¡ piénsalo bien !	get real !|wake up !	train
shes not ready	ella no está lista	ella no está lista	shes not ready	train
obviously he is lying	él obviamente está mintiendo	él obviamente está mintiendo	obviously he is lying	train
she became happy	ella se volvió feliz	ella se volvió feliz	she became happy	train
you werent funny	no fuiste gracioso	no fuiste gracioso	you werent funny	train
hes nervous and excited	está nervioso y emocionado	está nervioso y emocionado	hes nervous and excited	train
there werent any cats	no había ningún gato	no había gatos|no había ningún gato	there werent any cats	train
ill go there	yo iré ahí	yo iré ahí	ill go there	train
i feel well	me siento bien	me siento bien	i feel all right|i feel fine|i feel good|i feel well	train
he might return	quizá vuelva	quizá vuelva	he may come back|he may return|he might come back|he might return|it may come back|it may return|it might come back|it might return|she may come back|she may return|she might come back|she might return|you may come back|you may return|you might come back|you might return	train
im not strong	no soy fuerte	no soy fuerte	im not strong	train
i speak english	hablo inglés	hablo inglés	i can speak english|i speak english	train
he is poor	él es pobre	él es pobre	he is poor	train
ill stop	lo dejaré	lo dejaré	ill stop	train
youre not old	vos no sos viejo	vos no sos viejo	youre not old	train
i like reading	me gusta leer	me gusta leer	i like reading	train
tom might be wrong	tom podría estar equivocado	tom podría estar equivocado	tom could be wrong|tom might be wrong	train
toms alone	tom está solo	tom está solo	toms alone	train
im looking for someone	estoy buscando a alguien	estoy buscando a alguien	im looking for somebody|im looking for someone	train
we go there often	vamos allí con frecuencia	vamos allí con frecuencia	we go there often	train
i need this money	necesito este dinero	necesito este dinero	i need this money	train
we must go	debemos irnos	debemos irnos|nos debemos ir	we must go	train
it cannot be helped	no queda otra	no queda otra	it cannot be helped|it cant be helped|there is no choice	train
thats a lie	eso es mentira	eso es mentira	that is a lie|thats a lie	train
tom knows too much	tom sabe demasiado	tom sabe demasiado	tom knows too much	train
hes afraid	tiene miedo	tiene miedo	hes afraid	train
be quiet !	¡ silencio !	¡ silencio !	be quiet !|quiet !|silence !	train
this decision was hard	esta decisión fue difícil	esta decisión fue difícil	this decision was hard	train
he felt at home	se sintió en casa	se sentía en casa|se sintió en casa	he felt at home	train
they didnt do it	ellos no lo hicieron	ellos no lo hicieron	they didnt do it	train
the door is open	la puerta está abierta	la puerta está abierta	the door is open	train
thats all just talk	eso son solo palabras	eso son solo palabras	thats all just talk	train
she didnt answer	no respondió	ella no respondió|no respondió	she didnt answer	train
i need coffee	necesito café	necesito café	i need coffee	train
my answer is yes	mi respuesta es sí	mi respuesta es sí	my answer is yes	train
are we done ?	¿ hemos terminado ?	¿ hemos terminado ?	are we done ?	train
i can make it	yo puedo hacerlo	yo puedo hacerlo	i can make it	train
stop moving	no te muevas	no te muevas	be still|dont move|stay put|stay right there|stay still|stop moving	train
i have few friends	tengo pocos amigos	tengo pocos amigos	i have few friends	train
the baby is sleeping	el bebé está durmiendo	el bebé está durmiendo	the baby is sleeping	train
ive brought you something	te traje algo	te traje algo	ive brought you something	train
im a good father	soy un buen padre	soy un buen padre	im a good father	train
i am not dead	no estoy muerto	no estoy muerta|no estoy muerto	i am not dead	train
i like wine	me gusta el vino	me gusta el vino	i like wine	train
they didnt see anything	ellos no vieron nada	ellos no vieron nada	they didnt see anything	train
i made dinner	hice la cena	hice la cena	i made dinner	train
shes very pretty	ella es muy guapa	ella es muy guapa	she is very pretty|shes very pretty	train
were drinking milk	estamos bebiendo leche	estamos bebiendo leche	we are drinking milk|were drinking milk	train
i need water	yo necesito agua	necesito agua|yo necesito agua	i need water	train
is it important ?	¿ es importante ?	¿ es importante ?	is it important ?|is that important ?	train
im always careful	siempre tengo cuidado	siempre tengo cuidado	im always careful	train
you can go	puedes ir	puedes ir|puedes irte|te puedes ir	you can go	train
i do not work	no trabajo	no trabajo|yo no trabajo	i do not work|i dont work	train
my friend helped me	me ayudó mi amigo	me ayudó mi amigo	my friend helped me	train
enter !	¡ entra !	¡ entra !|¡ entren !	come in|come in !|enter !	train
you are ridiculous !	¡ eres ridículo !	¡ eres ridícula !|¡ eres ridículo !	you are ridiculous !	train
did tom come ?	¿ vino tom ?	¿ vino tom ?	did tom come ?	train
please go away	váyase por favor	váyase por favor	please go away	train
dont forget your things	no olvides tus cosas	no olvides tus cosas	dont forget your things	train
you may swim now	ya puedes nadar	ya puedes nadar	you may swim now	train
we finally did it	finalmente lo hicimos	finalmente lo hicimos	we finally did it	train
tom has another plan	tom tiene otro plan	tom tiene otro plan	tom has another plan	train
i am the best	yo soy el mejor	yo soy el mejor	i am the best	train
she was very excited	ella estaba muy emocionada	ella estaba muy emocionada	she was very excited	train
they lost everything	lo perdieron todo	lo perdieron todo	they lost everything	train
tom surprised mary	tom sorprendió a mary	tom sorprendió a mary	tom surprised mary	train
you look fine	te ves muy bien	te ves muy bien	you look fine	train
the dog is black	el perro es negro	el perro es negro	the dog is black	train
tom wants to dance	tom quiere bailar	tom quiere bailar	tom wants to dance	train
be prepared	estate preparado	estate preparado	be prepared	train
this is on you	esto es culpa tuya	esto es culpa tuya	this is on you|this is your fault	train
i felt alone	me sentía solo	me sentí solo|me sentía solo	i felt alone|i felt lonely	train
it was wonderful	era maravilloso	era maravilloso|fue maravilloso	it was wonderful	train
dont play dumb !	no hagas el tonto	no hagas el tonto	dont play dumb !	train
im tall	soy alto	soy alto	i am tall|im tall	train
theyre looking for work	están buscando trabajo	están buscando trabajo	theyre looking for work	train
i want that later	quiero eso para luego	quiero eso para luego	i want that later	train
im sleepy !	¡ tengo sueño !	estoy cansada|estoy cansado|tengo sueño|¡ tengo sueño !	im sleepy !	train
im so stupid	soy tan estúpido	soy tan estúpida|soy tan estúpido	im so stupid	train
im already ready	ya estoy listo	ya estoy lista|ya estoy listo|ya estoy preparado	im already done|im already ready	train
i hate being here	odio estar aquí	odio estar aquí	i hate being here	train
he is tall	él es alto	él es alto	he is tall	train
the baby is here	el bebé está aquí	el bebé está aquí	the baby is here	train
goodbye see you tomorrow	adiós hasta mañana	adiós hasta mañana	goodbye see you tomorrow	train
the little boy plays	el niño juega	el niño juega	the little boy plays	train
we made him cry	le hicimos llorar	le hicimos llorar	we made him cry	train
i got the water	tengo el agua	tengo el agua	i got the water	train
being crazy is healthy	ser loco es saludable	ser loco es saludable	being crazy is healthy	train
youre a good man	eres un buen hombre	eres un buen hombre	youre a good man	train
stop its not fun	basta no es gracioso	basta no es gracioso	stop its not fun	train
you should work hard	deberías trabajar duro	deberías trabajar duro	you should work hard	train
tom didnt see it	tom no lo vio	tom no lo vio	tom didnt see it	train
we have no sugar	no tenemos azúcar	no tenemos azúcar	we dont have sugar|we have no sugar	train
i see someone	veo a alguien	veo a alguien	i see someone	train
he might come back	quizá vuelva	quizá vuelva	he may come back|he may return|he might come back|he might return|it may come back|it may return|it might come back|it might return|she may come back|she may return|she might come back|she might return|you may come back|you may return|you might come back|you might return	train
tom bit me	tom me mordió	tom me mordió	tom bit me	train
shes busy	ella está ocupada	ella está ocupada	shes busy	train
i saw a friend	vi a un amigo	vi a un amigo|vi a una amiga	i saw a friend	train
she died of cancer	ella murió de cáncer	ella murió de cáncer	she died of cancer	train
im canadian too	soy canadiense también	soy canadiense también	im canadian too	train
you can go home	puedes irte a casa	puedes irte a casa	you can go home|you may go home	train
you were drinking milk	estabas bebiendo leche	estabas bebiendo leche	you were drinking milk	train
well you cant	pues no puedes	pues no puedes	well you cant	train
goodbye	adiós	adiós	goodbye|goodbye !	train
they have few books	tienen pocos libros	tienen pocos libros	they have few books	train
i want to cry	tengo ganas de llorar	quiero llorar|tengo ganas de llorar	i feel like crying|i want to cry	train
ill let him know	le haré saber	le haré saber	ill let him know	train
you know that	tú lo sabes	tú lo sabes|ustedes los saben	you know that	train
hi guys im mike	hola chicos soy mike	hola chicos soy mike	hi guys im mike	train
im looking for you	te estoy buscando	te estoy buscando	im looking for you	train
its snowing	está nevando	está nevando	it is snowing|its snowing	train
youre like your sister	eres como tu hermana	eres como tu hermana	youre like your sister	train
heres your bag	aquí está tu bolsa	aquí está tu bolsa	here is your bag|heres your bag	train
he has two dogs	él tiene dos perros	él tiene dos perros	he has two dogs	train
i dont speak german	no hablo alemán	no hablo alemán|yo no hablo alemán	i cant speak german|i dont speak german	train
we got lost	nos perdimos	nos perdimos	we got lost	train
he speaks very fast	él habla muy rápido	él habla muy rápido	he speaks very fast	train
tom came too late	tom vino muy tarde	tom vino muy tarde	tom came too late	train
i wanted someone dangerous	yo quería alguien peligroso	yo quería alguien peligroso	i wanted someone dangerous	train
its just a cat	es solo un gato	es solo un gato	its just a cat	train
theyre already here	ya están aquí	ellas ya están aquí|ellos ya están aquí|ya están aquí	theyre already here	train
youre a beautiful woman	eres una hermosa mujer	eres una hermosa mujer|sos una linda mujer	youre a beautiful woman	train
we played tennis yesterday	jugamos al tenis ayer	jugamos al tenis ayer	we played tennis yesterday	train
tell him to wait	dile que espere	dile que espere|dile que se espere	tell him to wait	train
ive been very lucky	soy muy afortunado	he tenido mucha suerte|soy muy afortunado	ive been very lucky	train
i study french	estudio francés	estudio francés	i study french	train
let me alone	déjame en paz	déjame en paz	leave me alone|leave me alone !|let me alone	train
we have no idea	no tenemos idea	no tenemos idea	we have no idea	train
see you tomorrow !	¡ hasta mañana !	¡ hasta mañana !	see you tomorrow !	train
i mean it	hablo en serio	hablo en serio	i mean it|i mean it !|im serious	train
the book is small	el libro es chico	el libro es chico|el libro es pequeño	the book is small	train
welcome to japan	bienvenido a japón	bienvenido a japón|bienvenidos a japón	welcome to japan	train
who knows !	¡ quién sabe !	¡ quién sabe !	who knows !	train
mary is ugly	mary es fea	mary es fea	mary is ugly	train
it doesnt hurt	no duele	no duele	it doesnt hurt	train
theres music for everyone	hay música para todos	hay música para todos	theres music for everyone	train
tom asked about mary	tom preguntó por maría	tom preguntó por maría	tom asked about mary	train
im worried about you	estoy preocupado por ti	estoy preocupado por ti	im worried about you	train
yanni is not playing	yanni no está jugando	yanni no está jugando	yanni is not playing	train
im sorry	lo siento	lo siento	im sorry|im sorry !|sorry	train
maybe tom is dead	quizá tom está muerto	quizá tom está muerto	maybe tom is dead	train
its just not fair	simplemente no es justo	simplemente no es justo	its just not fair	train
did tom know ?	¿ tom sabía ?	¿ tom sabía ?	did tom know ?	train
immediately said immediately done	dicho y hecho	dicho y hecho	immediately said immediately done	train
we can win	podemos ganar	podemos ganar	we can win	train
keep still	mantente quieto	mantente quieto	hold still|keep still	train
they will understand	van a entender	van a entender	they will understand|theyll understand	train
he seems quite happy	parece estar muy feliz	parece estar muy feliz	he seems quite happy	train
you lost the game	perdiste el juego	perdiste el juego	you lost the game	train
i need a drink	necesito un trago	necesito un trago	i need a drink	train
im very sleepy	tengo mucho sueño	tengo mucho sueño	im very sleepy	train
its not your fault	no es tu culpa	no es tu culpa	its not your fault	train
we were both happy	los dos éramos felices	los dos éramos felices	we were both happy	train
im your brother	soy tu hermano	soy tu hermano	im your brother	train
tonight its snowing	esta noche está nevando	esta noche está nevando	tonight its snowing	train
im so sorry	lo lamento tanto	lo lamento tanto|lo siento tanto	im so sorry	train
tom could be wrong	tom podría estar equivocado	tom podría estar equivocado	tom could be wrong|tom might be wrong	train
they know my parents	conocen a mis padres	conocen a mis padres	they know my parents	train
he is very fast	él es muy rápido	él es muy rápido	he is very fast	train
i need help !	¡ necesito ayuda !	¡ necesito ayuda !	i need help|i need help !	train
im drinking milk	estoy bebiendo leche	estoy bebiendo leche	im drinking milk	train
he was too curious	él era demasiado curioso	él era demasiado curioso	he was too curious	train
i like that dog	me gusta ese perro	me gusta aquel perro|me gusta ese perro	i like that dog	train
he kissed my hand	me besó la mano	me besó la mano	he kissed my hand	train
ive been there before	he estado allí antes	he estado allí antes	ive been there before	train
i need help here	aquí necesito ayuda	aquí necesito ayuda	i need help here	train
we are people	somos personas	somos personas	we are people	train
i cannot drink coffee	no puedo beber café	no puedo beber café	i cannot drink coffee	train
probably not	probablemente no	probablemente no	probably not	train
its never too late	nunca es tarde	nunca es tarde	its never too late	train
ask anyone	pregúntale a cualquiera	pregúntale a cualquiera	ask anybody|ask anyone	train
i didnt see you	no te había visto	no te había visto|no te vi	i didnt see you	train
leave now	ahora vete	ahora lárgate|ahora vete	leave now	train
i was happy yesterday	ayer estaba yo feliz	ayer estaba yo feliz	i was happy yesterday	train
go to sleep	ve a la cama	ve a la cama|vete a dormir	get to bed|go to sleep	train
it was getting late	se estaba haciendo tarde	se estaba haciendo tarde	it was getting late	train
the man is sick	el hombre está enfermo	el hombre está enfermo	the man is sick	train
come back later	vuelva más tarde	vuelva más tarde	come back later	train
tom wasnt satisfied	tom no estaba satisfecho	tom no estaba satisfecho	tom wasnt satisfied	train
i am like him	soy como él	soy como él	i am like him	train
im good at singing	soy bueno para cantar	soy bueno para cantar	im good at singing	train
not in there	ahí no	ahí no	not in there	train
hell get over it	se le pasará	se le pasará	hell get over it	train
it is monday today	hoy es lunes	es lunes hoy|hoy es lunes	it is monday today|its monday today|today is monday|today its monday	train
no !	¡ no !	¡ no !	no !	train
shes my girlfriend now	ahora es mi novia	ahora es mi novia	shes my girlfriend now	train
this is much better	esto es mucho mejor	esto es mucho mejor	this is much better	train
tom betrayed us	tom nos traicionó	tom nos traicionó	tom betrayed us	train
she is happy	ella es feliz	ella es feliz	she is happy	train
tom can run fast	tom puede correr rápido	tom puede correr rápido	tom can run fast	train
well go to boston	iremos a boston	iremos a boston	well go to boston	train
tom almost smiled	tom casi sonrió	tom casi sonrió	tom almost smiled	train
i know your father	conozco a tu padre	conozco a tu padre|conozco a vuestro padre	i know your father	train
i dont have sons	no tengo hijos	no tengo hijos	i dont have children|i dont have kids|i dont have sons	train
im completely exhausted	estoy totalmente exhausto	estoy totalmente exhausto	im completely exhausted	train
my heart is weak	mi corazón está débil	mi corazón está débil	my heart is weak	train
the snow is white	la nieve es blanca	la nieve es blanca	the snow is white	train
that was the plan	este era el plan	este era el plan|ése era el plan	that was the plan	train
ill do that	haré eso	haré eso	ill do that	train
save your breath	no me interesa	cierra la boca|no me interesa	i am not interested|im not interested|save your breath	train
tom began to speak	tom empezó a hablar	tom empezó a hablar	tom began talking|tom began to speak|tom began to talk	train
it will rain tomorrow	mañana va a llover	mañana va a llover	it will rain tomorrow	train
i like my house	me gusta mi casa	me gusta mi casa	i like my house	train
i havent started	no he empezado	no he empezado	i havent started	train
tom isnt prepared	tom no está preparado	tom no está preparado	tom isnt prepared	train
he has seven sons	tiene siete hijos	tiene siete hijos	he has seven sons|she has seven sons	train
tom wasnt with me	tom no estaba conmigo	tom no estaba conmigo	tom wasnt with me	train
i am eating	estoy comiendo	estoy comiendo	i am eating|im eating	train
ill let tom go	dejaré ir a tom	dejaré ir a tom	ill let tom go	train
this cat is brown	este gato es café	este gato es café	this cat is brown	train
this way	por aquí	por aquí	this way	train
i love that song	me encanta esa canción	me encanta esa canción	i love that song	train
i hate coffee	odio el café	odio el café	i hate coffee	train
i eat here	yo como aquí	como aquí|yo como aquí	i eat here	train
he likes to run	le gusta correr	le gusta correr	he likes to run|she likes to run	train
this looks good	esto va bien	esto se ve bien|esto va bien	this looks good	train
tom forgot the rules	tom olvidó las normas	tom olvidó las normas	tom forgot the rules	train
youve told me something	me has dicho algo	me has dicho algo	youve told me something	train
tom knows this place	tom conoce este lugar	tom conoce este lugar	tom knows this place	train
tom called	tom llamó	tom llamó	tom called	train
were in trouble	estamos en problemas	estamos en problemas	were in trouble	train
oh like that !	oh ¡ así !	oh ¡ así !	oh like that !	train
leave me alone please	dejame solo por favor	dejame solo por favor	leave me alone please	train
come here john	ven aquí john	ven aquí john	come here john	train
my room key please	mi llave por favor	mi llave por favor	my room key please	train
i felt very scared	tuve mucho miedo	tuve mucho miedo	i felt very scared	train
ive found a job	encontré trabajo	encontré trabajo	ive found a job	train
i feel sick	me siento mal	me siento mal	i feel bad|i feel sick|im feeling bad	train
he hated lying	él odiaba mentir	él odiaba mentir	he hated lying	train
im a man	soy un hombre	soy un hombre|yo soy hombre|yo soy un hombre	i am a man|im a man	train
everything is expensive here	aquí todo es caro	aquí todo es caro	everything is expensive here	train
i am like them	soy como ellos	soy como ellos	i am like them	train
lets begin then	entonces empecemos	entonces empecemos	let us begin then|lets begin then	train
i hate that song	odio esa canción	odio esa canción	i hate that song	train
tom is different	tom es diferente	tom es diferente	tom is different	train
i was disappointed	yo estaba decepcionado	yo estaba decepcionado	i was disappointed	train
he is japanese	él es japonés	él es japonés	he is japanese|hes japanese	train
yes bob helped me	sí bob me ayudó	sí bob me ayudó	yes bob helped me	train
i love boston	yo amo boston	yo amo boston	i love boston	train
i came	vine	vine	i came	train
my girlfriend is canadian	mi novia es canadiense	mi novia es canadiense	my girlfriend is canadian	train
enough !	¡ suficiente !	¡ basta !|¡ suficiente !	enough !	train
tom liked it	a tom le gustó	a tom le gustó	tom liked it|tom liked that	train
ive heard nothing	no he oído nada	no he oído nada	i didnt hear anything|i havent heard anything|ive heard nothing	train
come early	venga temprano	ven temprano|venga temprano|vengan temprano	come early	train
we need an answer	necesitamos una respuesta	necesitamos una respuesta	we need an answer	train
i need the keys	necesito las llaves	necesito las llaves	i need the keys	train
youre right i think	tienes razón creo	tienes razón creo	youre right i think	train
i cant eat more	no puedo comer más	no puedo comer más	i cant eat more	train
they dont know us	ellas no nos conocen	ellas no nos conocen|ellos no nos conocen	they dont know us	train
welcome !	¡ bienvenidas !	¡ bienvenida !|¡ bienvenidas !|¡ bienvenido !|¡ bienvenidos !	welcome !	train
tom was singing	tom estaba cantando	tom estaba cantando	tom was singing	train
we enjoyed playing tennis	nos divertimos jugando tenis	nos divertimos jugando tenis	we enjoyed playing tennis	train
im not that drunk	no estoy tan borracho	no estoy tan borracho	im not that drunk	train
i could be wrong	yo podría estar equivocado	yo podría estar equivocado	i could be wrong	train
tom never was shy	tom nunca fue tímido	tom nunca fue tímido	tom never was shy	train
im feeling blue today	hoy me siento triste	hoy me siento triste	im feeling blue today	train
tom was really drunk	tomás estaba realmente borracho	tomás estaba realmente borracho	tom was really drunk	train
we became good friends	nos hicimos buenos amigos	nos hicimos buenos amigos	we became good friends	train
tom broke the window	tom rompió la ventana	tom rompió la ventana	tom broke the window	train
i like the blue	me gusta el azul	me gusta el azul	i like blue|i like the blue	train
we drink water	bebemos agua	bebemos agua	we drink water	train
were friends	somos amigos	somos amigas|somos amigos	were friends	train
this is a pen	esto es un bolígrafo	esto es un bolígrafo	this is a pen	train
we all want something	todos queremos algo	todos queremos algo	we all want something	train
dont worry so much	no te preocupes tanto	no te preocupes tanto	dont be that worried|dont worry so much	train
im okay	estoy bien	estoy bien|estoy perfectamente	i am good|i am okay|i am well|im cool|im doing fine|im doing okay|im doing well|im fine|im ok|im okay|im well	train
he changed a lot	él cambió mucho	él cambió mucho	he changed a lot	train
thats fine	está bien	está bien	hes all right|its good|its ok|its okay|its right|thats fine|thats nice	train
she surprised me	ella me sorprendió	ella me sorprendió	she surprised me	train
he lost his job	él perdió su trabajo	él perdió su trabajo	he lost his job	train
i do like you	sí tú me gustas	sí tú me gustas	i do like you	train
well be fine	estaremos perfectamente	estaremos perfectamente	well be fine	train
this time is different	esta vez es diferente	esta vez es diferente	this time is different	train
id like to help	me gustaría ayudar	me gustaría ayudar	id like to help	train
do you smoke ?	¿ usted fuma ?	¿ usted fuma ?	do you smoke ?	train
give me your hand	dame la mano	dame la mano	give me your hand|just take my hand	train
were not there yet	aún no estamos allí	aún no estamos allí	were not there yet	train
you dont remember ?	¿ no recuerda ?	¿ no recuerda ?	you dont remember ?	train
good for you	bien por ti	bien por ti	good for you	train
i asked tom	pregunté a tom	pregunté a tom	i asked tom	train
he had no money	él no tenía dinero	él no tenía dinero	he had no money	train
they are at lunch	están almorzando	están almorzando	they are at lunch	train
i dont see you	no te veo	no te veo	i dont see you	train
it doesnt exist	no existe	no existe	it doesnt exist	train
he has long hair	tiene el pelo largo	tiene el pelo largo|tiene pelo largo	he has long hair|she has long hair	train
were busy	estamos ocupados	estamos ocupados	were busy	train
someone has to pay	alguien tiene que pagar	alguien tiene que pagar	someone has to pay	train
they hate you	ellos te odian	ellos te odian	they hate you	train
were studying now	ahora estamos estudiando	ahora estamos estudiando	were studying now	train
im new here	soy nuevo aquí	soy nuevo aquí	i am new here|im new here	train
give it up	déjalo	déjalo	forget it|give it up|just leave it|leave it	train
whats important is work	lo importante es trabajar	lo importante es trabajar	whats important is work	train
youre crazy	estás loco	estás loca|estás loco	you are crazy|youre crazy	train
do they know ?	¿ lo saben ?	¿ lo conocen ?|¿ lo saben ?	do they know ?	train
i feel happy	estoy contento	estoy contento|yo estoy contento	i am happy|i feel happy|im happy	train
he loved her	él la quería	él la quería	he loved her	train
we drink everything	bebemos de todo	bebemos de todo	we drink everything	train
we have two sons	tenemos dos hijos	tenemos dos hijos	we have two children|we have two kids|we have two sons	train
they were really drunk	estaban muy borrachos	estaban muy borrachos	they were really drunk	train
has he come ?	¿ ha venido ?	¿ ha venido ?	has he come ?|has she come ?	train
i think were ready	creo que estamos listos	creo que estamos listos	i think were ready	train
you must be strong	debes ser fuerte	debes ser fuerte	you must be strong	train
ive got beer	tengo cerveza	tengo cerveza	ive got beer	train
lets go !	vamos	vamos|¡ vámonos !|¡ órale !	come on lets go|lets go !	train
sit here	siéntate aquí	siéntate aquí	sit here	train
im working	estoy trabajando	estoy trabajando	i am working|i work|im working	train
tom is from australia	tom es de australia	tom es de australia	tom is from australia	train
she did not come	ella no vino	ella no vino	she did not come	train
we cant drink milk	no podemos beber leche	no podemos beber leche	we cant drink milk	train
it happened too fast	ocurrió demasiado rápido	ocurrió demasiado rápido	it happened too fast	train
youve got a problem	tienes un problema	tienes un problema	youve got a problem	train
its not cold	no hace frío	no está frío|no hace frío	its not cold	train
morning !	¡ buenas !	¡ buenas !	morning !	train
the fruit tastes sweet	la fruta sabe dulce	la fruta sabe dulce	the fruit tastes sweet	train
get back here	vuelve aquí	vuelva aquí|vuelve aquí	come back here|get back here	train
god doesnt exist	dios no existe	dios no existe	god does not exist|god doesnt exist	train
sorry i arrived late	lo siento llegué tarde	lo siento llegué tarde	sorry i arrived late	train
the check please	la cuenta por favor	la cuenta por favor	check please|the bill please|the check please	train
that boy is smart	ese chico es inteligente	ese chico es inteligente	that boy is intelligent|that boy is smart	train
its better than nothing	es mejor que nada	es mejor que nada	better than nothing|its better than nothing	train
i still love you	aún te amo	aún te amo|todavía te quiero	i still love you	train
raise your hands	levanta tus manos	levanta tus manos	raise your hands|raise your hands !	train
im watching you	te estoy viendo	te estoy viendo	im watching you	train
i went there yesterday	ayer fui allí	ayer fui allí	i went there yesterday	train
i think its funny	creo que es gracioso	creo que es gracioso	i think its funny	train
right !	¡ muy bien !	¡ muy bien !|¡ vale !	really good !|right !|very good !	train
id like another beer	quiero otra cerveza	quiero otra cerveza|quiero una cerveza más	i want another beer|id like another beer	train
the sun is red	el sol es rojo	el sol es rojo	the sun is red	train
that problem was accepted	se aceptó ese problema	se aceptó ese problema	that problem was accepted	train
only write the truth	solo escribe la verdad	solo escribe la verdad	only write the truth	train
youre not a doctor	tú no eres médico	tú no eres médico	youre not a doctor	train
it looks delicious	se ve delicioso	se ve delicioso	it looks delicious	train
he always believes me	me cree siempre	me cree siempre	he always believes me	train
i hear music	yo escucho música	yo escucho música	i hear music	train
i had no idea	yo no tuve idea	yo no tuve idea	i had no idea	train
many people need help	muchas personas necesitan ayuda	muchas personas necesitan ayuda	many people need help	train
im at your place	estoy en tu lugar	estoy en tu lugar	im at your place	train
i do think so	eso pienso yo	eso pienso yo	i do think so	train
youll be killed !	¡ os matarán !	¡ le matarán !|¡ les matarán !|¡ os matarán !|¡ te matarán !	youll be killed !	train
what is it ?	¿ qué es ?	¿ qué es ?	what is it ?	train
i like these shoes	me gustan estos zapatos	me gustan estos zapatos	i like these shoes	train
its finished now	ya terminó	ya terminó	its finished now|youre finished already	train
theyre happy	están felices	están felices|son felices	theyre happy	train
we need this	lo necesitamos	lo necesitamos	we need this	train
tom came	tom vino	tom vino	tom came	train
you could stop this	podrías parar esto	podrías parar esto|tú puedes parar esto	you could stop this	train
its not that simple	no es tan simple	no es tan simple	its not that simple	train
i waited	esperé	esperé	i waited	train
here you are	aquí estás	aquí estás|aquí tienes|coge|toma	here you are	train
im looking for food	estoy buscando comida	estoy buscando comida	im looking for food	train
we love our children	queremos a nuestros hijos	amamos a nuestros hijos|queremos a nuestros hijos	we love our children	train
its a terrible problem	es un problema terrible	es un problema terrible	its a terrible problem	train
i wrote that	yo escribí eso	yo escribí eso	i wrote that	train
speak fast	hablo rápido	hablo rápido	i speak fast|speak fast	train
tom went to boston	tom fue a boston	tom fue a boston	tom went to boston	train
youre both crazy	ambos estáis locos	ambos estáis locos|ambos están locos	youre both crazy	train
id be careful	sería cuidadoso	sería cuidadoso	id be careful	train
he can speak spanish	él sabe hablar español	él sabe hablar español	he can speak spanish	train
bill open the door	bill abre la puerta	bill abre la puerta	bill open the door	train
this is really good	esto es muy bueno	esto es muy bueno	this is really good|this is very good	train
he broke the window	él rompió la ventana	él rompió la ventana	he broke the window	train
they saw me	me vieron	me vieron	ive been seen|they saw me	train
youre so old	eres tan viejo	eres tan vieja|eres tan viejo	youre so old	train
someone came out	alguien salió	alguien salió	someone came out|someone went out	train
theres no right answer	no hay respuesta correcta	no hay respuesta correcta	theres no right answer	train
you cant run away	no podés escapar	no podés escapar	you cant escape|you cant run away	train
ill see you there	los veré allá	los veré allá|os veré por allí|te veré allá	ill see you there	train
i just arrived now	acabo de llegar	acabo de llegar	i arrived just now|i just arrived now	train
i saw tom	vi a tom	vi a tom	i saw tom	train
ken must run fast	ken debe correr rápido	ken debe correr rápido	ken must run fast	train
im absolutely sure	estoy absolutamente segura	estoy absolutamente segura	im absolutely sure	train
you did it !	¡ lo hiciste !	¡ lo hiciste !	you did it !	train
it was so good	estaba tan bien	estaba tan bien	it was so good	train
were like family	somos como una familia	somos como una familia	were like family	train
look at the cat	mira al gato	mira al gato	look at the cat	train
this is difficult	esto es difícil	eso es difícil|esto es difícil	this is difficult|this is hard	train
its strange	es extraño	es extraño	its strange	train
im feeling tired	me siento cansado	me siento cansado	i feel tired|im feeling tired	train
tom should try it	tom debería intentarlo	tom debería intentarlo	tom should try it	train
ok see you tomorrow	vale nos vemos mañana	vale nos vemos mañana	ok see you tomorrow	train
im very cold	tengo mucho frío	tengo mucho frío	im very cold	train
here is your bag	aquí está tu bolsa	aquí está tu bolsa	here is your bag|heres your bag	train
just relax	relájate	relájate	calm down|just relax|relax|take it easy	train
i want this phone	quiero este teléfono	quiero este teléfono	i want this phone	train
tom came here alone	tom vino aquí solo	tom vino aquí solo	tom came here alone	train
he is always studying	siempre está estudiando	siempre está estudiando	he is always studying	train
look she said	ella dijo mira	ella dijo mira	look she said	train
im not your friend	no soy tu amiga	no soy tu amiga|no soy tu amigo|no soy vuestra amiga|no soy vuestro amigo	im not your friend	train
its almost time	ya casi es hora	ya casi es hora	its about time|its almost time	train
you cant stop it	no lo puedes parar	no lo puedes parar	you cant stop it	train
i didnt like that	no me gustó eso	no me gustó eso	i didnt like that	train
i miss my friends	extraño a mis amigos	extraño a mis amigos	i miss my friends	train
i am baffled	estoy confuso	estoy confuso	i am baffled|im confused	train
nobody likes him	nadie lo quiere	nadie lo quiere	nobody likes him|nobody wants it	train
youre looking for work	estás buscando trabajo	estás buscando trabajo	youre looking for work	train
youre my brother tom	eres mi hermano tom	eres mi hermano tom	youre my brother tom	train
mary is my mother	mary es mi madre	mary es mi madre	mary is my mother	train
they need help	ellos necesitan ayuda	ellos necesitan ayuda	they need help	train
i lost count	perdí la cuenta	perdí la cuenta	i lost count|ive lost count	train
i want to work	quiero trabajar	quiero trabajar	i want to work	train
i didnt see her	no la vi	no la vi	i didnt see her	train
does it exist ?	¿ existe ?	¿ existe ?	does it exist ?	train
dont talk to me	no me hables	no me hables	dont talk to me	train
i dont love tom	no amo a tom	no amo a tom	i dont love tom	train
we talked to tom	hablamos con tom	hablamos con tom	we talked to tom	train
give me the book	dame ese libro	dame el libro|dame ese libro	give me the book	train
im not even canadian	ni soy canadiense	ni soy canadiense	im not even canadian	train
show me your letter	enséñame tu carta	enséñame tu carta	show me your letter	train
forget it	olvídalo	déjalo|olvídalo	forget him|forget it|never mind|never mind !	train
he is french	él es francés	es francés|él es francés	he is french|he is from france	train
ive heard everything	lo he oído todo	lo he oído todo	ive heard everything	train
thats right said john	es verdad dijo john	es verdad dijo john	thats right said john	train
very good !	¡ muy bien !	¡ muy bien !	really good !|right !|very good !	train
i am like you	soy como vosotras	soy como tú|soy como vosotras|soy como vosotros	i am like you	train
my table is old	mi mesa es vieja	mi mesa es vieja|mi mesa está vieja	my table is old	train
she called us	nos ha llamado	nos ha llamado	she called us	train
im looking for somebody	estoy buscando a alguien	estoy buscando a alguien	im looking for somebody|im looking for someone	train
that was fun	eso fue divertido	eso fue divertido	that was fun	train
tom walks	tom camina	tom camina	tom walks	train
that isnt fair	eso no es justo	eso no es justo	that isnt fair|thats not fair	train
i think its raining	creo que está lloviendo	creo que está lloviendo	i think its raining	train
this is their house	ésta es su casa	ésta es su casa	this is her house|this is his house|this is their house|this is your house	train
give me water	dame agua	dame agua	give me water	train
youre running late	vas tarde	se te hizo tarde|vas tarde	youre running late	train
i like your book	me gusta tu libro	me gusta tu libro	i like your book	train
everyone is ready	todos están listos	todos están listos	everyone is ready	train
im a teacher	yo soy profesor	soy maestro|yo soy profesor	i am a teacher|im a teacher	train
lets go now	ahora vámonos	ahora vámonos	lets go now|now lets go	train
i just want peace	sólo quiero paz	sólo quiero paz	i just want peace	train
try it out yourself	inténtalo tú mismo	inténtalo tú mismo	try it out yourself	train
tom came by car	tom vino en auto	tom vino en auto|tom vino en coche	tom arrived by car|tom came by car	train
toms cooking	tom está cocinando	tom está cocinando	tom is cooking|toms cooking	train
she may be french	ella podría ser francesa	ella podría ser francesa	she may be french|she might be french	train
she has two sisters	ella tiene dos hermanas	ella tiene dos hermanas	she has two sisters	train
i love fish	me encanta el pescado	me encanta el pescado	i love fish	train
she may not come	puede que no venga	puede que no venga	she may not come	train
he kept me waiting	él me dejó esperando	él me dejó esperando	he kept me waiting	train
were home	estamos en casa	estamos en casa	we are at home|were home	train
hes chinese	es chino	es chino|él es chino	hes chinese|it is chinese	train
speak english	habla inglés	habla inglés	speak english	train
youre the best	sos la mejor	eres el mejor|eres la mejor|son los mejores|sos el mejor|sos la mejor|usted es el mejor|usted es la mejor	you are the best|youre the best	train
i wasnt there	yo no estaba allí	yo no estaba allí	i wasnt there	train
youd better start now	mejor empieza ya	mejor empieza ya	youd better start now	train
be right there	voy enseguida	voy enseguida	be right there|ill be right there|im leaving right now	train
he was very tired	él estaba muy cansado	él estaba muy cansado	he was very tired	train
youre going to die	vas a morir	vas a morir	youre going to die	train
tom didnt understand anything	tomo no entendió nada	tomo no entendió nada|tomás no entendió nada	tom didnt understand anything	train
shes hiding something	ella está escondiendo algo	ella está escondiendo algo|está escondiendo algo	shes hiding something	train
i love your name	me encanta tu nombre	me encanta tu nombre	i love your name	train
this is yours	esto es suyo	esto es suyo|esto es tuyo|esto es vuestro	this is his|this is yours	train
its dark outside	está oscuro fuera	está oscuro fuera	it is dark outside|its dark outside	train
both are alive	ambos están vivos	ambos están vivos|ambos viven|los dos están vivos	both are alive	train
show me the money	muéstrame el dinero	muéstrame el dinero	show me the money	train
im your doctor	soy tu doctor	soy tu doctor|soy tu médico	im your doctor	train
he knows the truth	él conoce la verdad	él conoce la verdad|él sabe la verdad	he knows the truth	train
im cold	tengo frío	tengo frío	i am cold|i feel cold|im cold	train
we know this song	conocemos esta canción	conocemos esta canción	we know this song	train
youre a person	tú eres una persona	tú eres una persona	youre a person	train
are you cold ?	¿ tienes frío ?	¿ tienes frío ?	are you cold ?	train
they can speak spanish	ellos hablan español	ellos hablan español|ellos saben hablar español	they can speak spanish	train
do not eat	no comas	no comas	do not eat	train
i need to study	necesito estudiar	necesito estudiar	i need to study	train
tom died alone	tom murió solo	tom murió solo	tom died alone	train
its time for dinner	es hora de cenar	es hora de cenar	its time for dinner|time for dinner	train
the horse is thirsty	el caballo tiene sed	el caballo tiene sed	the horse is thirsty	train
is it new ?	¿ es nuevo ?	¿ es nuevo ?	is it new ?|is this new ?	train
this is my home	esta es mi casa	esta es mi casa	this is my home|this is my house	train
i have wine	tengo vino	tengo vino	i have wine	train
come on down	baja	baja	come on down	train
i can do that	yo puedo hacer eso	yo puedo hacer eso	i can do that	train
you cant go out	no puedes salir	no puedes salir	you cant go out	train
really ?	¿ la verdad ?	¿ en serio ?|¿ la verdad ?	really ?	train
tom is lazy	tom es perezoso	tom es perezoso	tom is lazy	train
eat and drink	come y bebe	come y bebe	drink and eat|eat and drink	train
open your books !	abran sus libros	abran sus libros	open your books|open your books !	train
shes not smart	ella no es inteligente	ella no es inteligente|no es inteligente	she isnt smart|shes not smart	train
theres your wife	ahí está tu esposa	ahí está tu esposa	theres your wife	train
dont do that	no hagas eso	no hagas eso	do not do that|dont do that	train
i ate him	me lo comí	me lo comí	i ate him|i ate it	train
tell me everything	dime todo	dime todo	tell me everything	train
tom was famous	tom era famoso	tom era famoso	tom was famous	train
there she comes	ahí viene ella	ahí viene ella	there she comes	train
im not busy today	hoy no estoy ocupada	hoy no estoy ocupada|hoy no estoy ocupado	im not busy today	train
tom doesnt want you	tom no te quiere	tom no te quiere	tom doesnt want you	train
mary looks beautiful	mary está guapa	mary está guapa|mary se ve hermosa	mary looks beautiful	train
tom had many friends	tom tenía muchos amigos	tom tenía muchos amigos	tom had many friends	train
no one answered	nadie respondió	nadie respondió	no one answered|nobody answered	train
i feel better today	hoy me siento mejor	hoy me siento mejor	i feel better today	train
the cats drink milk	los gatos beben leche	los gatos beben leche	the cats drink milk	train
i dont know japanese	no sé japonés	no sé japonés|yo no sé japonés	i dont know japanese	train
it went very well	pasó muy bien	estuvo muy bien|fue muy bien|pasó muy bien	it went very well	train
everyone is at home	todos están en casa	todos están en casa	everyone is at home	train
tom stopped reading	tom dejó de leer	tom dejó de leer	tom stopped reading	train
he has brown shoes	tiene zapatos marrones	tiene zapatos marrones	he has brown shoes|she has brown shoes	train
my car is german	mi coche es alemán	mi coche es alemán	my car is german	train
we met today	nos vimos hoy	nos encontramos hoy|nos vimos hoy	we met today	train
i dont need anyone	no necesito a nadie	no necesito a nadie	i dont need anyone	train
she is a student	ella es una estudiante	ella es una estudiante	she is a student	train
were you sleeping ?	¿ estabas durmiendo ?	¿ estabas durmiendo ?	were you sleeping ?	train
youre not stupid	no sos estúpida	no eres estúpida|no eres estúpido|no sos estúpida|no sos estúpido	you arent stupid|youre not stupid	train
its a simple job	es un trabajo simple	es un trabajo simple|es una simple tarea|es una tarea simple	its a simple job	train
im a student	soy estudiante	soy estudiante|soy un estudiante	i am a student|im a student	train
not yet	todavía no	todavía no	not yet	train
im tired now	ahora estoy cansado	ahora estoy cansado	im tired now	train
i saw five men	vi a cinco hombres	vi a cinco hombres	i saw five men	train
that works	eso funciona	eso funciona	that works	train
you shouldve been here	deberías haber estado aquí	deberías haber estado aquí	you shouldve been here	train
its big !	¡ qué grande !	¡ qué grande !	its big !	train
weve all been there	todos hemos estado ahí	todos hemos estado ahí	weve all been there	train
take it easy	relájate	relájate	calm down|just relax|relax|take it easy	train
i like to sing	me gusta cantar	me gusta cantar	i like singing|i like to sing	train
i appreciate the advice	aprecio el consejo	aprecio el consejo	i appreciate the advice	train
tom walks very slowly	tom camina muy lentamente	tom camina muy lentamente	tom walks very slowly	train
i was hungry	tenía hambre	tenía hambre	i felt hungry|i was hungry	train
we have to finish	tenemos que terminar	tenemos que terminar	we have to finish	train
but it smells strange	pero huele extraño	pero huele extraño	but it smells strange	train
shes an excellent student	es una estudiante excelente	es una estudiante excelente	shes an excellent student	train
its too small	es demasiado pequeño	es demasiado pequeño|es muy pequeño	its too small|youre too small	train
he looks well	tiene buen aspecto	tiene buen aspecto	he looks well|she looks well|that looks good	train
we played and laughed	jugamos y reímos	jugamos y reímos	we played and laughed	train
im thinking	estoy pensando	estoy pensando	im thinking	train
all will be well	todo estará bien	todo estará bien|todo irá bien	all will be well|everything will be ok	train
those flowers are beautiful	esas flores son hermosas	esas flores son hermosas	those flowers are beautiful	train
tom wants to stay	tom quiere quedarse	tom quiere quedarse	tom wants to stay	train
youre going to laugh	te vas a reír	te vas a reír	youre going to laugh	train
i speak arabic	hablo árabe	hablo árabe	i speak arabic	train
tom is new	tom es nuevo	tom es nuevo	tom is new	train
just let me sleep	déjame dormir	déjame dormir	just let me sleep	train
thats very dangerous	eso es muy peligroso	eso es muy peligroso	thats very dangerous	train
he ran outside naked	él salió corriendo desnudo	él salió corriendo desnudo	he ran outside naked	train
were you crying ?	¿ estabas llorando ?	¿ estabas llorando ?	were you crying ?	train
it may rain	puede que llueva	puede que llueva	it may rain|it might rain	train
it looks like snow	parece nieve	parece nieve	it looks like snow	train
he came here again	volvió a venir	volvió a venir	he came here again	train
its nothing serious	no es nada grave	no es nada grave	its nothing serious	train
i wash my hands	me lavo las manos	me lavo las manos	i wash my hands	train
weve got these	tenemos esos	tenemos esos	weve got these	train
tom betrayed you	tom te traicionó	tom te traicionó	tom betrayed you	train
she might return	quizá vuelva	quizá vuelva	he may come back|he may return|he might come back|he might return|it may come back|it may return|it might come back|it might return|she may come back|she may return|she might come back|she might return|you may come back|you may return|you might come back|you might return	train
thats so perfect	es perfecto	es perfecto	thats so perfect	train
can i come ?	¿ puedo ir ?	¿ puedo ir ?|¿ puedo venir ?	can i come ?|may i go ?	train
this camera is cheap	esta cámara es barata	esta cámara es barata	this camera is cheap	train
they must know it	deben saberlo	deben saberlo	they must know it	train
ill be back soon	voy a volver pronto	volveré luego|volveré pronto|voy a volver pronto	ill be back soon|ill come back soon	train
thats right !	¡ eso es !	¡ eso es !	thats right !	train
youre my problem	tú eres mi problema	tú eres mi problema	youre my problem	train
weve got time	tenemos tiempo	tenemos tiempo	we have time|weve got time	train
tom wants to escape	tom quiere escapar	tom quiere escapar	tom wants to escape	train
he loves to walk	le encanta pasear	le encanta pasear	he loves to walk|she loves to walk	train
tom doesnt do anything	tom no hace nada	tom no hace nada	tom doesnt do anything	train
tom didnt want anything	tom no quería nada	tom no quería nada	tom didnt want anything	train
she is crying	ella está llorando	ella está llorando	she is crying	train
it just came out	acaba de salir	acaba de salir	it just came out	train
shes done her homework	ella hizo su tarea	ella hizo su tarea|ha hecho los deberes	shes done her homework	train
those are our books	esos son nuestros libros	esos son nuestros libros	those are our books	train
can you write ?	¿ sabes escribir ?	¿ sabes escribir ?	can you write ?	train
no ones looking	nadie está mirando	nadie está mirando	no ones looking	train
that was great	eso estuvo genial	eso estuvo genial	that was great	train
i saw the dog	vi al perro	vi al perro	i saw the dog	train
shes only a child	sólo es una niña	sólo es una niña	shes just a child|shes only a child	train
theyre in	ellos están dentro	ellas están dentro|ellos están dentro	theyre in	train
nobody knows that	nadie lo sabe	nadie lo sabe	nobody knows that|nobody knows this	train
ive been there already	ya he estado allí	ya he estado allí	ive been there already	train
you are absolutely right	tienes toda la razón	tiene toda la razón|tienes toda la razón	you are absolutely correct|you are absolutely right|you are completely right|youre absolutely correct|youre absolutely right !|youre completely right	train
speak spanish with me	habla español conmigo	habla español conmigo	speak spanish with me	train
i teach english	yo enseño inglés	yo enseño inglés	i teach english	train
we all know it	todos lo sabemos	todos lo sabemos	we all know it	train
the night is young	la noche es joven	la noche es joven	the night is young	train
sit down	sentate	sentate|siéntate	sit down	train
this looks great	esto parece estupendo	esto parece estupendo|esto se ve estupendo	this looks great	train
theres somebody here	hay alguien aquí	hay alguien aquí	theres somebody here	train
i speak very fast	hablo muy rápido	hablo muy rápido	i speak very fast	train
you disappointed me	me has decepcionado	me has decepcionado	im disappointed with you|you disappointed me	train
i hope shes wrong	espero que esté equivocada	espero que esté equivocada	i hope shes wrong	train
i was baffled	estaba confuso	estaba confuso	i was baffled	train
the movie was good	la película estuvo buena	la película estuvo buena	the movie was good	train
you are my mother	tú eres mi madre	tú eres mi madre|usted es mi madre	you are my mother	train
there you are	aquí tienes	ahí tienes|aquí tienes	here you are|there you are	train
lets try again	intentemos otra vez	intentemos otra vez	lets try again|lets try once again	train
just keep going	solo continúa	solo continúa|solo sigue adelante	just keep going	train
i have two brothers	tengo dos hermanos	tengo dos hermanos	i have two brothers|ive got two brothers	train
im going to go	voy a ir	voy a ir	ill be going|im going to go	train
she is too weak	ella es demasiado débil	ella es demasiado débil	she is too weak	train
did you lose ?	¿ perdiste ?	¿ perdiste ?	did you lose ?	train
i think its ok	creo que está bien	creo que está bien	i think its ok	train
words words	palabras palabras	palabras palabras	words words	train
that is a lie	eso es mentira	eso es mentira	that is a lie|thats a lie	train
its very complicated	es muy complicado	es muy complicado	its very complicated	train
you know him	le conoces	le conoces	you know him	train
tom has a ticket	tom tiene un boleto	tom tiene un boleto	tom has a ticket	train
sit down please	sentate por favor	por favor siéntese|por favor tome asiento|sentate por favor|siéntate por favor|siéntense por favor|siéntese por favor|tome asiento por favor	please sit down|sit down please|sit down please !	train
i came for you	vine por vosotros	vine por ti|vine por usted|vine por ustedes|vine por vosotros	i came for you	train
lets be brave	seamos valientes	seamos valientes	lets be brave	train
i dont feel sad	no me siento triste	no me siento triste	i dont feel sad	train
dont talk about that	no hables sobre eso	no hables sobre eso	dont talk about that	train
we started to walk	empezamos a andar	empezamos a andar|empezamos a caminar	we started to walk	train
i really am interested	estoy realmente interesado	estoy realmente interesado	i really am interested	train
we live in boston	vivimos en boston	vivimos en boston	we live in boston	train
go slow	vaya despacio	vaya despacio	go slow	train
i love this song	adoro esta canción	adoro esta canción|me encanta esta canción	i love this song	train
its very sad	es muy triste	es muy triste	its very sad	train
there is no hope	no hay esperanza	no hay esperanza	there is no hope	train
this meeting is boring	esta reunión es aburrida	esta reunión es aburrida	this meeting is boring	train
she speaks chinese	ella habla chino	ella habla chino	she speaks chinese	train
i have a bicycle	tengo una bicicleta	tengo una bicicleta	i have a bicycle	train
she lost a book	ella perdió un libro	ella perdió un libro|perdió un libro	she lost a book	train
its great	es estupendo	es estupendo	its great	train
the train is early	el tren llega temprano	el tren llega temprano	the train is early	train
look at the time	mira qué hora es	mira qué hora es	look at the time	train
she seems excited	ella se ve emocionada	ella se ve emocionada	she seems excited	train
tom closed his eyes	tom cerró sus ojos	tom cerró sus ojos	tom closed his eyes|tom shut his eyes	train
leave me alone	déjame solo	déjame en paz|déjame solo|déjeme sola|¡ déjame sola !	leave me alone|leave me alone !	train
he is so happy	él es tan feliz	él es tan feliz	he is so happy	train
i dont need anything	no necesito nada	no necesito nada	i dont need anything	train
you can trust me	puedes confiar en mi	puedes confiar en mi	you can trust me	train
is there wine ?	¿ hay vino ?	¿ hay vino ?	is there wine ?	train
lets hope she comes	ojalá venga	ojalá venga	lets hope she comes	train
he was not invited	él no fue invitado	él no fue invitado	he was not invited	train
im not a doctor	no soy médico	no soy doctor|no soy médico|yo no soy médico	im not a doctor	train
be quiet	tranquilo	estate quieto|tranquilo	be quiet	train
im very thirsty	tengo mucha sed	tengo mucha sed	im very thirsty	train
stay at home	quédate en casa	quedaos en casa|quedate en casa|quédate en casa|quédense en casa|quédese en casa	stay at home	train
youre always singing	siempre estás cantando	siempre estás cantando	youre always singing	train
tom stole a car	tom robó un coche	tom robó un coche	tom stole a car	train
stop reading	deje de leer	deja de leer|deje de leer	stop reading	train
yanni was more fun	yanni fue más divertido	yanni fue más divertido	yanni was more fun	train
he is off today	él está libre hoy	él está libre hoy	he is off today	train
i have to apologize	tengo que pedir disculpas	tengo que pedir disculpas	i have to apologize|i must apologize	train
we need you	te necesitamos	te necesitamos	we need you	train
its up to you	es tu decisión	es tu decisión	its up to you|its your choice|its your decision	train
i dont get it	no comprendo	no comprendo|no entiendo|no lo entiendo	i do not understand|i dont get it|i dont understand	train
give me the keys	dame las llaves	dame las llaves	give me the keys	train
i hear you well	te escucho bien	te escucho bien	i hear you clear|i hear you well	train
tom drove	tomás condujo	tomás condujo	tom drove	train
then what ?	¿ entonces qué ?	¿ entonces qué ?	and then ?|so what ?|then what ?	train
she does not smoke	ella no fuma	ella no fuma|no fuma	she does not smoke	train
her english is perfect	su inglés es perfecto	su inglés es perfecto	her english is perfect|his english is perfect	train
i wasnt drunk	no estaba borracho	no estaba borracho	i was not drunk|i wasnt drunk	train
she hugged him	ella le abrazó	ella le abrazó	she hugged him	train
cooking is fun	cocinar es divertido	cocinar es divertido	cooking is fun	train
that day is today	ese día es hoy	ese día es hoy	that day is today	train
i love books	me encantan los libros	me encantan los libros	i love books	train
its incredibly boring	es extremadamente aburrido	es extremadamente aburrido	its incredibly boring	train
he is always late	siempre llega tarde	siempre llega tarde	he is always late|she is always late	train
keep writing	seguí escribiendo	seguí escribiendo	keep writing	train
hes kind to me	él es amable conmigo	él es amable conmigo	hes kind to me	train
youre a good boy	eres un buen muchacho	eres un buen chico|eres un buen muchacho	youre a good boy	train
youre afraid ?	¿ tienes miedo ?	¿ tienes miedo ?	are you afraid ?|youre afraid ?	train
hes always busy	siempre está ocupado	siempre está ocupado	hes always busy	train
youre not me	no sos yo	no eres yo|no sos yo	youre not me	train
this is my camera	ésta es mi cámara	ésta es mi cámara	this is my camera	train
they drink milk	ellos beben leche	ellos beben leche	they drink milk	train
those are my things	esas son mis cosas	esas son mis cosas	those are my things	train
shes our teacher	ella es nuestra profesora	ella es nuestra profesora	shes our teacher	train
a girl called me	una chica me llamó	una chica me llamó	a girl called me	train
she is not young	ella no es joven	ella no es joven	she is not young|she isnt young	train
tom lied to me	tom me mintió	tom me mintió	tom lied to me	train
tom hates his job	tom odia su trabajo	tom odia su trabajo	tom hates his job	train
you may go	podés irte	podéis ir|podés irte|pueden irse|puedes irte|se puede ir	you may go	train
tom is single	tom es soltero	tom es soltero	tom is single	train
yes over there	sí allí	sí allí	yes over there	train
tell me a story	cuéntame un cuento	cuéntame un cuento	tell me a story	train
ill be busy tomorrow	mañana estaré ocupado	mañana estaré ocupado	ill be busy tomorrow	train
your daughter needs help	tu hija necesita ayuda	tu hija necesita ayuda	your daughter needs help	train
he knows me well	él me conoce bien	él me conoce bien	he knows me well	train
i did my work	hice mi trabajo	hice mi trabajo	i did my job|i did my work	train
i was really hungry	tenía mucha hambre	tenía mucha hambre	i was really hungry|i was very hungry	train
she looks tired	parece cansada	parece cansada	she looks tired|she seems tired	train
its very hot today	hoy hace mucho calor	hoy hace mucho calor	its very hot today|today is very warm	train
tom looked	tom miró	tom miró	tom looked	train
you are not ugly	no eres fea	no eres fea|no eres feo	you are not ugly	train
i live here	yo vivo aquí	vivo aquí|yo vivo aquí	i live here	train
im still a teacher	todavía soy profesor	todavía soy profesor	im still a teacher	train
read your book	lean su libro	lean su libro|lee tu libro	read your book	train
someone opened the door	alguien abrió la puerta	alguien abrió la puerta	somebody opened the door|someone opened the door	train
tea please	un té por favor	un té por favor	tea please	train
its tom again	es tom otra vez	es tom otra vez	its tom again	train
i saw him running	lo vi correr	lo vi correr|lo vi corriendo	i saw him running	train
you have many books	tienes muchos libros	tenéis muchos libros|tienes muchos libros|tú tienes muchos libros	you have many books	train
yanni felt that too	yanni también sintió eso	yanni también sintió eso	yanni felt that too	train
this dictionary is mine	este diccionario es mío	este diccionario es mío	this dictionary is mine	train
he lives for studying	vive para el estudio	vive para el estudio	he lives for studying	train
choose a word	elige una palabra	elige una palabra	choose a word	train
his eyes are blue	sus ojos son azules	sus ojos son azules	her eyes are blue|his eyes are blue	train
ill do it later	luego lo haré	luego lo haré	ill do it later	train
i bought one too	yo también compré una	también compré una|también compré uno|yo también compré una|yo también compré uno	i bought one too	train
tom felt lucky	tom se sintió afortunado	tom se sintió afortunado	tom felt lucky	train
this cake is sweet	esta torta es dulce	esta tarta está dulce|esta torta es dulce	this cake is sweet	train
i cant read french	no sé leer francés	no sé leer francés	i cannot read french|i cant read french	train
okay that will do	bueno basta ya	bueno basta ya	okay that will do	train
were broke	estamos sin un duro	estamos sin un duro	were broke	train
im a happy man	soy un hombre feliz	soy un hombre feliz	im a happy man	train
were just tired	solo estamos cansados	solo estamos cansados	were just tired	train
my wife was there	mi mujer estaba allí	mi mujer estaba allí	my wife was there	train
i fell asleep	me quedé dormido	me dormí|me quedé dormido	i fell asleep	train
is something wrong ?	¿ está mal ?	¿ está mal ?	is something wrong ?	train
were all friends	todos somos amigos	todos somos amigos	were all friends	train
tom helped me	tom me ayudó	tom me ayudó	tom helped me	train
they saw tom	vieron a tom	vieron a tom	they saw tom	train
yanni will be fine	yanni estará bien	yanni estará bien	yanni will be fine	train
very strange	muy extraño	muy extraño	very strange	train
we dont know her	no la conocemos	no la conocemos	we dont know her	train
you can trust tom	puedes confiar en tom	puedes confiar en tom	you can trust tom	train
im exhausted right now	estoy exhausto ahora mismo	estoy exhausto ahora mismo	im exhausted right now	train
i want this cat	quiero este gato	quiero este gato	i want this cat	train
go on inside	ve adentro	entra|ve adentro	go on inside	train
i need mine	necesito el mío	necesito el mío|necesito la mía	i need mine	train
no thank you	no gracias	no gracias	no thank you|no thanks	train
stop lying	dejá de mentir	dejá de mentir	stop lying	train
raise your hands !	levanta tus manos	levanta tus manos	raise your hands|raise your hands !	train
everyone died	todos se murieron	todos se murieron	everyone died	train
is it far ?	¿ está lejos ?	¿ está lejos ?	is it far ?	train
we can begin tonight	podemos empezar esta noche	podemos empezar esta noche	we can begin tonight	train
he seems healthy	parece estar sano	parece estar sano	he seems healthy	train
this is no good	esto no es bueno	esto no es bueno	this is no good	train
everybody likes me	todos me quieren	todos me quieren	everybody likes me|everyone likes me	train
tom talked to mary	tom habló con mary	tom habló con mary	tom spoke to mary|tom talked to mary	train
he cannot stop her	no puede pararla	no puede pararla	he cannot stop her|he cant stop her|she cant stop her	train
the two brothers died	los dos hermanos murieron	los dos hermanos murieron	the two brothers died	train
she sells flowers	ella vende flores	ella vende flores	she sells flowers	train
tom doesnt remember me	tom no me recuerda	tom no me recuerda	tom doesnt remember me	train
you should be studying	deberías estar estudiando	deberías estar estudiando	you should be studying	train
they can change	pueden cambiar	pueden cambiar	they can change	train
im ill	estoy enfermo	estoy enfermo	i am sick|im ill|im sick	train
the boy came back	el niño volvió	el niño volvió	the boy came back	train
it is so early	es tan temprano	es tan temprano	it is so early	train
tom saw me	tom me vio	tom me vio	tom saw me	train
you are drinking milk	estás bebiendo leche	estáis bebiendo leche|estás bebiendo leche	you are drinking milk	train
i see my table	veo mi mesa	estoy viendo mi mesa|veo mi mesa	i see my table	train
tom is disgusting	tom es repugnante	tom es repugnante	tom is disgusting	train
let us begin then	entonces empecemos	entonces empecemos	let us begin then|lets begin then	train
theyre inside	están dentro	están dentro	theyre inside	train
i have one	tengo uno	tengo uno|yo tengo uno	i have one	train
im tired of this	estoy cansado de esto	estoy cansado de esto	im tired of this	train
ive got two brothers	tengo dos hermanos	tengo dos hermanos	i have two brothers|ive got two brothers	train
he was crying	él estaba llorando	él estaba llorando	he was crying	train
youre strong	eres fuerte	eres fuerte	youre strong	train
youre not hungry	ustedes no tienen hambre	no tienes hambre|usted no tiene hambre|ustedes no tienen hambre	youre not hungry	train
bring me my hat	tráeme mi sombrero	tráeme mi sombrero	bring me my hat	train
is he healthy ?	¿ está sano ?	¿ está sano ?	is he healthy ?	train
the clothes are there	la ropa está allí	la ropa está allí	the clothes are there	train
hes my best friend	es mi mejor amigo	es mi mejor amigo	hes my best friend	train
im studying	estoy estudiando	estoy estudiando	i am studying|i study|im studying	train
maybe we should wait	tal vez deberíamos esperar	tal vez deberíamos esperar	maybe we should wait	train
he is very handsome	él es muy guapo	es muy guapo|él es muy guapo	he is very handsome	train
we talked	hablamos	hablamos	we talked	train
youve done something wrong	has hecho algo mal	has hecho algo mal|hiciste algo mal	youve done something wrong	train
she went with him	ella fue con él	ella fue con él	she went with him	train
open your books	abran sus libros	abran sus libros	open your books|open your books !	train
thats him	es él	es él|ése es él	it is he|thats him	train
this is a boy	esto es un niño	esto es un niño	this is a boy	train
it was all good	todo estaba bien	todo estaba bien	it was all good	train
let him in	déjelo entrar	déjalo entrar|déjelo entrar	let him in	train
i said nothing	no dije nada	no dije nada	i didnt say anything|i said nothing	train
hes your friend	él es tu amigo	él es tu amigo	hes your friend	train
this book seems interesting	este libro parece interesante	este libro parece interesante	this book looks interesting|this book seems interesting	train
tom has three cars	tom tiene tres coches	tom tiene tres coches	tom has three cars	train
i am english	soy inglés	soy inglés	i am english	train
theres someone here	hay alguien acá	hay alguien acá	theres someone here	train
i wasnt ready	no estaba listo	no estaba listo	i wasnt prepared|i wasnt ready	train
thanks thats all	gracias es todo	gracias es todo	thanks thats all	train
see you tomorrow	los veo mañana	hasta mañana|los veo mañana|te veo mañana	see you tomorrow	train
you did fine tom	lo hiciste bien tom	lo hiciste bien tom	you did fine tom	train
tom seems quite happy	tom parece bastante contento	tom parece bastante contento	tom seems quite happy	train
thanks for the cake	gracias por la torta	gracias por la torta	thanks for the cake	train
stay still	no te muevas	no te muevas|quieto	be still|dont move|stay put|stay right there|stay still|stop moving	train
theyre both drunk	ambos están borrachos	ambos están borrachos	theyre both drunk	train
go on without me	sigan sin mí	sigan sin mí|sigue sin mí	go on without me	train
its what i want	es lo que quiero	es lo que quiero	its what i want	train
she has more books	ella tiene más libros	ella tiene más libros	she has more books|shes got more books	train
come and look	venid y mirad	venid y mirad	come and look|come and see	train
its too easy	es muy fácil	es demasiado fácil|es muy fácil	its too easy|its very easy|this is very simple	train
he drinks too much	él toma demasiado	él bebe demasiado|él toma demasiado	he drinks too much	train
we work together	trabajamos juntos	trabajamos juntos	we work together	train
i didnt say it	no lo he dicho	no lo he dicho|yo no lo dije	i didnt say it	train
have you finished ?	¿ terminó usted ?	¿ has terminado ?|¿ terminó usted ?	have you finished ?	train
sorry wrong number	lo lamento número equivocado	lo lamento número equivocado	sorry wrong number	train
i already speak french	ya hablo francés	ya hablo francés	i already speak french	train
was i wrong ?	¿ estaba equivocado ?	¿ estaba equivocada ?|¿ estaba equivocado ?	was i wrong ?	train
he doesnt know anything	él no sabe nada	él no sabe nada	he doesnt know anything	train
my home is big	mi casa es grande	mi casa es grande	my home is big|my house is big	train
shes a big person	es una gran persona	es una gran persona	hes a big person|shes a big person|youre a big person	train
weve been waiting	hemos estado esperando	hemos estado esperando	weve been waiting	train
never forget it	nunca lo olvides	nunca lo olvides	never forget it	train
youre too small	eres demasiado pequeño	eres demasiado pequeño|es demasiado pequeño	youre too little|youre too small	train
tom likes them	a tom le gustan	a tom le gustan	tom likes them	train
i have three sons	tengo tres hijos	tengo tres hijos	i have three sons	train
this is very good	está muy bien	esto es muy bueno|esto está muy bueno|está muy bien	its very good|this is very good	train
she is very beautiful	es muy hermosa	es muy hermosa	she is very beautiful|shes very beautiful	train
you are too big	tú eres demasiado grande	tú eres demasiado grande	you are too big	train
im obviously a cat	obviamente soy un gato	obviamente soy un gato	im obviously a cat	train
i called tom	llamé a tom	llamé a tom	i called tom|i called tom up	train
come back	vuelve	vuelve	come back|just get back here	train
tom is embarrassed	tomás está avergonzado	tomás está avergonzado	tom is embarrassed|toms embarrassed	train
really good !	¡ realmente bien !	¡ muy bien !|¡ realmente bien !	really good !	train
this is not fair	esto no es justo	esto no es justo	this is not fair|this isnt fair	train
its a new book	es un libro nuevo	es un libro nuevo	its a new book	train
im single again	estoy solo otra vez	estoy solo otra vez	im single again	train
youre here	estás aquí	estáis aquí|estás aquí	youre here	train
he has hope	él tiene esperanza	él tiene esperanza	he has hope	train
tom paid	tom pagó	tom pagó	tom paid	train
look in there	mira allí	busca allí|mira ahí|mira allí	look in there|look there	train
i was jealous	estaba celoso	estaba celoso	i was jealous	train
follow my advice	sigue mi consejo	sigue mi consejo	follow my advice	train
that coffee smells good	ese café huele bien	ese café huele bien	that coffee smells good	train
i am me	yo soy yo	yo soy yo	i am me	train
thats not my mistake	no es culpa mía	no es culpa mía	its not my fault|thats not my mistake	train
of course he knows	claro que lo sabe	claro que lo sabe	of course he knows	train
breakfast is ready	el desayuno está listo	el desayuno está listo	breakfast is ready	train
have a seat	tome asiento	toma asiento|tome asiento	have a seat	train
thats absolutely right	eso es totalmente correcto	eso es totalmente correcto	thats absolutely correct|thats absolutely right	train
give me that	dame eso	dame eso	give me that	train
dogs can swim	los perros pueden nadar	los perros pueden nadar	dogs can swim	train
i like your hair	me gusta vuestro pelo	me gusta tu pelo|me gusta vuestro pelo	i like your hair	train
i said that	yo dije eso	yo dije eso	i said that	train
he sells us paper	él nos vende papel	él nos vende papel	he sells us paper	train
no it wasnt her	no no era ella	no no era ella	no it wasnt her	train
my life my rules	mi vida mis normas	mi vida mis normas	my life my rules	train
he is from home	él no está	él no está	he is from home	train
youre dying	tú estás muriendo	tú estás muriendo	youre dying	train
he has two cars	él tiene dos coches	él tiene dos coches	he has two cars	train
you have three cars	tenéis tres coches	tenéis tres coches|tienes tres coches	you have three cars	train
he understands french	él entiende francés	él entiende francés	he understands french	train
it was hot outside	hacía calor fuera	hacía calor fuera	it was hot outside	train
are you studying ?	¿ están estudiando ?	¿ están estudiando ?|¿ estás estudiando ?	are you studying ?	train
it would be fun	sería divertido	sería divertido	it would be fun	train
i want two	quiero dos	quiero dos	i want two	train
it wasnt my fault	no fue mi culpa	no fue mi culpa	it wasnt my fault	train
its really clean	está realmente limpio	está realmente limpio	its really clean	train
we want it	lo queremos	lo queremos	we want it	train
youre a lie	sos un falso	sos un falso	youre a lie	train
wash up	lávate las manos	lávate las manos	clean your hands|wash up|wash your hands	train
stop right here	párate aquí	detente aquí|párate aquí|párate aquí mismo	stop here|stop right here	train
are you drinking ?	¿ estás bebiendo ?	¿ está bebiendo ?|¿ estáis bebiendo ?|¿ están bebiendo ?|¿ estás bebiendo ?	are you drinking ?	train
tom is french	tom es francés	tom es francés	tom is french	train
the book is big	el libro es grande	el libro es grande	the book is big	train
im just watching tv	sólo estoy viendo tele	sólo estoy viendo tele	im just watching tv	train
i like the teacher	me gusta el profesor	me gusta el profesor	i like the teacher	train
the room is empty	la habitación está vacía	la habitación está vacía	the room is empty	train
she has no bicycle	no tiene bicicleta	no tiene bicicleta	he has no bicycle|she has no bicycle	train
i cant sleep well	no puedo dormir bien	no puedo dormir bien	i cant sleep well	train
the woman is working	la mujer está trabajando	la mujer está trabajando	the woman is working	train
the teacher is chinese	el profesor es chino	el profesor es chino	the teacher is chinese	train
just let me go	déjame irme	déjame irme	just let me go	train
im too fat	yo soy demasiado gordo	yo soy demasiado gordo	im too fat	train
i think i understand	creo que entiendo	creo que entiendo|creo que lo entiendo	i think i understand	train
are we finished ?	¿ terminamos ?	¿ terminamos ?	are we finished ?	train
lets try this plan	intentemos este plan	intentemos este plan	lets try this plan	train
you could help me	me podrías ayudar	me podrías ayudar	you could help me	train
obviously ill go	obviamente iré	obviamente iré	obviously ill go	train
that can be dangerous	eso puede ser peligroso	eso puede ser peligroso	that can be dangerous	train
watch	mira	mira	look|watch	train
tom is still baffled	tom está todavía confuso	tom está todavía confuso	tom is still baffled	train
your answer is right	su respuesta es correcta	su respuesta es correcta|tu respuesta es correcta	your answer is correct|your answer is right	train
i want a knife	quiero un cuchillo	quiero un cuchillo	i want a knife	train
to me its important	es importante para mí	es importante para mí|para mí es importante	to me its important	train
tom is a lawyer	tom es abogado	tom es abogado	tom is a lawyer	train
he isnt ready yet	aún no está listo	aún no está listo	he isnt ready yet|it isnt ready yet	train
tom is a man	tom es un hombre	tom es un hombre	tom is a man	train
now get in	ahora entre	ahora entra|ahora entre|ahora entren	now get in	train
tom looks baffled	tom parece confuso	tom parece confuso	tom looks baffled	train
who won ?	¿ quién ganó ?	¿ quién ganó ?	who won ?	train
listen up	escuchá	escuchá	listen up	train
we have a book	tenemos un libro	tenemos un libro	we have a book	train
we talked about french	hablamos sobre el francés	hablamos sobre el francés	we talked about french	train
it can be expensive	puede ser caro	puede ser caro	it can be expensive	train
they just dont understand	simplemente no lo entienden	simplemente no lo entienden	they just dont understand	train
that makes no difference	no hace ninguna diferencia	no hace ninguna diferencia	that makes no difference	train
get away from here	vete de aquí	vete de aquí	get away from here	train
im a japanese teacher	soy profesor de japonés	soy profesor de japonés|soy profesora de japonés	im a japanese teacher	train
we live on rice	vivimos del arroz	vivimos del arroz	we live on rice	train
i was married once	estuve casado una vez	estuve casado una vez	i was married once	train
tom was crying	tom estaba llorando	tom estaba llorando	tom was crying	train
wait just a moment	espera sólo un momento	espera sólo un momento	wait just a moment	train
she misled me	ella me engañó	ella me engañó	she cheated on me|she misled me	train
i know them	los conozco	los conozco	i know them	train
read this	lean esto	lea esto|lean esto|lee esto	read this	train
he loves singing	ama cantar	ama cantar|le gusta cantar	he loves singing|singing is his thing	train
she wasnt your sister	no era tu hermana	no era tu hermana	she wasnt your sister	train
thats our house	esa es nuestra casa	esa es nuestra casa	thats our house|this is our home	train
that boy doesnt eat	aquel niño no come	aquel niño no come	that boy doesnt eat	train
i am rich	soy rico	soy rico	i am rich|im rich	train
yes im coming	sí voy para allá	sí voy para allá	yes im coming|yes im coming !	train
theres a table	hay una mesa	hay una mesa	theres a table	train
i hate studying	odio estudiar	odio estudiar	i hate studying	train
im dead	estoy muerto	estoy muerto	im dead	train
lets hope so !	¡ ojalá !	¡ ojalá !	i hope so !|lets hope so !	train
i like to run	me gusta correr	me gusta correr	i like running|i like to run	train
thank you for today	gracias por hoy	gracias por hoy	thank you for today	train
she is at home	ella está en casa	ella está en casa	she is at home|shes at home	train
you need a job	necesitas un trabajo	necesitas un trabajo	you need a job	train
shes on her way	ya viene	ya viene	hes on his way|shes on her way	train
youre you	sos vos	sos vos	youre you	train
leave it here	déjelo aquí	déjelo aquí	leave it here	train
i was quite surprised	yo estaba bastante sorprendido	yo estaba bastante sorprendido	i was quite surprised	train
were pretty smart	somos bastante listos	somos bastante listos	were pretty smart	train
tom was a drunk	tom era un borracho	tom era un borracho	tom was a drunk	train
im already busy	ya estoy ocupado	ya estoy ocupado	im already busy	train
shes learning german	ella está aprendiendo alemán	ella está aprendiendo alemán	shes learning german	train
i want bread	yo quiero pan	quiero pan|yo quiero pan	i want bread	train
it began to rain	empezó a llover	empezó a llover	it began to rain	train
its there	está ahí	está ahí	it is there|its there	train
tom finished second	tom terminó segundo	tom terminó segundo	tom came second|tom finished second	train
are you hot ?	¿ tenéis calor ?	¿ tenéis calor ?|¿ tienes calor ?	are you hot ?	train
is this you ?	¿ eres tú ?	¿ eres tú ?	is it you ?|is that you ?|is this you ?	train
you should leave immediately	deberías irte inmediatamente	deberías irte inmediatamente	you should leave immediately	train
im in danger	estoy en peligro	estoy en peligro	im in danger	train
i dont buy it	no me lo trago	no me lo trago	i dont buy it	train
i care	me preocupo	me preocupo	i care	train
its time	ha llegado el momento	es el momento|es la hora|ha llegado el momento|ha llegado la hora	its time|the time has come	train
i missed you !	¡ te extrañé !	¡ te extrañé !	i missed you !	train
we want a car	queremos un coche	nosotros queremos un auto|queremos un coche	we want a car	train
this is your book	éste es tu libro	éste es tu libro	here is your book|this is your book	train
tom is married	tom está casado	tom está casado	tom is married|toms married	train
get everyone inside	haz que todos entren	haz que todos entren	get everyone inside	train
ill be free tonight	estaré libre esta noche	estaré libre esta noche	ill be free tonight|im free tonight	train
start running	empieza a correr	empieza a correr	start running	train
tom needs our help	tom necesita nuestra ayuda	tom necesita nuestra ayuda	tom needs our help	train
he cant help you	él no puede ayudarte	él no puede ayudarte	he cant help you	train
i am american	soy estadounidense	soy estadounidense	i am american|i am an american	train
dont leave me here	no me dejes aquí	no me dejes aquí	dont leave me here	train
i had an idea	tuve una idea	tuve una idea	i had an idea	train
tell me what happened	cuéntame qué pasó	cuéntame qué pasó|dime qué pasó	tell me what happened	train
she put on socks	ella se puso calcetines	ella se puso calcetines	she put on socks	train
its not a joke	no es ninguna broma	no es ninguna broma	it is no joke|its not a joke	train
he was alone there	él estaba allí solo	él estaba allí solo	he was alone there	train
youre just a boy	eres solo un chico	eres solo un chico|solo eres un niño	youre just a boy	train
everybody knows his name	todos conocen su nombre	todos conocen su nombre	everybody knows his name	train
i feel well today	hoy me siento bien	hoy me siento bien	i feel well today	train
this one is different	este aquí es diferente	este aquí es diferente	this one is different	train
im here with someone	estoy aquí con alguien	estoy aquí con alguien	im here with someone	train
i know boston well	conozco bien boston	conozco bien boston	i know boston well	train
id rather not	preferiría que no	preferiría que no	id rather not	train
i feel very sick	me siento muy enfermo	me siento muy enfermo|me siento muy mal	i feel very ill|i feel very sick	train
dont worry	no te preocupes	no te preocupes	dont worry|dont worry about it	train
its not us	no somos nosotros	no somos nosotros	its not us	train
whats up ?	¿ qué hay ?	¿ qué hay ?	whats going on ?|whats up ?	train
he wants to dance	él quiere bailar	él quiere bailar	he wants to dance	train
i know youre busy	sé que estás ocupada	sé que estás ocupada|sé que estás ocupado	i know youre busy	train
youre too young	eres demasiado joven	eres demasiado joven	youre too young	train
you cheated	hicieron trampa	hicieron trampa|hiciste trampa|hizo trampa	you cheated	train
stay here !	¡ quedate ahí !	¡ quedate ahí !|¡ quédate aquí !	dont move !|stay here !	train
i saw tom die	vi a tom morir	vi a tom morir	i saw tom die	train
she studies english	ella estudia inglés	ella estudia inglés	she studies english	train
this is quite good	esto es bastante bueno	esto es bastante bueno	this is quite good	train
its very expensive	es muy caro	es muy caro	it is very expensive|its very expensive	train
i like swimming	me gusta nadar	me gusta nadar	i like swimming|i like to swim	train
hes a complicated boy	es un muchacho complicado	es un muchacho complicado	hes a complicated boy	train
i hate that noise	odio ese ruido	odio ese ruido	i hate that noise	train
my brother studies english	mi hermano estudia inglés	mi hermano estudia inglés	my brother studies english	train
i already said no	yo ya dije no	yo ya dije no	i already said no	train
theres not enough coffee	no hay suficiente café	no hay suficiente café	theres not enough coffee	train
try not to cry	intenta no llorar	intenta no llorar	try not to cry	train
i like my life	me gusta mi vida	me gusta mi vida	i like my life	train
you be quiet !	¡ tú cállate !	¡ tú cállate !	you be quiet !	train
i understand it	lo entiendo	lo comprendo|lo entiendo	i get it|i understand|i understand it|i understand that	train
doctor help me !	doctor ¡ ayúdeme !	doctor ¡ ayúdame !|doctor ¡ ayúdeme !	doctor help me !	train
come to my house	ven a mi casa	ven a mi casa	come to my house	train
im leaving	me voy	me voy	im leaving	train
tom works here	tom trabaja acá	tom trabaja acá	tom works here	train
your idea is ridiculous	tu idea es ridícula	tu idea es ridícula	your idea is ridiculous	train
i ate the apple	me comí la manzana	me comí la manzana	i ate the apple	train
i was bored	estaba aburrido	estaba aburrido	i was bored	train
thank you for everything	gracias por todo	gracias por todo	thank you for everything|thanks for everything	train
i wrote a letter	escribí una carta	escribí una carta	i wrote a letter	train
then how ?	entonces ¿ cómo ?	entonces ¿ cómo ?	then how ?	train
i arrived just now	acabo de llegar	acabo de llegar	i arrived just now|i just arrived now	train
im not very talented	no soy muy talentoso	no soy muy talentoso	im not very talented	train
i like her cat	me gusta su gato	me gusta su gato	i like her cat|i like his cat|i like your cat	train
they lost	perdieron	perdieron	they lost	train
tom never gets sick	tom nunca se enferma	tom nunca se enferma	tom never gets sick	train
i feel something	siento algo	siento algo	i feel something	train
were looking for them	los estamos buscando	los estamos buscando	were looking for them	train
i knew you would	sabía que podrías	sabía que podrías	i knew you would	train
tom doesnt talk much	tom no habla mucho	tom no habla mucho	tom doesnt talk much	train
tom needed help	tom necesitaba ayuda	tom necesitaba ayuda	tom needed help	train
youre ugly	sos feo	sos feo|tú eres feo	you are ugly|youre ugly	train
i have to win	tengo que ganar	tengo que ganar	i have to win	train
i am very curious	soy muy curioso	soy muy curioso	i am very curious	train
i can swim well	sé nadar bien	sé nadar bien	i can swim well	train
hold up	detente	detente	hold up|stop	train
tom cant help you	tom no puede ayudarte	tom no puede ayudarte	tom cant help you	train
im angry with her	estoy enfadada con ella	estoy enfadada con ella|estoy enfadado con ella	im angry with her	train
that is all	eso es todo	es todo|eso es todo|ya está	that is all|thats about it|thats all	train
tom must be angry	tom debe estar enfadado	tom debe estar enfadado	tom must be angry	train
shut the door	cierra la puerta	cierra la puerta	close the door|shut the door	train
he only eats fruit	él solo come fruta	él solo come fruta	he only eats fruit	train
he waited his turn	esperó su turno	esperó su turno	he waited his turn	train
i told a joke	yo dije un chiste	yo dije un chiste	i told a joke	train
tom is cooking	tom está cocinando	tom está cocinando	tom is cooking|toms cooking	train
quiet !	¡ silencio !	¡ silencio !	be quiet !|quiet !|silence !	train
tom is obviously drunk	tom obviamente está borracho	tom obviamente está borracho	tom is obviously drunk	train
a dog runs	un perro corre	un perro corre	a dog runs	train
it doesnt seem fair	no parece justo	no parece justo	it doesnt seem fair	train
this is our problem	este es nuestro problema	este es nuestro problema	this is our problem	train
i do not read	no leo	no leo|yo no leo	i do not read|i dont read	train
we need to win	necesitamos ganar	necesitamos ganar	we need to win	train
these are birds	estos son pájaros	estos son pájaros	these are birds	train
leave tom	déjelo a tomás	déjalo a tomás|déjelo a tomás	leave tom	train
you should be home	deberías estar en casa	deberías estar en casa	you should be home	train
you must die	tú debes morir	debes morir|tú debes morir	you must die	train
they cant work	ellos no pueden trabajar	ellos no pueden trabajar	they cant work	train
now i know why	ahora sé por qué	ahora sé por qué	now i know why	train
she had no money	ella no tenía dinero	ella no tenía dinero	she had no money	train
i was playing tennis	estaba jugando al tenis	estaba jugando al tenis	i was playing tennis	train
it could be anyone	podría ser cualquiera	podría ser cualquiera	it could be anyone	train
my knife is broken	mi cuchillo está roto	mi cuchillo está roto	my knife is broken	train
look ahead	mirá hacia adelante	mira hacia adelante|mire hacia adelante|miren hacia adelante|mirá hacia adelante	look ahead	train
lets go swimming tomorrow	vamos a nadar mañana	vamos a nadar mañana	lets go swimming tomorrow	train
not too well	no muy bien	no muy bien	not too well	train
she doesnt speak english	ella no habla inglés	ella no habla inglés	she doesnt speak english	train
help me	ayúdame	ayúdame	help me|help me !|help me out	train
great isnt it ?	genial ¿ no ?	genial ¿ no ?	great isnt it ?	train
this room is quiet	esta habitación es tranquila	esta habitación es tranquila|la habitación es tranquila	this room is quiet	train
he doesnt talk much	él no habla mucho	él no habla mucho	he doesnt talk much	train
i totally agree	estoy totalmente de acuerdo	estoy totalmente de acuerdo	i agree completely|i couldnt agree more|i totally agree	train
i see them	los veo	las veo|los veo	i see them	train
tom answered	tom respondió	tom respondió	tom answered	train
she stole it	ella lo robó	ella la robó|ella lo robó|la robó|lo robó	she stole it	train
youre always drunk	siempre estás borracho	siempre estás borracho	youre always drunk	train
you know her	usted la conoce	tú la conoces|usted la conoce	you know her	train
youre joking !	¡ estás bromeando !	¡ estás bromeando !	youre joking !|youre kidding !	train
tom smiled	tom sonrió	tom sonrió	tom smiled	train
i need a knife	necesito un cuchillo	necesito un cuchillo	i need a knife	train
i got sick	me puse enfermo	me puse enfermo|me puse malo	i got sick	train
i still need it	aún lo necesito	aún la necesito|aún lo necesito	i still need it	train
crying is normal	llorar es normal	llorar es normal	crying is normal	train
that worked	eso funcionó	eso funcionó	that worked	train
im thinking of you	estoy pensando en ti	estoy pensando en ti	im thinking about you|im thinking of you	train
this is a woman	esta es una mujer	esta es una mujer	this is a woman	train
tom got worse	tom se puso peor	tom se puso peor	tom got worse	train
youre better than him	eres mejor que él	eres mejor que él	youre better than him	train
im leaving right now	voy enseguida	voy enseguida	be right there|ill be right there|im leaving right now	train
i did it myself	lo hice yo	lo hice yo	i did it myself	train
im not a student	no soy un estudiante	no soy un estudiante	im not a student	train
i am very pleased	estoy muy contento	estoy muy contento|estoy muy satisfecho	i am very pleased	train
thats too bad	qué malo	qué malo	thats too bad	train
i read his book	leí su libro	leí su libro	i read his book	train
keep looking	sigue mirando	sigue mirando	keep looking	train
ask for him	pregunta por él	pregunta por él	ask for him	train
that doesnt help	eso no ayuda	eso no ayuda	that doesnt help	train
we should be together	nosotros deberíamos estar juntos	deberíamos estar juntos|nosotros deberíamos estar juntos	we should be together	train
yes please do	sí por favor hazlo	sí por favor hazlo	yes please do	train
the watch doesnt work	el reloj no anda	el reloj no anda|el reloj no funciona	the watch doesnt work	train
come up here	ven aquí arriba	ven aquí arriba|venid aquí arriba	come up here	train
its really hot there	allí hace mucho calor	allí hace mucho calor	its really hot there	train
we lost our dog	perdimos a nuestro perro	perdimos a nuestro perro	we lost our dog	train
yanni plays too much	yanni juega demasiado	yanni juega demasiado	yanni plays too much	train
it never happened	nunca pasó	nunca pasó	it never happened	train
water is good	el agua está buena	el agua es buena|el agua está buena	the water is good|water is good	train
you need the rest	necesitas el descanso	necesitas el descanso	you need the rest	train
i was really scared	estaba realmente asustado	estaba realmente asustado	i was really scared	train
tom is thirsty	tom tiene sed	tom tiene sed	tom is thirsty	train
itll be ready soon	estará listo pronto	estará listo pronto	itll be ready soon	train
we should eat	deberíamos comer	deberíamos comer	we should eat	train
i think im drunk	creo que estoy borracho	creo que estoy borracho	i think im drunk	train
i was just curious	solo sentía curiosidad	solo era curiosidad|solo sentía curiosidad	i was just curious	train
my fault	mi culpa	mi culpa	my bad|my fault	train
somebody is watching me	alguien me está observando	alguien me está observando	somebody is watching me|someones watching me	train
they lost their dog	perdieron a su perro	perdieron a su perro	they lost their dog	train
i love this job	me encanta este trabajo	me encanta este trabajo	i love this job	train
you can make it	podéis hacerlo	podéis hacerlo|puedes hacerlo	you can do it|you can make it	train
im a patient	soy paciente	soy paciente	im a patient|im patient	train
were in danger	estamos en peligro	estamos en peligro	were in danger	train
life is a dream	la vida es sueño	la vida es sueño	life is a dream	train
i never give up	no me rindo nunca	no me rindo nunca|nunca me rindo	i never give up	train
more is needed	se necesita más	se necesita más	more is needed	train
i think im right	creo que tengo razón	creo que tengo razón	i think im right	train
youll be safe here	aquí estarás segura	aquí estarás segura|aquí estarás seguro	youll be safe here	train
nobody here knows me	nadie aquí me conoce	nadie aquí me conoce	nobody here knows me	train
were like brothers	somos como hermanos	somos como hermanos	were like brothers	train
he was at home	él estaba en casa	él estaba en casa	he was at home	train
my back hurts	me duele la espalda	me duele la espalda	my back hurts	train
im just curious	tan solo soy curioso	solo tengo curiosidad|tan solo soy curioso	im just curious	train
this sentence doesnt exist	esta frase no existe	esta frase no existe	this sentence doesnt exist	train
you idiot !	¡ idiota !	¡ idiota !	idiot !|you idiot !	train
i found my shoes	encontré mis zapatos	encontré mis zapatos	i found my shoes	train
this cat is white	este gato es blanco	este gato es blanco	this cat is white	train
this room is cold	este cuarto está frío	este cuarto es frío|este cuarto está frío	this room is cold	train
i have another question	tengo otra pregunta	tengo otra pregunta	i have another question	train
this did not happen	esto no ocurrió	esto no ocurrió	this did not happen	train
you are wrong	estás equivocado	estás equivocado	you are wrong|youre wrong	train
tom doesnt know anything	tom no sabe nada	tom no sabe nada	tom doesnt know anything|tom knows nothing	train
you can stop now	no puedes parar ahora	no puedes parar ahora	you can stop now	train
this is my place	este es mi lugar	este es mi lugar	this is my place	train
thank you doctor	gracias doctor	gracias doctor	thank you doctor	train
ill wait for you	te esperaré	te esperaré	ill wait for you	train
im sad without you	estoy triste sin ti	estoy triste sin ti	im sad without you	train
its ready now	ahora está listo	ahora está listo	its ready now	train
tom changed his name	tomás cambió de nombre	tomás cambió de nombre	tom changed his name	train
she doesnt eat much	ella no come mucho	ella no come mucho	she doesnt eat much	train
toms embarrassed	tomás está avergonzado	tomás está avergonzado	tom is embarrassed|toms embarrassed	train
tom doesnt drink coffee	tom no toma café	tom no bebe café|tom no toma café	tom doesnt drink coffee	train
they were watching television	estaban viendo la televisión	estaban viendo la televisión	they were watching television	train
tom hates mary	tom odia a mary	tom odia a mary	tom hates mary	train
theyre in the car	están en el auto	están en el auto	theyre in the car	train
look again	miren de nuevo	mira de nuevo|mire de nuevo|miren de nuevo|mirá de nuevo	look again	train
he is english	es inglés	es inglés	he is english	train
the bill please	la cuenta por favor	la cuenta por favor	check please|the bill please|the check please	train
im not free	no estoy libre	no estoy libre	im not free	train
shes just a child	sólo es una niña	sólo es una niña	shes just a child|shes only a child	train
thats just not enough	simplemente no basta	simplemente no basta	thats just not enough	train
im not tom	no soy tom	no soy tom	im not tom	train
i come here often	vengo acá a menudo	vengo acá a menudo	i come here often	train
this picture is wonderful	esta foto es maravillosa	esta foto es maravillosa	this picture is wonderful	train
we are having lunch	estamos almorzando	estamos almorzando	we are having lunch	train
youve got everything	lo tienes todo	lo tienes todo	youve got everything	train
they helped me	ellos me ayudaron	ellos me ayudaron	they helped me	train
tom got married	tom se casó	tom se casó	tom got married	train
tom is fun	tom es divertido	tom es divertido	tom is fun	train
the way is long	el camino es largo	el camino es largo	the way is long	train
i am eating fruit	estoy comiendo fruta	estoy comiendo fruta	i am eating fruit	train
nobody died	no murió nadie	nadie murió|no murió nadie	no one died|nobody died	train
she quit smoking	ella dejó de fumar	ella dejó de fumar	she gave up smoking|she quit smoking|she stopped smoking	train
its one oclock	es la una	es la una	its one oclock	train
i understand that	lo entiendo	lo entiendo	i get it|i understand|i understand it|i understand that	train
i like beer	me gusta la cerveza	me gusta la cerveza	i like beer	train
he seems tired	él parece cansado	parece cansado|parece estar cansado|él parece cansado	he seems tired	train
the choice is yours	la elección es tuya	la elección es tuya	the choice is yours	train
he works very hard	él trabaja muy duro	él trabaja muy duro	he works very hard	train
drive slowly	conduce lentamente	conduce lentamente	drive slowly	train
im free today	hoy estoy libre	hoy estoy libre	im free today	train
he was wrong	él estaba equivocado	él estaba equivocado	he was wrong	train
the idea was good	la idea era buena	la idea era buena	the idea was good	train
have a good time	pásenla bien	pásala bien|pásenla bien|¡ diviértete !	enjoy yourself|enjoy yourself !|have a good time|have a nice time|have fun|have fun !	train
she works alone	ella trabaja sola	ella trabaja sola	she works alone	train
i saw him first	yo lo vi primero	yo lo vi primero	i saw him first|i saw it first	train
im not joking	no estoy bromeando	no estoy bromeando	im not joking|im not kidding|no kidding	train
yes i live here	sí vivo aquí	sí vivo aquí	yes i live here	train
tom will come tomorrow	tom viene mañana	tom vendrá mañana|tom viene mañana	tom will come tomorrow	train
tom is studying alone	tom está estudiando solo	tom está estudiando solo	tom is studying alone	train
the book is easy	el libro es fácil	el libro es fácil	the book is easy	train
i just did it	lo acabo de hacer	lo acabo de hacer	i just did it	train
help me please	ayúdame por favor	ayúdame por favor	help me please|please help me	train
these cars are ours	esos coches son nuestros	esos coches son nuestros	these cars are ours	train
only the truth hurts	solo la verdad duele	solo la verdad duele	only the truth hurts	train
i like tatoeba	me gusta tatoeba	me gusta tatoeba	i like tatoeba	train
i am nothing	no soy nada	no soy nada	i am nothing	train
theres something i want	hay algo que quiero	hay algo que quiero	theres something i want	train
his book is red	su libro es rojo	su libro es rojo	his book is red	train
tom never said anything	tom nunca dijo nada	tom nunca dijo nada	tom never said anything	train
die !	¡ muere !	¡ muere !	die !	train
i couldnt sleep	no pude dormir	no pude dormir	i couldnt sleep	train
no i dont understand	no no entiendo	no no entiendo	no i dont understand	train
thats simple	es simple	es simple	its simple|thats simple|this is simple	train
does she exist ?	¿ ella existe ?	¿ ella existe ?	does she exist ?	train
i already said yes	ya dije que sí	ya dije que sí	i already said yes	train
let it rest tom	déjalo descansar tom	déjalo descansar tom	let it rest tom	train
i dont mind anymore	ya no me importa	ya me da igual|ya no me importa	i dont mind anymore	train
i have a dream	tengo un sueño	tengo un sueño	i have a dream	train
too much money ?	¿ demasiado dinero ?	¿ demasiado dinero ?	too much money ?	train
it must be there	debe estar allí	debe estar allí	it must be there	train
is somebody there ?	¿ hay alguien ?	¿ hay alguien ?	is somebody there ?	train
i miss you	te extraño	te extraño	i miss you	train
they were drunk	ellos estaban borrachos	ellos estaban borrachos	they were drunk	train
she is very intelligent	ella es muy inteligente	ella es muy inteligente	she is very intelligent	train
i need sleep	necesito dormir	necesito dormir	i need sleep|i need to sleep	train
i can eat	puedo comer	puedo comer	i can eat	train
yesterday we studied english	ayer estudiamos inglés	ayer estudiamos inglés	yesterday we studied english	train
i am very hungry	tengo mucha hambre	estoy muy hambriento|tengo mucha hambre	i am very hungry|im very hungry	train
i couldnt go	no podía ir	no podía ir	i couldnt go	train
interesting	interesante	interesante	interesting	train
hes coming with us	él viene con nosotros	él viene con nosotros	hes coming with us	train
im also learning french	también estoy aprendiendo francés	también estoy aprendiendo francés	im also learning french	train
he had a dog	él tenía un perro	él tenía un perro	he had a dog	train
she lost it	ella la perdió	ella la perdió|ella lo perdió	she lost it	train
understood	¡ órale !	¡ órale !	all right|come on|come on !|cool !|go away|go away !|great !|lets go|lets go !|ok|okay|sweet !|understood	train
we all find them	todos los encontramos	todos los encontramos	we all find them	train
you dont like anything	no te gusta nada	no te gusta nada	you dont like anything	train
tom was also there	tom también estaba allí	tom también estaba allí	tom was also there	train
thanks but no thanks	gracias pero no gracias	gracias pero no|gracias pero no gracias	thanks but no thanks	train
hes a liar	él es un mentiroso	él es un mentiroso	hes a liar	train
youre rich	eres rico	eres rico|sois ricos	you are rich|youre rich	train
the children need you	los niños os necesitan	los niños os necesitan	the children need you	train
were leaving boston	nos vamos de boston	nos vamos de boston	were leaving boston	train
youre way too late	estás muy atrasado	estás muy atrasado	youre way too late	train
i am a man	yo soy un hombre	soy un hombre|soy una persona|yo soy hombre|yo soy un hombre	i am a man|im a man	train
its about time	ya casi es hora	ya casi es hora	its about time|its almost time	train
she lives with him	ella vive con él	ella vive con él	she lives with him	train
they work hard	ellos trabajan duro	ellos trabajan duro|trabajan mucho	they work hard	train
about what ?	¿ sobre qué ?	¿ sobre qué ?	about what ?	train
well done my friend	bien hecho amigo	bien hecho amigo	well done my friend	train
are you alone ?	¿ estás solo ?	¿ estás sola ?|¿ estás solo ?	are you alone ?	train
its red	es rojo	es rojo	its red	train
they love tom	ellos aman a tom	ellos aman a tom	they love tom	train
youre looking very well	tienes muy buen aspecto	tienes muy buen aspecto	you look very good|youre looking very well	train
i cant speak german	no hablo alemán	no hablo alemán|no sé hablar alemán	i cant speak german|i dont speak german	train
tom is very sad	tom está muy triste	tom está muy triste	tom is very sad	train
im rich	soy rico	soy rico	i am rich|im rich	train
they were very happy	eran muy felices	ellos estaban muy felices|eran muy felices	they were very happy	train
we study french	estudiamos francés	estudiamos francés	we studied french|we study french	train
i gave your car	yo di tu coche	yo di tu coche	i gave your car	train
okay sorry	vale lo siento	de acuerdo lo siento|está bien lo siento|vale lo siento	okay sorry	train
let tom go	deja ir a tom	deja ir a tom	let tom go	train
i remember this story	recuerdo esta historia	recuerdo esta historia	i remember this story	train
youre doing it wrong	lo estás haciendo mal	lo estás haciendo mal	youre doing it wrong	train
ill pay the bill	pagaré la cuenta	pagaré la cuenta|yo pagaré la cuenta	ill pay the bill	train
ive said enough	he dicho suficiente	he dicho suficiente	i said enough|ive said enough	train
take these	quédate con estos	quédate con estos	take these	train
i like the dog	me gusta el perro	me gusta el perro	i like the dog	train
you go first	vaya usted primero	tú primero|usted primero|ustedes primero|vaya usted primero|vos primero|vosotras primero|vosotros primero	you go first	train
perfect !	¡ perfecto !	¡ perfecto !	perfect !	train
he has three sons	tiene tres hijos	tiene tres hijos	he has three children|he has three sons	train
we should break up	deberíamos terminar	deberíamos terminar	we should break up	train
stay with us	quédate con nosotros	quedate con nosotros|quédate con nosotros	stay with us	train
tom runs very fast	tom corre muy rápido	tom corre muy rápido	tom runs very fast	train
you know its true	sabes que es cierto	sabes que es cierto	you know its true	train
youre the cook	eres el cocinero	eres el cocinero	youre the cook	train
im very happy here	soy muy feliz aquí	soy muy feliz aquí	im very happy here	train
tom needed attention	tom necesitaba atención	tom necesitaba atención	tom needed attention	train
im so tired	estoy muy cansado	estoy muy cansado	i am very tired|im so tired|im very tired	train
i was in boston	estuve en boston	estuve en boston	i was in boston	train
you cannot do this	no puedes hacer esto	no pueden hacer esto|no puedes hacer esto	you cannot do this	train
you need a key	necesitas una llave	necesitas una llave	you need a key	train
these are not words	estas no son palabras	esas no son palabras|estas no son palabras	these are not words|these arent words	train
read this book	lea este libro	lea este libro|lee este libro	read this book	train
tom accepted our offer	tomás aceptó nuestra oferta	tomás aceptó nuestra oferta	tom accepted our offer	train
shes my best friend	es mi mejor amiga	es mi mejor amiga	shes my best friend	train
its all over now	ya todo terminó	ya todo terminó	its all over now	train
i like mary	me agrada mary	me agrada mary|me gusta mary	i like mary	train
may i ?	¿ puedo ?	¿ puedo ?	can i ?|may i ?	train
i killed her	la maté	la maté	i killed her	train
i was with him	estuve con él	estuve con él	i was with him	train
hes not serious	él no es serio	él no es serio	hes not serious	train
it isnt true	no es verdad	no es verdad	it isnt true|its not true	train
im done eating	terminé de comer	terminé de comer	i finished eating|im done eating	train
i am busy today	hoy estoy ocupado	hoy estoy ocupada|hoy estoy ocupado	i am busy today	train
this is his horse	este es su caballo	este es su caballo	thats his horse|this is his horse	train
how strange !	¡ qué raro !	qué raro|¡ qué raro !	how strange !|how weird !	train
theres time for everything	hay tiempo para todo	hay tiempo para todo	theres time for everything	train
wash your hands	lávate las manos	lávate las manos	clean your hands|wash up|wash your hands	train
he is his friend	él es su amigo	él es su amigo	he is her friend|he is his friend|hes her friend	train
mary is a woman	maría es una mujer	maría es una mujer	mary is a woman	train
im so excited	estoy muy emocionada	estoy muy emocionada|estoy tan emocionado	im so excited|im very excited	train
reading books is interesting	leer libros es interesante	leer libros es interesante	reading books is interesting	train
stop here	parad aquí	detente aquí|para aquí|parad aquí|párate aquí	stop here	train
im not working	no estoy trabajando	no estoy trabajando	i am not working|im not working	train
we talked about everything	hablamos de todo	hablamos de todo	we talked about everything	train
i dont want dinner	no quiero cenar	no quiero cenar	i dont want dinner	train
im not serious	no voy en serio	no voy en serio	im not serious	train
she opened the door	ella abrió la puerta	ella abrió la puerta	she opened the door	train
we have a question	tenemos una pregunta	tenemos una pregunta	we have a question|weve got a question	train
give me another chance	dame otra oportunidad	dame otra oportunidad	give me another chance	train
we buy your car	compramos tu coche	compramos tu coche	we buy your car	train
we were close	estábamos cerca	estábamos cerca	we were close	train
his word is law	su palabra es ley	su palabra es ley	his word is law	train
is it bad ?	¿ es grave ?	¿ es grave ?|¿ es malo ?	is it bad ?	train
dont be nervous	no estés nervioso	no estés nervioso	dont be nervous	train
its snowing today	hoy está nevando	está nevando hoy|hoy está nevando	its snowing today	train
she has long hair	tiene el pelo largo	tiene el pelo largo|tiene pelo largo	he has long hair|she has long hair	train
let us sing !	¡ cantemos !	¡ cantemos !	let us sing !|lets sing !	train
tom waited	tomás esperó	tomás esperó	tom waited	train
everybody liked tom	todos querían a tom	todos querían a tom	everybody liked tom|everyone liked tom	train
let me try !	¡ déjame intentar !	¡ déjame intentar !	let me try !	train
do not do that	no hagas eso	no hagas eso	do not do that|dont do that	train
speaking english is difficult	es difícil hablar inglés	es difícil hablar inglés	speaking english is difficult	train
i agree	de acuerdo	de acuerdo|estoy de acuerdo|yo estoy de acuerdo	i agree	train
dont ask dont tell	no preguntes no digas	no preguntes no digas	dont ask dont tell	train
wait for me	espera por mí	espera por mí	wait for me	train
he couldnt know	no tenía cómo saberlo	no tenía cómo saberlo	he couldnt know	train
you cant kill me	no me puedes matar	no me puedes matar	you cant kill me	train
study !	¡ estudia !	estudia|¡ estudia !	study !	train
he talks fast	él habla rápido	él habla rápido	he speaks quickly|he talks fast	train
it is too hot	hace demasiado calor	hace demasiado calor	it is too hot|its too hot	train
she just wants attention	ella solo quiere atención	ella solo quiere atención	she just wants attention	train
its still not easy	todavía no es fácil	todavía no es fácil	its still not easy	train
drive carefully	conduce con cuidado	conduce con cuidado	drive carefully	train
tom died monday	tom murió el lunes	tom murió el lunes	tom died monday	train
im ready to go	estoy listo para irme	estoy listo para irme	im ready to go	train
theres something else	hay algo más	hay algo más	theres something else	train
he doesnt live here	él no vive aquí	no vive aquí|él no vive aquí	he doesnt live here	train
she loved them	los amaba	los amaba	she loved them	train
tom doesnt need this	tom no necesita esto	tom no necesita esto	tom doesnt need this	train
we had fun	nos divertimos	nos divertimos	we did have fun|we had fun	train
tony speaks english well	tony habla bien inglés	tony habla bien inglés	tony speaks english well	train
look out your window	mira por la ventana	mira por la ventana	look out your window	train
she is from france	es francesa	ella es de francia|es francesa	she is french|she is from france	train
theyre both dead	ambos están muertos	ambos están muertos	theyre both dead	train
watch me	mírame	mírame	just look at me|look at me|watch me	train
you came too late	llegó demasiado tarde	llegó demasiado tarde	you came too late	train
tom opened his mouth	tom abrió la boca	tom abrió la boca	tom opened his mouth	train
we will meet again	nos encontraremos otra vez	nos encontraremos otra vez	we will meet again|well meet again	train
my mother is out	mi madre ha salido	mi madre ha salido|mi madre salió	my mother is out	train
my turn comes next	ahora sigo yo	ahora sigo yo|ahora sigue mi turno	my turn comes next	train
theyre playing together	ellos están jugando juntos	ellos están jugando juntos	theyre playing together	train
are you sure ?	¿ está seguro ?	¿ está segura ?|¿ está seguro ?|¿ están seguros ?|¿ estás segura ?|¿ estás seguro ?	are you sure ?	train
toms in there	tom está allí	tom está allí	tom is over there|toms in there	train
we only need water	solo necesitamos agua	solo necesitamos agua	we just need water|we only need water	train
i want a doctor	quiero un doctor	quiero un doctor	i want a doctor	train
you look very beautiful	te ves muy bonita	estás muy guapa|te ves muy bonita	you look very beautiful	train
the television doesnt work	la televisión no funciona	la televisión no funciona|la televisión no trabaja	the television doesnt work|the tv doesnt work	train
the show was interesting	el espectáculo fue interesante	el espectáculo fue interesante	the show was interesting	train
get serious !	¡ ponte serio !	¡ ponte serio !	get serious !	train
ill do something	haré algo	haré algo	ill do something	train
i cant stop you	no te puedo parar	no te puedo parar	i cant stop you	train
tom was pale	tom estaba pálido	tom estaba pálido	tom was pale	train
i know his address	sé su dirección	sé su dirección	i know her address|i know his address	train
enjoy yourself	pásenla bien	pásala bien|pásenla bien	enjoy yourself|enjoy yourself !|have a good time|have a nice time|have fun|have fun !	train
i finished writing	he terminado de escribir	he terminado de escribir	i finished writing	train
i love my son	amo a mi hijo	amo a mi hijo	i love my son	train
these books are mine	estos libros son míos	estos libros son míos	these books are mine	train
everyone laughed	todos se rieron	todos se rieron	everyone laughed	train
he can speak french	sabe hablar francés	sabe hablar francés	he can speak french	train
wait	esperen	esperen	wait	train
there were three men	había tres hombres ahí	ahí había tres hombres|había tres hombres ahí	there were three men	train
i couldnt walk	no podía caminar	no podía caminar	i couldnt walk	train
i think im ready	creo que estoy listo	creo que estoy lista|creo que estoy listo	i think im ready	train
i work in boston	trabajo en boston	trabajo en boston	i work in boston	train
kids need sleep	los niños necesitan dormir	los niños necesitan dormir	kids need sleep	train
he laughed	él se rio	él se rio	he laughed	train
do it with me	hazlo conmigo	hazlo conmigo	do it with me	train
its just a dream	es solo un sueño	es solo un sueño|sólo es un sueño	its just a dream|its only a dream	train
the place is pretty	es bonito el lugar	es bonito el lugar	the place is pretty	train
he felt tired	se sentía cansado	se sentía cansado	he felt tired	train
i want that job	quiero ese trabajo	quiero ese trabajo	i want that job	train
tom is still sleeping	tomás todavía está durmiendo	tomás todavía está durmiendo	tom is still asleep|tom is still sleeping	train
she may return	quizá vuelva	quizá vuelva	he may come back|he may return|he might come back|he might return|it may come back|it may return|it might come back|it might return|she may come back|she may return|she might come back|she might return|you may come back|you may return|you might come back|you might return	train
these people eat dogs	estas personas comen perros	estas personas comen perros	these people eat dogs	train
thanks im fine	gracias yo estoy bien	gracias yo estoy bien	thanks im fine	train
tom seems really embarrassed	tom parece verdaderamente avergonzado	tom parece verdaderamente avergonzado	tom seems really embarrassed	train
thanks for the help	gracias por la ayuda	gracias por la ayuda	thanks for the help	train
somebody loves everyone	alguien ama a todos	alguien ama a todos	somebody loves everyone	train
they all know	todos lo saben	todos lo saben|todos los conocen	everybody knows|they all know	train
well be ok	estaremos bien	estaremos bien	well be ok	train
the boy is fat	el chico es gordo	el chico es gordo	the boy is fat	train
listen to your heart	escucha a tu corazón	escucha a tu corazón	listen to your heart	train
this money is mine	este dinero es mío	este dinero es mío	this money is mine	train
take one only	coge solo una	coge solo una|toma solo una	just take one|take one only	train
shes nice	es guapa	es guapa	she is beautiful|shes beautiful|shes nice|shes pretty	train
here it is	aquí está	aquí está	here it is	train
your opinion doesnt count	vuestra opinión no cuenta	vuestra opinión no cuenta	your opinion doesnt count	train
im awake	estoy despierto	estoy despierto	im awake	train
here is the bill	aquí está la cuenta	aquí está la cuenta	here is the bill	train
ill be there tomorrow	estaré allí mañana	estaré allí mañana	ill be there tomorrow	train
im not busy	no estoy ocupado	no estoy ocupada|no estoy ocupado	im not busy	train
stop smoking	deja de fumar	deja de fumar	stop smoking	train
im confused	estoy confundido	estoy confundida|estoy confundido|estoy confuso	i am confused|im confused	train
just one more thing	solo una cosa más	solo una cosa más	just one more thing	train
i like talking	me gusta hablar	me gusta hablar	i like talking|i like to talk	train
i should go	me debería ir	me debería ir	i should go	train
im looking for something	estoy buscando algo	estoy buscando algo	im looking for something	train
tom doesnt work anymore	tom ya no trabaja	tom ya no trabaja	tom doesnt work anymore	train
heres something interesting	aquí hay algo interesante	aquí hay algo interesante	heres something interesting	train
youre so close	estás tan cerca	estás tan cerca	youre so close	train
tom tried to help	tom intentó ayudar	tom intentó ayudar	tom tried to help	train
i hope not	espero que no	espero que no	i hope not	train
a beer please	una cerveza por favor	una cerveza por favor	a beer please	train
tom is famous	tom es famoso	tom es famoso	tom is famous	train
take your seat	toma asiento	toma asiento	have a seat|take your seat	train
it was too easy	fue demasiado fácil	fue demasiado fácil	it was too easy	train
they have wine	tienen vino	tienen vino	they have wine	train
many dogs are alive	muchos perros están vivos	muchos perros están vivos	many dogs are alive	train
again !	¡ otra vez !	¡ otra vez !	again !	train
he might come tomorrow	puede que venga mañana	puede que venga mañana	he might come tomorrow	train
im more than happy	estoy más que feliz	estoy más que feliz|soy más que feliz	im more than happy	train
the window is open	la ventana está abierta	la ventana está abierta	the window is open	train
i am sure	estoy seguro	estoy seguro	i am sure|im sure	train
do you follow ?	¿ entiendes ?	¿ entiendes ?	do you follow ?|do you understand ?|understand ?	train
are you full ?	¿ estás lleno ?	¿ estás lleno ?	are you full ?	train
im learning a lot	estoy aprendiendo mucho	estoy aprendiendo mucho	im learning a lot	train
tom kept swimming	tom siguió nadando	tom siguió nadando	tom kept swimming	train
it tastes very great	sabe muy bien	sabe muy bien	it tastes very great	train
they like her	ella les agrada	ella les agrada	they like her	train
im eating here	estoy comiendo aquí	estoy comiendo aquí	im eating here	train
hes not ready	él no está listo	él no está listo	hes not ready	train
you run	corre	corre	you run	train
we both are friends	los dos somos amigos	los dos somos amigos	we both are friends	train
i havent finished this	no he terminado esto	no he terminado esto	i havent finished this	train
you lost	perdiste	ha perdido usted|habéis perdido|han perdido ustedes|has perdido|perdieron ustedes|perdiste|perdió usted	you lost	train
christmas is coming soon	la navidad vendrá pronto	la navidad vendrá pronto	christmas is coming soon	train
this coffee is cold	este café está frío	el café está helado|este café está frío	this coffee is cold	train
theres a catch	hay una trampa	hay una trampa	theres a catch	train
theyre watching you	ellos te están observando	ellos te están observando	theyre watching you	train
ask him about it	pregúntale sobre ello	pregúntale sobre ello	ask him about it	train
they do know that	ellos sí lo saben	ellos sí lo saben	they do know that	train
its impossible for me	es imposible para mí	es imposible para mí	its impossible for me	train
he himself tried it	él mismo lo intentó	él mismo lo intentó	he himself tried it	train
tom talks very fast	tom habla muy rápido	tom habla muy rápido	tom speaks very quickly|tom talks very fast	train
she said goodbye	ella dijo adiós	ella dijo adiós	she said goodbye	train
you were right before	tenías razón antes	tenías razón antes	you were right before	train
this is my life	esta es mi vida	esta es mi vida	this is my life	train
tom its your mother	tom es tu madre	tom es tu madre	tom its your mother	train
tom should leave now	tom debería irse ahora	tom debería irse ahora	tom should leave now	train
you can speak german	podéis hablar alemán	podéis hablar alemán	you can speak german	train
i have had it	yo lo he tenido	yo lo he tenido	i have had it	train
tom opened the door	tom abrió la puerta	tom abrió la puerta	tom opened the door	train
you are the best	usted es la mejor	eres la mejor|son los mejores|sos el mejor|sos la mejor|usted es el mejor|usted es la mejor	you are the best|youre the best	train
theyve all left	se han ido todos	se han ido todos	theyve all left	train
its really hard	es realmente difícil	es realmente difícil	its really hard	train
its really hot outside	fuera hace muchísimo calor	fuera hace muchísimo calor	its really hot outside	train
it might rain tomorrow	puede que llueva mañana	puede que llueva mañana	it might rain tomorrow	train
tom wants money	tom quiere plata	tom quiere plata	tom wants money	train
that sounds pretty dumb	eso suena bastante estúpido	eso suena bastante estúpido	that sounds pretty dumb	train
my sister is married	mi hermana está casada	mi hermana está casada	my sister is married	train
she likes girls	le gustan las chicas	le gustan las chicas	he likes girls|she likes girls	train
you are human	eres humano	eres humano	you are human|youre a human	train
i know my job	yo sé mi trabajo	yo conozco mi trabajo|yo sé mi trabajo	i know my job	train
its like the knife	es como el cuchillo	es como el cuchillo	its like the knife	train
you did very well	lo hiciste muy bien	lo hiciste muy bien	you did very well	train
tom is the man	tom es el hombre	tom es el hombre	tom is the man	train
weve seen her	nosotras la vimos	la hemos visto|nosotras la vimos|nosotros la vimos	weve seen her	train
they want it back	lo quieren de vuelta	lo quieren de vuelta	they want it back	train
talk to me !	¡ habla conmigo !	¡ habla conmigo !	talk to me !	train
love is complicated	el amor es complicado	el amor es complicado	love is complicated	train
tom accepted the job	tom aceptó el empleo	tom aceptó el empleo	tom accepted the job	train
the bird is dead	el pájaro está muerto	el pájaro está muerto	the bird is dead	train
i said stop	dije que alto	dije que alto	i said stop	train
youre too perfect	usted es demasiado perfecta	eres demasiado perfecta|eres demasiado perfecto|usted es demasiado perfecta|usted es demasiado perfecto	youre too perfect	train
she closed her eyes	ella cerró los ojos	ella cerró los ojos	she closed her eyes	train
toms listening	tom está escuchando	tom está escuchando	tom is listening|toms listening	train
you seem quite happy	pareces muy feliz	pareces muy feliz	you seem quite happy	train
we are his children	somos sus hijos	somos sus hijos	we are his children	train
i can do this	yo puedo hacer esto	yo puedo hacer esto	i can do this	train
yanni talks too much	yanni habla demasiado	yanni habla demasiado	yanni talks too much	train
call me on monday	llámame el lunes	llámame el lunes	call me on monday	train
im done	he terminado	he terminado	im done|im through	train
hes not smart	no es inteligente	no es inteligente	hes not smart|she isnt smart|shes not smart	train
my cat is hungry	mi gato tiene hambre	mi gato tiene hambre	my cat is hungry	train
i hate us	nos odio	nos odio	i hate us	train
everyone must die	todos deben morir	todos deben morir	everyone must die	train
i wasnt writing anything	no estaba escribiendo nada	no estaba escribiendo nada	i wasnt writing anything	train
im lost !	¡ estoy perdido !	¡ estoy perdido !	im lost !	train
wait a minute !	¡ momento !	¡ momento !	wait a minute !	train
he called him	él lo llamó	él lo llamó	he called him	train
yes its possible	puede ser que sí	puede ser que sí	yes its possible	train
she became pregnant	ella se quedó embarazada	ella se quedó embarazada	she became pregnant	train
im not kidding	no estoy bromeando	no estoy bromeando	im not joking|im not kidding|no kidding	train
were not young anymore	ya no somos jóvenes	ya no somos jóvenes	were not young anymore	train
that a boy !	buen chico	buen chico	that a boy !	train
he is doing well	va bien	va bien	he is doing well|it looks good	train
you know how	vos sabés cómo	vos sabés cómo	you know how	train
these cars are big	estos coches son grandes	estos coches son grandes	these cars are big	train
he is very talented	es muy talentoso	es muy talentoso	he is very talented|hes very talented	train
she hated him	ella le odiaba	ella le odiaba	she hated him	train
pay very close attention	presta mucha atención	presta mucha atención	pay very close attention	train
are you free ?	¿ está libre ?	¿ está libre ?|¿ estás libre ?	are you free ?	train
its a spanish book	es un libro español	es un libro español	its a spanish book	train
i am married	estoy casado	estoy casada|estoy casado	i am married|im married	train
you were ready	estaban listos	estaban listos|estabas lista|estabas listo	they were ready|you were ready	train
its a lie	es una mentira	es una mentira	its a lie	train
we knew this	lo sabíamos	lo sabíamos|sabíamos esto	we knew that|we knew this	train
lets watch a movie	veamos una película	veamos una película	lets watch a movie	train
you are to blame	la culpa es tuya	la culpa es tuya	you are to blame|youre to blame	train
just look at me	mírame	mírame	just look at me|look at me|watch me	train
i cannot touch fire	no puedo tocar fuego	no puedo tocar fuego	i cannot touch fire	train
weve found it	lo hemos encontrado	lo hemos encontrado	weve found it	train
wash your face	lávate la cara	lávate la cara	wash your face	train
you have many friends	vosotros tenéis muchos amigos	tenéis muchas amigas|tenéis muchos amigos|tiene muchas amigas|tiene muchos amigos|tienes muchas amigas|tienes muchos amigos|tú tienes muchas amigas|tú tienes muchos amigos|usted tiene muchas amigas|usted tiene muchos amigos|vosotros tenéis muchas amigas|vosotros tenéis muchos amigos	you have many friends	train
something is not right	algo no va bien	algo no va bien	something is not right	train
that is another matter	eso es otra cosa	eso es otra cosa|eso es otro problema	that is another matter|thats another matter	train
im happy tom	tom soy feliz	tom soy feliz	im happy tom	train
tom betrayed mary	tom traicionó a mary	tom traicionó a mary	tom betrayed mary	train
lets do this later	hagámoslo después	hagámoslo después|hagámoslo más tarde	lets do this later	train
that would be dumb	eso sería estúpido	eso sería estúpido	that would be dumb	train
tom hugged mary	tom abrazó a mary	tom abrazó a mary	tom hugged mary	train
thats important	eso es importante	eso es importante	thats important	train
we are here	estamos aquí	estamos aquí	we are here	train
your french is perfect	tu francés es perfecto	tu francés es perfecto	your french is perfect	train
toms crying	tomás está llorando	tomás está llorando	tom is crying|toms crying	train
i have been busy	he estado ocupada	he estado ocupada|he estado ocupado	i have been busy	train
i cant see	no puedo ver	no puedo ver	i cant see	train
weve seen nothing	no hemos visto nada	no hemos visto nada	we saw nothing|weve seen nothing	train
i was not jealous	no estaba celoso	no estaba celoso	i was not jealous	train
he speaks chinese	él habla chino	él habla chino	he speaks chinese	train
im running late	se me hizo tarde	se me hizo tarde|voy tarde	im running late	train
close your eyes	cierra los ojos	cierra los ojos	close your eyes|shut your eyes	train
i remember you	me acuerdo de ti	me acuerdo de ti|te recuerdo	i remember you	train
thats how french is	así es el francés	así es el francés	thats how french is	train
thats your problem	ese es tu problema	ese es tu problema	thats your problem	train
man is water	el hombre es agua	el hombre es agua	man is water	train
i lost another chance	perdí otra oportunidad	perdí otra oportunidad	i lost another chance	train
just take a number	coge un número	coge un número	just take a number	train
youre not young	no eres joven	no eres joven	youre not young	train
im so lost	estoy tan perdido	estoy tan perdido	im so lost	train
drink more water	beban más agua	beban más agua	drink more water	train
hang on tom	espera tom	espera tom	hang on tom	train
he was born rich	él nació rico	él nació rico	he was born rich	train
im pretty blind	estoy bastante ciego	estoy bastante ciego|veo más bien poco	im pretty blind	train
we are at home	estamos en casa	estamos en casa	we are at home|were home	train
it is absolutely impossible	es absolutamente imposible	es absolutamente imposible	it is absolutely impossible|its absolutely impossible	train
hes my friend	es mi amigo	es mi amigo	he is my friend|hes my friend|this is my friend	train
it might rain today	hoy día podría llover	hoy día podría llover	it might rain today	train
thatll help	eso ayudará	eso ayudará	thatll help	train
i need some sugar	necesito algo de azúcar	necesito algo de azúcar	i need some sugar	train
please dont stop	por favor no pares	por favor no pares	please dont stop	train
yes and no	sí y no	sí y no	yes and no	train
this book was new	este libro era nuevo	este libro era nuevo	this book was new	train
i prefer working alone	prefiero trabajar solo	prefiero trabajar solo	i prefer working alone	train
youre good	eres buena	eres buena|eres bueno|sois buenos|usted es buena	youre good	train
we must start immediately	tenemos que empezar inmediatamente	tenemos que empezar inmediatamente	we must start immediately	train
girls please me	me gustan las chicas	me gustan las chicas	girls please me|i like girls|i like the girls|the girls please me	train
this looks like fun	esto parece divertido	esto parece divertido	this looks like fun	train
dont be afraid	no tengas miedo	no tengas miedo	dont be afraid	train
nobody spoke with me	nadie habló conmigo	nadie habló conmigo	nobody spoke with me	train
that was our plan	este era nuestro plan	este era nuestro plan	that was our plan	train
that wont help you	eso no te ayudará	eso no te ayudará	that wont help you	train
im not your love	no soy tu amor	no soy tu amor	im not your love	train
its getting late	se está haciendo tarde	se está haciendo tarde	its getting late|its getting pretty late	train
he should have come	debería haber venido	debería haber venido	he should have come	train
i lost the game	perdí el juego	perdí el juego	i lost the game	train
start here	empieza aquí	empieza aquí	start here	train
not too sweet	no muy dulce	no muy dulce	not too sweet	train
theres something out there	hay algo ahí fuera	hay algo ahí fuera	theres something out there	train
tom didnt eat anything	tom no comió nada	tom no comió nada	tom ate nothing|tom didnt eat anything	train
lets speak about it	hablemos sobre esto	hablemos sobre esto	lets speak about it	train
she has no children	ella no tiene hijos	ella no tiene hijos	she has no children	train
strange	extraño	extraño	strange	train
i feel good	me siento bien	me siento bien	i feel all right|i feel fine|i feel good|i feel well	train
he has short hair	tiene el pelo corto	tiene el pelo corto	he has short hair	train
tom always wants everything	tom siempre quiere todo	tom siempre quiere todo	tom always wants everything	train
thats my fault	eso es mi culpa	eso es mi culpa	thats my fault	train
tom is always smiling	tom siempre está sonriendo	tom siempre está sonriendo	tom is always smiling	train
i learn fast	aprendo rápido	aprendo rápido	i learn fast	train
have something to eat	come algo	come algo	eat something|have something to eat	train
i needed just that	justo eso necesitaba	justo eso necesitaba	i needed just that	train
it may come back	quizá vuelva	quizá vuelva	he may come back|he may return|he might come back|he might return|it may come back|it may return|it might come back|it might return|she may come back|she may return|she might come back|she might return|you may come back|you may return|you might come back|you might return	train
tom finished his beer	tom terminó su cerveza	tom terminó su cerveza	tom finished his beer	train
she made him happy	ella le hizo feliz	ella le hizo feliz	she made him happy	train
this is my father	éste es mi padre	éste es mi padre	this is my father	train
were all happy	todos nosotros somos felices	todos nosotros somos felices	were all happy	train
your time is up	se acabó tu tiempo	se acabó tu tiempo	your time is up	train
come here !	¡ ven aquí !	¡ ven aquí !	come here|come here !|get in here !	train
tom liked that	a tom le gustó	a tom le gustó	tom liked it|tom liked that	train
ill see him today	lo veré hoy	le veré hoy|lo veré hoy	ill see him today	train
the world is mine	el mundo es mío	el mundo es mío	the world is mine	train
lets try it	intentemos eso	intentemos eso	lets try it	train
i dont like waiting	no me gusta esperar	no me gusta esperar	i dont like waiting	train
good morning !	¡ buen día !	¡ buen día !|¡ buenos días !	good day !|good morning !	train
i need a hand	yo necesito una mano	yo necesito una mano	i need a hand	train
we dont need him	no lo necesitamos	no lo necesitamos	we dont need him	train
i saw somebody	vi a alguien	vi a alguien	i saw somebody	train
nobody can help you	nadie puede ayudarte	nadie puede ayudarte	nobody can help you	train
the dog is white	el perro es blanco	el perro es blanco	the dog is white	train
is he sleeping ?	¿ está dormido ?	¿ está dormido ?|¿ está durmiendo ?	is he sleeping ?	train
she has seven sons	tiene siete hijos	ella tiene siete hijos|tiene siete hijos	he has seven sons|she has seven sons	train
we love speaking spanish	nos encanta hablar español	nos encanta hablar español	we love speaking spanish	train
many thanks	¡ muchas gracias !	¡ muchas gracias !	many thanks|thanks a lot !	train
yes ?	¿ sí ?	¿ sí ?	yes ?	train
everyone knows that	todos saben eso	todos saben eso	anybody knows it|everybody knows that|everyone knows that	train
he has white teeth	tiene los dientes blancos	tiene los dientes blancos	he has white teeth|she has white teeth	train
theres only one god	hay un solo dios	hay un solo dios	theres only one god	train
he speaks english	él habla inglés	él habla inglés	he speaks english	train
look out !	cuidado	cuidado	look out !	train
keep warm	mantente caliente	mantente caliente	keep warm	train
yesterday was sunday	ayer fue domingo	ayer fue domingo	it was sunday yesterday|yesterday was sunday	train
i like baseball	me gusta el béisbol	me gusta el béisbol	i like baseball	train
i arrived here yesterday	llegué aquí ayer	llegué aquí ayer	i arrived here yesterday	train
im eating lunch	estoy almorzando	estoy almorzando	im eating lunch	train
im not sick	no estoy enferma	no estoy enferma|no estoy enfermo	im not sick	train
this is a dog	esto es un perro	eso es un perro|esto es un perro	this is a dog	train
can it wait ?	¿ puede esperar ?	¿ puede esperar ?	can it wait ?	train
take only one	toma solo una	toma solo una	take one only|take only one	train
were good	estamos a mano	estamos a mano	we are even|were even|were good	train
i cant eat meat	no puedo comer carne	no puedo comer carne	i cant eat meat	train
hes studying chinese	está estudiando chino	está estudiando chino	hes studying chinese	train
i like writing	me gusta escribir	me gusta escribir	i like writing|i love to write	train
lets start !	comencemos	comencemos|¡ empecemos !	let us begin|lets begin|lets get started|lets start|lets start !	train
listen to this	escuche esto	escuche esto|escuchá esto	listen to this	train
we need to talk	tenemos que hablar	tenemos que hablar	we have to talk|we must speak|we need to talk	train
its true	es cierto	es cierto|es verdad	its true	train
im not a lawyer	no soy abogado	no soy abogado	im not a lawyer	train
im not short	no soy bajo	no soy bajo	im not short	train
i am really sorry	lo siento de verdad	lo siento de verdad	i am really sorry	train
they have sugar	ellos tienen azúcar	ellas tienen azúcar|ellos tienen azúcar	they have sugar	train
there it is	ahí está	ahí está	there he is|there it is	train
were serious	es en serio	es en serio	were serious	train
this is all wrong	está todo mal	está todo mal	this is all wrong	train
i hate boston	yo odio boston	yo odio boston	i hate boston	train
she smiled at him	ella le sonrió	ella le sonrió	she smiled at him	train
this is my dictionary	este es mi diccionario	este es mi diccionario	this is my dictionary	train
he isnt perfect	no es perfecto	no es perfecto	he isnt perfect|hes not perfect	train
my book is here	mi libro está aquí	mi libro está aquí	my book is here	train
it was at school	fue en la escuela	fue en la escuela	it was at school	train
i know english	sé inglés	sé inglés	i know english	train
ill pay for myself	pagaré lo mío	pagaré lo mío	ill pay for myself	train
this is the coffee	este es el café	este es el café	this is the coffee	train
ive changed my mind	cambié de idea	cambié de idea	i changed my mind|ive changed my mind	train
drink and eat	come y bebe	come y bebe	drink and eat|eat and drink	train
how smart !	¡ qué listo !	¡ qué listo !	how smart !|thats clever	train
any place will do	cualquier lugar basta	cualquier lugar basta	any place will do	train
i am boring	soy aburrida	soy aburrida|soy aburrido	i am boring	train
tom wants an apple	tom quiere una manzana	tom quiere una manzana	tom wants an apple	train
you speak	tú hablas	tú hablas	you speak	train
tom wants to work	tom quiere trabajar	tom quiere trabajar	tom wants to work	train
youre too kind	eres muy amable	eres muy amable	youre too kind|youre very nice	train
shes from france	ella es de francia	ella es de francia|es de francia	she is from france|shes from france	train
he will come back	volverá	volverá	he will come back|itll be back	train
i know now	ahora sé	ahora sé	i know now	train
im still thinking	todavía estoy pensando	todavía estoy pensando	im still thinking	train
let go of me	déjame ir	déjame ir	let go of me	train
i was too fast	yo era demasiado rápido	yo era demasiado rápido	i was too fast	train
walk more slowly	camina más despacio	camina más despacio	walk more slowly	train
this is our home	esta es nuestra casa	esa es nuestra casa|esta es nuestra casa	this is our home	train
lets go back in	volvamos adentro	volvamos a entrar|volvamos adentro	lets go back in	train
she doesnt drink	ella no bebe	ella no bebe	she doesnt drink	train
i wrote it	yo lo escribí	yo lo escribí	i wrote it	train
this is about cars	esto va de coches	esto va de coches	this is about cars	train
tom was lost	tom estaba perdido	tom estaba perdido	tom was lost	train
these are toms	estos son de tom	estos son de tom	these are toms	train
tom still doesnt understand	tom todavía no entiende	tom todavía no entiende	tom still doesnt understand	train
tom is very patient	tom es muy paciente	tom es muy paciente	tom is very patient	train
she is having dinner	está cenando	ella está cenando|está cenando	she is having dinner	train
it is hot	hace calor	hace calor	it is hot|it is warm|its hot	train
dont let her drive	no la dejes conducir	no la dejes conducir	dont let her drive	train
youve come too early	ha venido demasiado pronto	ha venido demasiado pronto|habéis venido demasiado pronto|han venido demasiado pronto|has venido demasiado pronto	youve come too early	train
i am your father	yo soy tu padre	soy tu padre|yo soy tu padre	i am your father|im your father	train
im a patient man	soy un hombre paciente	soy un hombre paciente	im a patient man	train
he quit	él renunció	él renunció	he quit	train
tom is always late	tom siempre llega tarde	tom siempre llega tarde	tom is always late	train
i have cancer	yo tengo cáncer	yo tengo cáncer	i have cancer	train
this isnt funny	esto no es gracioso	esto no es gracioso	this isnt funny	train
tom isnt normal	tom no es normal	tom no es normal	tom isnt normal	train
ive got a son	tengo un hijo	tengo un hijo	ive got a son	train
its hot down here	hace calor aquí abajo	hace calor aquí abajo	its hot down here	train
it was very cold	hacía mucho frío	hacía mucho frío	it was very cold	train
tom hates his name	tom odia su nombre	tom odia su nombre	tom hates his name	train
you cant come tomorrow	no podéis venir mañana	no podéis venir mañana	you cant come tomorrow	train
i changed my computer	cambié mi computadora	cambié mi computadora	i changed my computer	train
you look pale	te ves pálido	te ves pálido	you look pale	train
they were together	estaban juntos	estaban juntos	they were together	train
tom is thinking	tom está pensando	tom está pensando	tom is thinking	train
we lost	perdimos	perdimos	we lost	train
thanks for coming tom	gracias por venir tom	gracias por venir tom	thanks for coming tom	train
give me some more	dame un poco más	dame un poco más	give me some more	train
the man is tall	el hombre es alto	el hombre es alto	the man is tall	train
shut up !	¡ cállate !	¡ cállate !	shut up !	train
its ready	está listo	está listo	its ready	train
itll be fun	será divertido	eso será divertido|será divertido	itll be fun	train
tom wasnt reading	tom no estaba leyendo	tom no estaba leyendo	tom wasnt reading	train
its better	está mejor	está mejor	its better	train
i felt cold	tenía frío	tenía frío	i felt cold	train
her baby can walk	su bebé puede caminar	su bebé puede caminar	her baby can walk	train
i forgot	me olvidé	lo olvidé|me olvidé	i forgot	train
im sure	estoy seguro	estoy seguro	i am sure|im sure	train
i think its true	creo que es verdad	creo que es verdad	i think it true|i think its true	train
look	busca	busca|mira	look|look for her|look for him|look for it	train
lets try to read	probemos a leer	probemos a leer	lets try to read	train
he is lazy	él es perezoso	él es perezoso	he is lazy	train
tell them nothing	no les digas nada	no les digas nada	tell them nothing	train
hes just arrived	acaba de llegar	acaba de llegar	he just arrived|hes just arrived	train
theyre normal people	son gente normal	son gente normal	theyre normal people	train
tom wake up	tom despierta	tom despierta	tom wake up	train
im not scared	no tengo miedo	no estoy asustado|no tengo miedo	i am not afraid|im not afraid|im not scared	train
tom gave up smoking	tom dejó de fumar	tom dejó de fumar	tom gave up smoking|tom quit smoking	train
this milk smells funny	esta leche huele raro	esta leche huele raro	this milk smells funny	train
you seem busy	pareces ocupado	pareces ocupada|pareces ocupado	you look busy|you seem busy	train
i told them nothing	no les dije nada	no les dije nada	i told them nothing	train
oh no !	¡ oh no !	¡ oh no !	oh no !	train
hes afraid of everything	tiene miedo de todo	tiene miedo de todo	hes afraid of everything	train
youre not my wife	no eres mi esposa	no eres mi esposa	youre not my wife	train
ive been married	he estado casada	he estado casada	ive been married	train
i ate fish yesterday	comí pescado ayer	ayer comí pescado|comí pescado ayer	i ate fish yesterday	train
im happy	estoy feliz	estoy contento|estoy feliz|soy feliz	im happy	train
everythings white outside	todo está blanco afuera	todo está blanco afuera	everythings white outside	train
he is a liar	él es mentiroso	él es mentiroso	he is a liar	train
everybody likes tom	todos quieren a tom	todos quieren a tom	everybody likes tom|everyone likes tom	train
this sounds very interesting	esto suena muy interesante	esto suena muy interesante	this sounds very interesting	train
he never lies	él nunca miente	él nunca miente	he never lies	train
ill wait outside	esperaré afuera	esperaré afuera	ill wait outside	train
i see the boy	veo al niño	veo al niño	i see the boy	train
youre quite smart	son bastante listos	eres bastante inteligente|eres bastante lista|eres bastante listo|son bastante inteligentes|son bastante listos|sos bastante inteligente|sos bastante lista|sos bastante listo	youre quite smart	train
this seems wrong	esto parece estar mal	esto parece estar mal	this seems wrong	train
look at these	mira éstos	mira éstos	look at these	train
he sang a song	él cantó una canción	él cantó una canción	he sang a song	train
i met your friend	conocí a tu amigo	conocí a tu amigo	i met your friend	train
tom loved mary	tom amaba a mary	tom amaba a mary	tom loved mary	train
he cheated me	él me engañó	él me engañó	he cheated me|he cheated on me|he misled me	train
i feel lonely	me siento solo	me siento solo	i feel lonely|im lonely	train
i forgot my money	olvidé mi dinero	olvidé mi dinero	i forgot my money	train
youve arrived too early	llegaste demasiado pronto	has venido demasiado pronto|llegaste demasiado pronto|llegaste demasiado temprano	youve arrived too early	train
something is wrong here	algo anda mal aquí	algo anda mal aquí	something is wrong here	train
he changed his job	él cambió de empleo	él cambió de empleo	he changed his job	train
tom cant speak	tom no puede hablar	tom no puede hablar	tom cant speak|tom cant talk	train
stop	parad	detente|parad	stop	train
come on try again	vamos inténtalo otra vez	vamos inténtalo otra vez	come on try again	train
tom quit	tom renunció	tom renunció	tom quit	train
i am not canadian	no soy canadiense	no soy canadiense	i am not canadian|im not a canadian|im not canadian	train
youre old	estás vieja	estás vieja	youre old	train
i have brothers	tengo hermanos	tengo hermanos	i have brothers	train
youre already useless	ya eres un inútil	ya eres un inútil	youre already useless	train
i like milk	me gusta la leche	me gusta la leche	i like milk	train
i want a family	quiero una familia	quiero una familia	i want a family	train
i am not stupid	no soy estúpido	no soy estúpido	i am not stupid|im not dumb	train
no problem !	¡ sin problemas !	¡ sin problemas !	no problem !	train
all sugar is sweet	todo azúcar es dulce	todo azúcar es dulce	all sugar is sweet	train
this seems too easy	esto parece demasiado fácil	esto parece demasiado fácil	this seems too easy	train
mary has nice legs	mary tiene buenas piernas	mary tiene buenas piernas	mary has nice legs	train
he has few friends	él tiene pocos amigos	él tiene pocos amigos	he has few friends	train
she kept on working	ella siguió trabajando	ella siguió trabajando	she continued working|she kept on working|she went on working	train
were almost like brothers	casi somos como hermanos	casi somos como hermanos	were almost like brothers	train
tom is clearly disappointed	tom está claramente decepcionado	tom está claramente decepcionado	tom is clearly disappointed	train
you have two books	tienes dos libros	tenéis dos libros|tienes dos libros	you have two books	train
it was my mistake	fue mi error	fue mi error	it was my mistake	train
this isnt love	esto no es amor	esto no es amor	this isnt love	train
tom is wet	tom está mojado	tom está mojado	tom is wet	train
you see me	me ves	me ves	you see me	train
today is very warm	hoy hace mucho calor	hoy hace mucho calor	its very hot today|today is very warm	train
show me something new	enséñame algo nuevo	enséñame algo nuevo|muéstrame algo nuevo	show me something new	train
try !	¡ trata !	¡ trata !	try !	train
boston is great	boston es genial	boston es genial	boston is great	train
were not married	no estamos casados	no estamos casados	we arent married|were not married	train
lets be friends forever	seamos amigos para siempre	seamos amigos para siempre	lets be friends forever	train
they have to lose	tienen que perder	tienen que perder	they have to lose	train
its not my car	no es mi coche	no es mi auto|no es mi coche	its not my car	train
this is better	esto está mejor	esto es mejor|esto está mejor	this is better	train
she is ill	ella está enferma	ella está enferma	she is ill|she is sick	train
my house my rules	mi casa mis normas	mi casa mis normas	my house my rules	train
he has to come	tiene que venir	tiene que venir	he has to come	train
we will all die	vamos a morir todos	vamos a morir todos	we will all die	train
we have time	tenemos tiempo	tenemos tiempo	we have time|weve got time	train
it may well rain	puede que sí llueva	puede que sí llueva	it may well rain	train
the watch broke down	el reloj se rompió	el reloj se rompió	the watch broke down	train
its for my family	es para mi familia	es para mi familia	its for my family	train
youd better leave that	mejor que dejes eso	mejor que dejes eso	youd better leave that	train
i liked the show	me gustó el espectáculo	me gustó el espectáculo	i liked the show	train
just leave it there	déjalo allí	déjalo allí|solo déjalo ahí	just leave it there	train
its very cheap	es muy barato	es muy barato	it is really cheap|its very cheap	train
everyone loves that place	todos aman ese lugar	todos aman ese lugar	everyone loves that place	train
drink something	bebe algo	beban algo|bebe algo|tómate algo	drink something	train
its not your problem	no es tu problema	no es tu problema|no es vuestro problema	its not your problem	train
my name isnt tom	no me llamo tom	no me llamo tom	my name isnt tom	train
youre not funny	no eres divertido	no eres divertido	youre not funny	train
start from here	empieza desde aquí	empieza desde aquí	start from here	train
he kept on singing	él siguió cantando	él siguió cantando	he kept on singing|he kept singing	train
he can sing	él puede cantar	él puede cantar	he can sing	train
this is my bag	esta es mi bolsa	esta es mi bolsa	this is my bag	train
nobody said anything	nadie dijo nada	nadie dijo nada	no one said anything|nobody said anything	train
nothing comes easy	nada es fácil	nada es fácil	nothing comes easy	train
hurry help	¡ rápido ayúdame !	¡ rápido ayúdame !	hurry help	train
tom looked angry	tom parecía enojado	tom parecía enojado	tom looked angry|tom looked mad|tom seemed angry|tom seemed mad	train
it doesnt sound good	no suena bien	no suena bien	it doesnt sound good	train
the dog is smart	el perro es listo	el perro es listo	the dog is smart	train
she is already sleeping	ya duerme	ya duerme|ya está durmiendo	she is already sleeping	train
tom understood it completely	tom lo entendió completamente	tom lo entendió completamente	tom understood it completely	train
anybody can do this	cualquiera puede hacer esto	cualquiera puede hacer esto	anybody can do this	train
tom is still worried	tom todavía está preocupado	tom todavía está preocupado	tom is still worried	train
drink	beban	beban|bebe|bebé	drink	train
heres a pen	aquí tienes un bolígrafo	aquí tienes un bolígrafo	heres a pen	train
hell return at six	volverá a las seis	volverá a las seis	hell return at six	train
tom saw mary	tom vio a mary	tom vio a mary	tom saw mary	train
they must be joking	deben de estar bromeando	deben de estar bromeando	they must be joking	train
something bit you	algo te mordió	algo te mordió	something bit you	train
just take it slowly	hazlo lentamente	hazlo lentamente	just take it slowly	train
tom almost got fired	tom casi fue despedido	tom casi fue despedido	tom almost got fired	train
your plan sounds great	tu plan suena genial	tu plan suena genial	your plan sounds great	train
its your money	es tu dinero	es tu dinero	its your money	train
he speaks french	él habla francés	él habla francés	he speaks french	train
i really like you	me gustas mucho	me gustas mucho	i really like you	train
we dont know it	no lo sabemos	no lo sabemos	we dont know it	train
tom cant stay	tom no puede quedarse	tom no puede quedarse	tom cant stay	train
i helped him	lo ayudé	lo ayudé|yo lo ayudé	i helped him	train
the girl is ugly	la chica es fea	la chica es fea	the girl is ugly	train
they all love me	todos ellos me aman	todos ellos me aman	they all love me	train
i dont speak fast	no hablo deprisa	no hablo deprisa	i dont speak fast	train
he didnt understand anything	no entendió nada	no entendió nada	he didnt understand anything	train
you are safe here	tú estás seguro aquí	tú estás seguro aquí|vosotros estáis seguros aquí	you are safe here	train
ive changed it	lo cambié	la cambié|lo cambié	ive changed it	train
its in good hands	está en buenas manos	está en buenas manos	its in good hands	train
this ones toms	este es de tom	este es de tom	this ones toms	train
it can be dangerous	puede ser peligroso	puede ser peligroso	it can be dangerous	train
she was afraid	ella tenía miedo	ella tenía miedo	she was afraid	train
you are early	llegaste temprano	llegaste temprano	you are early|you got here early	train
were scared of tom	tenemos miedo de tom	tenemos miedo de tom	were scared of tom	train
stop !	¡ para !	¡ alto !|¡ para !|¡ parad !|¡ pare !	stop !	train
she has three brothers	ella tiene tres hermanos	ella tiene tres hermanos	she has three brothers	train
youre bad	eres mala	eres mala	youre bad|youre mean	train
theyre always together	ellos siempre están juntos	ellos siempre están juntos	theyre always together	train
im listening	estoy escuchando	estoy escuchando	im listening	train
i lost the watch	perdí mi reloj	he perdido el reloj|perdí el reloj|perdí mi reloj	i lost my watch|i lost the watch	train
i must write	debo escribir	debo escribir|yo debo escribir	i must write	train
tom doesnt drink much	tom no bebe mucho	tom no bebe mucho	tom doesnt drink much	train
this sentence is true	esta oración es verdadera	esta oración es verdadera	this sentence is true	train
she hates him	ella le odia	ella le odia|ella lo odia	she hates him	train
i became rich	me volví rico	me volví rico	i became rich	train
these are good	éstos están buenos	éstos están buenos|éstos son buenos	these are good	train
things have changed	las cosas han cambiado	las cosas han cambiado	things have changed	train
youre still my son	todavía eres mi hijo	todavía eres mi hijo	youre still my son	train
no	no	no	no	train
that cant be her	no puede ser ella	no puede ser ella	that cant be her	train
mary was sleeping	mary estaba durmiendo	mary estaba durmiendo	mary was sleeping	train
you must start immediately	tienes que empezar inmediatamente	tienes que empezar inmediatamente	you must start immediately	train
he broke the rules	él rompió las normas	él rompió las normas	he broke the rules	train
so she does	entonces ella lo hace	entonces ella lo hace	so she does	train
she has wet hair	tiene el pelo mojado	tiene el pelo mojado	she has wet hair	train
its an excellent wine	es un vino excelente	es un vino excelente	its an excellent wine|thats an excellent wine|this is excellent wine	train
its hot not cold	está caliente no frío	está caliente no frío	its hot not cold	train
live a little	vive un poco	vive un poco	live a little	train
i like this dog	me gusta este perro	me gusta este perro	i like this dog	train
i study very little	estudio muy poco	estudio muy poco	i study very little	train
we didnt do it	nosotros no lo hicimos	nosotros no lo hicimos	we didnt do it	train
now i understand	ahora lo entiendo	ahora entiendo|ahora lo entiendo	i understand now|now i get it|now i understand	train
we didnt play well	no jugamos bien	no jugamos bien	we didnt play well	train
i told her nothing	no le dije nada	no le dije nada	i told her nothing|i told him nothing	train
i dont need those	no necesito de esos	no necesito de esos	i dont need those	train
were all tired	estamos todos cansados	estamos todos cansados	were all tired	train
how naive you are	qué ingenuo eres	qué ingenuo eres	how naive|how naive you are	train
we all laughed	todos nos reímos	todos nos reímos	we all laughed	train
its different for everyone	es diferente para todas	es diferente para todas|es diferente para todos	its different for everyone	train
another coffee please	otro café por favor	otro café por favor	another coffee please	train
we should both go	deberíamos ir los dos	deberíamos ir los dos	we should both go	train
youll find nothing here	no encontrarás nada aquí	no encontrarás nada aquí	youll find nothing here	train
are you busy ?	¿ está ocupado ?	¿ está ocupado ?|¿ estás ocupada ?|¿ estás ocupado ?	are you busy ?|is he busy ?	train
i have no money	no tengo un duro	estoy sin dinero|estoy sin un duro|no tengo dinero|no tengo plata|no tengo un duro	i dont have money|i have no money	train
i speak japanese well	hablo bien el japonés	hablo bien el japonés	i speak japanese well	train
the keys please	las llaves por favor	las llaves por favor	the keys please	train
he is afraid	él tiene miedo	él tiene miedo	he is afraid	train
i am disappointed	estoy decepcionado	estoy decepcionado	i am disappointed|im disappointed	train
weve got something	tenemos algo	tenemos algo	we have some|weve got something	train
they are all hungry	todos ellos están hambrientos	todos ellos están hambrientos	they are all hungry	train
we know about that	sabemos de eso	sabemos de eso	we know about that	train
im very busy today	estoy muy ocupado hoy	estoy muy ocupado hoy|hoy estoy muy ocupado	im very busy today	train
take everything	cógelo todo	cógelo todo	take everything	train
theres no coffee left	no hay más café	no hay más café	theres no coffee left	train
i didnt even ask	yo ni pregunté	yo ni pregunté	i didnt even ask	train
nobody speaks to me	nadie me habla	nadie me habla	nobody speaks to me	train
everyone loves him	todos lo aman	todos le quieren|todos lo aman	everybody loves him|everyone loves him	train
i saw tom leave	vi irse a tom	vi irse a tom	i saw tom leave	train
shes canadian	es canadiense	ella es canadiense|es canadiense	he is canadian|hes canadian|she is canadian|shes canadian	train
things are fine	las cosas están bien	las cosas están bien|las cosas van bien	things are fine	train
i dont need you	no te necesito	no te necesito	i dont need you	train
he is very sick	está muy enfermo	está muy enfermo	he is very sick	train
stay with me	quedate conmigo	quedate conmigo	stay with me	train
now help me	ahora ayúdame	ahora ayúdame	now help me	train
there are no problems	no hay problemas	no hay ningún problema|no hay problemas	there are no problems	train
go there with me	vente allí conmigo	ve allí conmigo|vente allí conmigo	go there with me	train
i was wrong	estaba equivocado	estaba equivocado	i was wrong	train
this apple is sweet	esta manzana es dulce	esta manzana es dulce	this apple is sweet	train
come home early	vuelve a casa temprano	vuelve a casa temprano|vuelve pronto a casa	come home early	train
whats it like ?	¿ cómo es ?	¿ cómo es ?	whats it like ?	train
lets speak in english	hablemos en inglés	hablemos en inglés	lets speak in english	train
tom helped mary	tom ayudó a mary	tom ayudó a mary	tom helped mary	train
im very confused	estoy muy confundida	estoy muy confundida	im so confused|im very confused	train
someones eating	alguien está comiendo	alguien está comiendo	somebody is eating|someones eating	train
almost	casi	casi	almost	train
please be quiet	por favor guarda silencio	por favor guarda silencio	please be quiet	train
wait for your sister	espera por tu hermana	espera por tu hermana	wait for your sister	train
he told the truth	dijo la verdad	dijo la verdad|él dijo la verdad	he said the truth|he told the truth	train
swim	nada	nada	nothing|swim	train
i was careful	tuve cuidado	tuve cuidado	i was careful	train
im already late	ya voy tarde	ya estoy atrasado|ya voy tarde	im already late	train
it may rain tonight	podría llover esta noche	podría llover esta noche	it may rain tonight	train
at night you sleep	duermen por la noche	duermen por la noche	at night you sleep	train
nothing more thanks	nada más gracias	nada más gracias	nothing more thanks	train
i cant help you	no puedo ayudarte	no puedo ayudarte	i cannot help you|i cant help you	train
no work is simple	ningún trabajo es simple	ningún trabajo es simple	no work is simple	train
tom understands the problem	tom entiende el problema	tom entiende el problema	tom understands the problem	train
am i ready ?	¿ estoy listo ?	¿ estoy listo ?	am i ready ?	train
choose !	¡ elige !	¡ elige !	choose !	train
i know people	yo conozco personas	yo conozco gente|yo conozco personas	i know people	train
lets stay in touch	estamos al habla	estamos al habla	lets stay in touch	train
youre not a woman	no eres una mujer	no eres una mujer	youre not a woman	train
i wasnt busy yesterday	ayer no estaba ocupado	ayer no estaba ocupada|ayer no estaba ocupado	i wasnt busy yesterday	train
i like rice	me gusta el arroz	me gusta el arroz	i like rice	train
are they new ?	¿ son nuevos ?	¿ son nuevos ?	are they new ?	train
im still thirsty	todavía tengo sed	todavía tengo sed	im still thirsty	train
this place is disgusting	este lugar es repugnante	este lugar es repugnante	this place is disgusting	train
ill work	voy a trabajar	voy a trabajar	i go to work|i will work|ill work	train
that is very expensive	eso es muy caro	eso es muy caro	that is very expensive	train
get some sleep	duerme algo	duerme algo	get some sleep	train
this is cold	esto está frío	esto está frío	this is cold	train
i am like her	soy como ella	soy como ella	i am like her	train
kids want to play	los niños quieren jugar	los niños quieren jugar	kids want to play	train
thatll be all	eso será todo	eso será todo	thatll be all	train
who lost ?	¿ quién perdió ?	¿ quién perdió ?	who lost ?	train
i did ok	lo hice bien	lo hice bien	i did all right|i did ok|ive done ok	train
hes lying	él está mintiendo	él está mintiendo|él miente	he is lying|hes lying	train
were in boston now	estamos en boston ahora	estamos en boston ahora	were in boston now	train
my brother is rich	mi hermano es rico	mi hermano es rico	my brother is rich	train
they saw us yesterday	ellos nos vieron ayer	ellos nos vieron ayer	they saw us yesterday	train
i saw him	le vi	le vi|lo vi	i saw him	train
i want more money	quiero más dinero	quiero más dinero	i want more money	train
get on in here	ven aquí	ven acá|ven aquí	come here|come over|get on in here	train
its really very simple	es muy muy sencillo	es muy muy sencillo	its really very simple	train
i eat meat	yo como carne	yo como carne	i eat meat	train
he left immediately	se fue inmediatamente	se fue inmediatamente	he left immediately	train
he looked well	él tenía buen aspecto	él tenía buen aspecto	he looked well	train
i wasnt prepared	no estaba preparado	no estaba listo|no estaba preparado	i wasnt prepared	train
let us go home	déjanos irnos a casa	déjanos irnos a casa	let us go home	train
he smells bad	él huele mal	él huele mal	he smells bad	train
i often eat here	como aquí con frecuencia	como aquí con frecuencia	i often eat here	train
that person died	esa persona murió	esa persona murió	that person died	train
this is too much	esto es demasiado	esto es demasiado	this is too much	train
i live to eat	vivo para comer	vivo para comer	i live to eat	train
they cant escape	no pueden escapar	no pueden escapar	they cant escape	train
we made love	hicimos el amor	hicimos el amor	we made love	train
take a bus	toma un bus	toma un bus	take a bus	train
he is too old	él es demasiado viejo	él es demasiado viejo|él es muy viejo	he is too old	train
its easily done	es fácil de hacer	es fácil de hacer	its easily done	train
he has nothing	no tiene nada	no tiene nada	he has nothing|she has nothing	train
he was disappointed	él estaba decepcionado	él estaba decepcionado	he was disappointed	train
tatoeba is watching you	tatoeba te está observando	tatoeba te está observando	tatoeba is watching you	train
youre too weak	sos demasiado débil	sos demasiado débil	youre too weak	train
tom can do it	tom puede hacerlo	tom puede hacerlo	tom can do it	train
tom ate one apple	tom comió una manzana	tom comió una manzana	tom ate one apple	train
im feeling fine thanks	me siento bien gracias	me siento bien gracias	im feeling fine thanks	train
we should head back	deberíamos volver	deberíamos volver	we should head back	train
im very short	estoy muy bajo	estoy muy bajo|soy muy baja|soy muy pequeño	im very short	train
i dont trust you	no confío en ti	no confío en ti	i dont trust you	train
this is good news	estas son buenas noticias	estas son buenas noticias	this is good news	train
keep your hands up	levanta las manos	levanta las manos	keep your hands up	train
the table is green	la mesa es verde	la mesa es verde	the table is green	train
i guess its ok	supongo que está bien	supongo que está bien	i guess its ok	train
tom will kill again	tom volverá a matar	tom volverá a matar	tom will kill again	train
i want more time	quiero más tiempo	quiero más tiempo	i want more time	train
theres a car coming	viene un carro	viene un carro|viene un coche	theres a car coming	train
she started to cry	ella empezó a llorar	ella empezó a llorar|empezó a llorar	she began crying|she started to cry	train
start !	¡ empieza !	¡ empieza !	begin !|start !	train
i love to write	me gusta escribir	me encanta escribir|me gusta escribir	i like writing|i love to write	train
well be waiting	estaremos esperando	estaremos esperando	well be waiting	train
i knew that	yo sabía eso	lo sabía|yo sabía eso	i knew that	train
you were really cold	eras realmente frío	eras realmente frío	you were really cold	train
theyre looking for tom	están buscando a tom	están buscando a tom	theyre looking for tom	train
i can only wait	sólo puedo esperar	sólo puedo esperar	i can only wait	train
he came really fast	él vino muy rápido	él vino muy rápido	he came really fast	train
i never felt loved	nunca me sentí amado	nunca me sentí amado	i never felt loved	train
tom knew	tom lo sabía	tom lo sabía	tom knew	train
youre not crazy	no estás loco	no estás loco	youre not crazy	train
a man must work	un hombre debe trabajar	un hombre debe trabajar	a man must work|man must work	train
we go tomorrow	vamos mañana	iremos mañana|nos vamos mañana|vamos mañana	we go tomorrow	train
do what you want	haz lo que quieras	haz lo que quieras	do as you like|do as you want|do what you like|do what you want	train
you look surprised	pareces sorprendida	pareces sorprendida|pareces sorprendido	you look baffled|you look surprised|you seem baffled	train
hold on please	espere por favor	espere por favor	hold on please	train
im not hiding	no me estoy escondiendo	no me estoy escondiendo	im not hiding	train
i just missed them	realmente los extrañé	realmente los extrañé|simplemente los extrañé	i just missed them	train
who talked ?	¿ quién habló ?	¿ quién habló ?	who talked ?	train
i have no home	no tengo casa	no tengo casa|no tengo hogar	i have no home	train
i have a daughter	tengo una hija	tengo una hija	i have a daughter	train
its important to tom	es importante para tom	es importante para tom	its important to tom	train
he said nothing	no dijo nada	no dijo nada	he didnt say anything|he said nothing|she said nothing	train
give me his picture	dame su foto	dame su foto	give me her picture|give me his picture	train
im almost done	estoy casi listo	casi he terminado|estoy casi listo	i am almost ready|im about ready|im almost done	train
stay !	¡ quédate !	¡ quedate !|¡ quédate !	stay !	train
i can eat anything	puedo comer cualquier cosa	puedo comer cualquier cosa	i can eat anything	train
i often come here	a menudo vengo aquí	a menudo vengo aquí	i often come here	train
we have no money	no tenemos dinero	no tenemos dinero	we have no money	train
youre not alone	no estás sola	no estás sola|no estás solo	youre not alone	train
tom was sick	tom estaba enfermo	tom estaba enfermo	tom was sick	train
tom cheated mary	tom engañó a mary	tom engañó a mary	tom cheated mary|tom misled mary	train
were hot	tenemos calor	tenemos calor	were hot	train
lets talk to tom	hablemos con tom	hablemos con tom	lets talk to tom	train
id do almost anything	haría casi cualquier cosa	haría casi cualquier cosa	id do almost anything	train
always	todo el tiempo	siempre|todo el tiempo	always	train
he speaks quickly	él habla rápido	él habla rápido	he speaks quickly|he talks fast	train
you must be patient	tienes que ser paciente	tienes que ser paciente	you must be patient	train
he doesnt smoke	él no fuma	no fuma|él no fuma	he does not smoke|he doesnt smoke	train
tom was dying	tom se estaba muriendo	tom se estaba muriendo	tom was dying	train
tom continued speaking	tom siguió hablando	tom siguió hablando	tom continued speaking	train
come here	ven aquí	ven|ven aquí|venga usted acá|venid aquí|¡ ven aquí !	come here|come over|get on in here	train
tom is ridiculous	tom es ridículo	tom es ridículo	tom is ridiculous	train
i speak russian	hablo ruso	hablo ruso	i speak russian	train
he has an apple	tiene una manzana	tiene una manzana	he has an apple	train
i do not sing	yo no canto	yo no canto	i do not sing|i dont sing	train
i want mary back	quiero que vuelva mary	quiero que mary vuelva|quiero que vuelva mary	i want mary back	train
these look good	estas se ven bien	estas se ven bien|estos se ven bien	these look good	train
i missed you	te extrañé	te extrañé	i missed you	train
drinking much is dangerous	es peligroso beber mucho	es peligroso beber mucho	drinking much is dangerous	train
hes hiding something	él está escondiendo algo	está escondiendo algo|él está escondiendo algo	hes hiding something	train
hes reading	él está leyendo	está leyendo|él está leyendo	he is reading|hes reading	train
i dont want kids	no quiero niños	no quiero niños	i dont want kids	train
are you crazy ?	¿ estás loco ?	¿ estás loca ?|¿ estás loco ?	are you crazy ?|are you mad ?	train
never say never	nunca digas nunca	nunca digas nunca	never say never	train
i must write books	debo escribir libros	debo escribir libros	i must write books	train
i need my keys	necesito mis llaves	necesito mis llaves	i need my keys	train
i did nothing	no hice nada	no hice nada	i did nothing|i didnt do anything|ive done nothing	train
it was too long	era demasiado largo	era demasiado largo	it was too long	train
we like mary	nos agrada mary	nos agrada mary	we like mary	train
she forgot us	ella nos ha olvidado	ella nos ha olvidado	she forgot us	train
lets eat here	comamos aquí	comamos aquí	lets eat here	train
what is missing ?	¿ qué falta ?	¿ qué falta ?	what is missing ?	train
is that possible ?	¿ es posible ?	¿ es posible ?	is it possible ?|is that possible ?	train
he needs help	él necesita ayuda	él necesita ayuda	he needs help	train
tom doesnt understand anything	tom no entiende nada	tom no entiende nada	tom doesnt understand anything	train
her english is excellent	su inglés es excelente	su inglés es excelente	her english is excellent	train
i was too small	yo era muy pequeño	yo era demasiado pequeño|yo era muy pequeño	i was too small	train
he wants an apple	él quiere una manzana	él quiere una manzana	he wants an apple	train
we are drinking milk	estamos bebiendo leche	estamos bebiendo leche	we are drinking milk|were drinking milk	train
wait here for me	espera por mí aquí	espera por mí aquí	wait for me here|wait here for me	train
she has a dog	tiene un perro	tiene un perro	he has a dog|she has a dog	train
theyre yours tom	son tuyos tom	son tuyos tom	theyre yours tom	train
open your mouth	abre la boca	abre la boca	open your mouth	train
toms dying	tom se está muriendo	tom se está muriendo	toms dying	train
you know something	usted sabe algo	tú sabes algo|usted sabe algo|ustedes saben algo	you know something	train
been there done that	nada nuevo	nada nuevo	been there done that	train
lets try calling tom	intentemos llamar a tom	intentemos llamar a tom	lets try calling tom	train
i work for you	trabajo para ti	trabajo para ti	i work for you	train
im not a patient	no soy ningún paciente	no soy ningún paciente	im not a patient	train
these books are new	estos libros son nuevos	estos libros son nuevos	these books are new	train
everybody wanted one	todas querían una	todas querían una|todas querían uno|todos querían una|todos querían uno	everybody wanted one	train
i can swim	sé nadar	sé nadar	i can swim	train
tom would do it	tom lo haría	tom lo haría	tom would do it	train
were not family	no somos familia	no somos familia|nosotros no somos familia	were not family	train
many people do this	mucha gente hace eso	mucha gente hace eso|mucha gente lo hace	many people do this	train
do it tomorrow	hágalo mañana	hágalo mañana	do it tomorrow	train
please help me	por favor ayúdeme	ayúdame por favor|por favor ayúdeme	please help me	train
youre very brave	eres muy valiente	eres muy valiente|es usted muy valiente|sois muy valientes|son muy valientes|sos muy valiente|usted es muy valiente	you are very brave|youre very brave	train
tom drinks a lot	tom bebe mucho	tom bebe mucho	tom drinks a lot	train
no one was listening	nadie estaba escuchando	nadie estaba escuchando	no one was listening	train
tom knows nothing	tom no sabe nada	tom no sabe nada	tom doesnt know anything|tom knows nothing	train
is it broken ?	¿ está roto ?	¿ está roto ?	is it broken ?	train
it might snow tonight	podría nevar esta noche	podría nevar esta noche	it might snow tonight	train
your mother loves me	tu madre me quiere	tu madre me quiere	your mother loves me	train
i like your idea	me gusta tu idea	me gusta tu idea	i like your idea	train
im just kidding	es sólo una broma	es sólo una broma	im just kidding	train
now im sad	ahora estoy triste	ahora estoy triste	now im sad	train
you were misled	fuiste engañado	fuiste engañado	you were misled	train
he has brown eyes	él tiene ojos marrones	tiene los ojos marrones|él tiene ojos marrones	he has brown eyes	train
i must see it	yo debo verlo	yo debo verlo	i must see it	train
have a nice time	¡ diviértete !	pásala bien|pásenla bien|¡ diviértete !	enjoy yourself !|have a good time|have a nice time|have fun	train
how expensive !	¡ qué caro !	¡ qué caro !	how expensive !	train
tom wont help you	tom no te ayudará	tom no te ayudará	tom wont help you	train
hes not with me	no está conmigo	no está conmigo	hes not with me	train
i want to explain	lo quiero explicar	lo quiero explicar|quiero explicar	i want to explain	train
my mouth is clean	mi boca está limpia	mi boca está limpia	my mouth is clean	train
all in good time	todo a su tiempo	todo a su tiempo	all in good time	train
youre going with us	tú vas con nosotros	tú vas con nosotros	youre going with us	train
remember you must die	recuerda que debes morir	recuerda que debes morir	remember you must die	train
were learning to swim	estamos aprendiendo a nadar	estamos aprendiendo a nadar	were learning to swim	train
your baby can walk	tu bebé puede caminar	tu bebé puede caminar|vuestro bebé puede caminar	your baby can walk	train
she is my daughter	ella es mi hija	ella es mi hija	she is my daughter	train
the work can wait	el trabajo puede esperar	el trabajo puede esperar	the work can wait	train
i dont have kids	no tengo hijos	no tengo hijos	i dont have children|i dont have kids|i dont have sons	train
dont look back	no mires atrás	no mires atrás	dont look back	train
mary lost her keys	mary perdió las llaves	mary perdió las llaves	mary lost her keys|mary lost the keys	train
were having lunch here	estamos almorzando aquí	estamos almorzando aquí	were having lunch here	train
listen to me	escúchame	escúchame	listen to me	train
i cant watch	yo no puedo ver	yo no puedo ver	i cant watch	train
tom is a canadian	tom es canadiense	tom es canadiense	tom is a canadian|tom is canadian|toms canadian	train
leave tomorrow	vete mañana	sal mañana|vete mañana|váyase mañana	leave tomorrow	train
hurry up please	por favor date prisa	por favor date prisa	hurry up please	train
she cheated on me	ella me engañó	ella me engañó	she cheated on me|she misled me	train
dont call me	no me llames	no me llames	dont call me	train
thats not fair	eso no es justo	eso no es justo	that isnt fair|thats not fair	train
the answer was easy	la respuesta era fácil	la respuesta era fácil	the answer was easy	train
its too old	es demasiado vieja	es demasiado vieja|es demasiado viejo	its too old	train
dont touch anything here	no toques nada aquí	no toques nada aquí	dont touch anything here	train
this tastes good	esto sabe bien	esto está bueno|esto sabe bien	this tastes good	train
im better than him	estoy mejor que él	estoy mejor que él|soy mejor que él	im better than him	train
just open the door	abre la puerta	abre la puerta	just open the door	train
we studied french	estudiamos francés	estudiamos francés	we studied french|we study french	train
im no liar	no soy ningún mentiroso	no soy ningún mentiroso	im no liar	train
she speaks russian	ella habla ruso	ella habla ruso	she can speak russian|she speaks russian	train
may i smoke ?	¿ puedo fumar ?	¿ puedo fumar ?	may i smoke ?	train
i am in trouble	estoy en problemas	estoy en problemas	i am in trouble	train
i lost a friend	perdí un amigo	perdí un amigo	i lost a friend	train
time for bed	es hora de dormir	es hora de dormir	its time for bed|its time to sleep|time for bed	train
stop i say	detente dije	detente dije	stop i say	train
hes very angry	está realmente enfadado	está realmente enfadado	he is very angry|hes really angry|hes very angry	train
weve lost them	los perdimos	los perdimos	weve lost them	train
the boy is thirsty	el niño tiene sed	el niño tiene sed	the boy is thirsty	train
he has no money	él no tiene dinero	él no tiene dinero	he has no money	train
i dont speak arabic	no hablo árabe	no hablo árabe	i dont speak arabic	train
raise your left hand	levanta la mano izquierda	levanta la mano izquierda	raise your left hand	train
i want to believe	quiero creer	quiero creer	i want to believe	train
little money few friends	poco dinero pocos amigos	poco dinero pocos amigos	little money few friends	train
he continued to work	siguió trabajando	siguió trabajando	he continued to work|she kept working	train
i was incredibly bored	estaba increíblemente aburrida	estaba increíblemente aburrida	i was incredibly bored	train
write your address here	escribe tu dirección aquí	escribe tu dirección aquí	write your address here	train
they mean business	ellos quieren decir negocios	ellos quieren decir negocios	they mean business	train
you won ?	¿ ganasteis ?	¿ ganaron ?|¿ ganaron ustedes ?|¿ ganaste ?|¿ ganaste tú ?|¿ ganaste vos ?|¿ ganasteis ?|¿ ganasteis vosotros ?|¿ ganó ?|¿ ganó usted ?|¿ tú ganaste ?|¿ usted ganó ?|¿ ustedes ganaron ?|¿ vos ganaste ?|¿ vosotros ganasteis ?	you won ?	train
i need a car	necesito un coche	necesito un auto|necesito un coche	i need a car	train
sit tight	tú mantente	tú mantente	sit tight	train
i love swimming	me encanta nadar	me encanta nadar	i love swimming	train
yanni isnt there	yanni no estaba ahí	yanni no estaba ahí	yanni isnt there	train
this is ours	esto es nuestro	esto es nuestro	this is ours	train
i also went there	también fui allí	también fui allí	i also went there	train
his mother was right	su madre tenía razón	su madre tenía razón	his mother was right	train
i am pretty sure	estoy muy seguro	estoy muy seguro	i am pretty sure	train
he runs without shoes	corre sin zapatos	corre sin zapatos	he runs without shoes	train
a good question	buena pregunta	buena pregunta	a good question|good question !	train
tom wasnt listening	tom no estaba escuchando	tom no estaba escuchando	tom wasnt listening	train
tom loves me	tom me ama	tom me ama	tom loves me	train
he likes you !	¡ le gustas !	¡ le gustas !	he likes you !|she likes you !	train
i am a woman	soy una mujer	soy una mujer|yo soy una mujer	i am a woman|im a woman	train
we understand this	lo entendemos	entendemos esto|lo entendemos	we understand|we understand that|we understand this	train
here they are !	¡ aquí están !	¡ aquí están !	here they are !	train
lets do it again	hagámoslo de nuevo	hagámoslo de nuevo	lets do it again	train
let us in	déjanos entrar	déjanos entrar	let us in	train
tom dont die	no te mueras tom	no te mueras tom	tom dont die	train
toms fast	tom es rápido	tom es rápido	toms fast	train
tom began to eat	tom empezó a comer	tom empezó a comer	tom began to eat|tom started eating	train
thats a good story	es una buena historia	es una buena historia	its a good story|thats a good story	train
i dont have time	no tengo tiempo	no tengo tiempo	i dont have time|i have no time	train
mary found tom	mary encontró a tom	mary encontró a tom	mary found tom	train
dont open it	no lo abra	no lo abra	dont open it	train
tom looks trapped	tom parece atrapado	tom parece atrapado	tom looks trapped	train
everything happened so fast	todo pasó muy rápido	todo pasó muy rápido	everything happened so fast	train
im curious	tengo curiosidad	tengo curiosidad|yo estoy curioso	i am curious|im curious	train
they love it	les encanta	les encanta	they love it	train
i can sing well	puedo cantar bien	puedo cantar bien	i can sing well	train
i feel old	me siento viejo	me siento viejo	i feel old	train
she called him	ella lo llamó	ella lo llamó	she called him	train
leave immediately !	¡ sal inmediatamente !	¡ sal inmediatamente !|¡ vete inmediatamente !	leave immediately !	train
youre still alive	todavía estás vivo	todavía estás vivo	youre still alive	train
i want that bag	quiero aquella bolsa	quiero aquella bolsa|quiero esa bolsa	i want that bag	train
i feel useless	me siento inútil	me siento inútil	i feel useless	train
tom is short	tom es bajo	tom es bajo	tom is short	train
she cant drive	ella no sabe conducir	ella no puede conducir|ella no sabe conducir	she cant drive	train
tom was fast asleep	tom estaba profundamente dormido	tom estaba profundamente dormido	tom was fast asleep	train
they know nothing	ellos no saben nada	ellos no saben nada|no saben nada	they know nothing	train
she isnt poor	ella no es pobre	ella no es pobre	she isnt poor	train
she worked hard	ella trabajó duro	ella trabajó duro	she worked hard	train
i am not interested	no estoy interesado	no estoy interesado|no me interesa	i am not interested	train
this man is dead	este hombre está muerto	este hombre está muerto	that man is dead|this man is dead	train
i do understand	claro que lo entiendo	claro que lo entiendo|sí que lo comprendo|sí que lo entiendo	i do understand|of course i understand	train
tom seemed nice	tom parecía agradable	tom parecía agradable	tom seemed nice	train
tom is wonderful	tom es maravilloso	tom es maravilloso	tom is wonderful	train
this is just water	esto es solo agua	esto es solo agua	this is just water	train
youre the doctor !	eres el médico	eres el médico	youre the doctor|youre the doctor !	train
fill it please	lleno por favor	lleno por favor	fill it please	train
you did say that	tú dijiste eso	tú dijiste eso	you did say that	train
i have an apple	tengo una manzana	tengo una manzana	i have an apple	train
im not healthy	no estoy sano	no estoy sano	im not healthy	train
she isnt smart	ella no es inteligente	ella no es inteligente|no es inteligente	she isnt smart|shes not smart	train
we studied english	estudiamos el inglés	estudiamos el inglés	we studied english	train
tom fell asleep	tom se cayó dormido	tom se cayó dormido|tom se durmió	tom fell asleep	train
youre too tall	sos demasiado alto	sos demasiado alto	youre too tall	train
i know his secret	yo sé su secreto	yo sé su secreto	i know her secret|i know his secret	train
i want to talk	quiero hablar	quiero hablar	i want to talk	train
i was drunk	estaba borracho	estaba borracho	i was drunk	train
were not ready	no estamos listos	no estamos listos	were not ready	train
let me think !	¡ déjame pensar !	¡ déjame pensar !	let me think !	train
i can see tom	puedo ver a tom	puedo ver a tom	i can see tom	train
goodbye and good luck	adiós y buena suerte	adiós y buena suerte	goodbye and good luck	train
you are absolutely correct	tienes toda la razón	tienes toda la razón	you are absolutely correct|you are absolutely right|you are completely right|youre absolutely correct|youre absolutely right !|youre completely right	train
she was brave	ella era valiente	ella era valiente	she was brave	train
youre my best friend	eres mi mejor amigo	eres mi mejor amigo	youre my best friend	train
it looks good	se ve bien	se ve bien|va bien	it looks good	train
we found him alive	le encontramos con vida	le encontramos con vida	we found him alive	train
i really doubt that	realmente lo dudo	realmente lo dudo	i really doubt it|i really doubt that	train
tom has nothing	tom no tiene nada	tom no tiene nada	tom doesnt have anything|tom has nothing	train
his parents hate him	sus padres lo odian	sus padres lo odian	her parents hate him|his parents hate him	train
we love you	te amamos	os amamos|os queremos|te amamos|te queremos	we love you	train
i have to study	tengo que estudiar	tengo que estudiar	i have to study	train
here is your key	aquí está tu llave	aquí está tu llave	here is your key	train
its our fault	es culpa nuestra	es culpa nuestra	its our fault|this is our fault	train
there is nothing here	aquí no hay nada	aquí no hay nada	there is nothing here|theres nothing here	train
youre a good liar	eres un buen mentiroso	eres un buen mentiroso	youre a good liar	train
its time to sleep	es hora de dormir	es hora de dormir	its time for bed|its time to sleep|time for bed	train
dont ask me anything	no me preguntes nada	no me preguntes nada	dont ask me anything	train
where ?	¿ en dónde ?	¿ dónde ?|¿ en dónde ?	where ?	train
everythings done	se acabó todo	se acabó todo	everything is over|everythings done	train
theyre tired	están cansados	están cansados	theyre tired	train
i like being alone	me gusta estar sola	me gusta estar sola|me gusta estar solo	i like being alone	train
i am a girl	soy una chica	soy una chica	i am a girl	train
well cook	haremos la comida	haremos la comida	well cook	train
write !	¡ escribe !	¡ escribe !	write !	train
i want somebody else	quiero a otro	quiero a otro	i want somebody else	train
take it easy !	¡ relájate !	¡ relájate !	relax !|take it easy !	train
im confused now	ahora estoy confundido	ahora estoy confundido	im confused now	train
i can speak spanish	yo puedo hablar español	yo puedo hablar español	i can speak spanish	train
let me see	a ver	a ver|déjame ver|déjeme ver	let me see|let me see it|lets see	train
they know him	ellos lo conocen	ellos lo conocen	they know him	train
it cant be true	no puede ser cierto	no puede ser cierto|no puede ser verdad	it cannot be true|it cant be true	train
take what you want	toma lo que quieras	toma lo que quieras	take anything you want|take what you want	train
this place is beautiful	este lugar es hermoso	este lugar es hermoso	this place is beautiful	train
he doesnt understand	no entiende	no entiende	he doesnt understand|she doesnt understand|you dont understand	train
nobody is doing anything	nadie está haciendo nada	nadie está haciendo nada	nobody is doing anything	train
i felt very lonely	me sentí muy solo	me sentí muy solo	i felt very lonely	train
tom isnt stupid	tom no es estúpido	tom no es estúpido	tom isnt dumb|tom isnt stupid	train
tom looks happy today	hoy tom parece feliz	hoy tom parece feliz	tom looks happy today	train
she has two children	ella tiene dos hijos	ella tiene dos hijos	she has two children	train
watch and learn	mira y aprende	mira y aprende	watch and learn	train
i see dead people	veo gente muerta	veo gente muerta	i see dead people	train
your family is big	tu familia es grande	tu familia es grande	your family is big	train
i finished it	yo lo terminé	yo lo terminé	i finished it	train
youre not going	tú no vas	tú no vas	youre not going	train
my chinese is terrible	mi chino es terrible	mi chino es terrible	my chinese is terrible	train
i must get in	debo entrar	debo entrar	i must come in|i must get in|i must go in	train
im so bored	estoy tan aburrido	estoy tan aburrido	im so bored	train
its a perfect day	es un día perfecto	es un día perfecto	its a perfect day	train
now its his turn	ahora es su turno	ahora es su turno	now its her turn|now its his turn	train
anybody knows it	cualquiera lo sabe	cualquiera lo sabe|todos saben eso	anybody knows it	train
i can do it	puedo hacerlo	puedo hacerlo	i can do it	train
tom isnt a canadian	tom no es canadiense	tom no es canadiense	tom isnt a canadian|tom isnt canadian	train
ill have dinner	voy a cenar	voy a cenar	ill have dinner	train
its quite possible	es bastante posible	es bastante posible	its quite possible	train
the cat is eating	el gato está comiendo	el gato está comiendo	the cat is eating	train
this book is old	este libro es viejo	este libro es viejo	this book is old	train
i had to lie	tuve que mentir	tuve que mentir	i had to lie	train
im only human	solo soy humano	solo soy humano	im only human	train
it is i	soy yo	soy yo	it is i|its me|its me !|thats me	train
are you in ?	¿ estás dentro ?	¿ estás dentro ?	are you in ?	train
lets go down	vayamos abajo	vayamos abajo	lets go down	train
her eyes are blue	sus ojos son azules	sus ojos son azules	her eyes are blue|his eyes are blue	train
tom is already here	ya está aquí tom	ya está aquí tom	tom is already here|toms already here	train
are you listening ?	¿ estás escuchando ?	¿ estás escuchando ?	are you listening ?|arent you listening ?	train
were having a meeting	estamos en una reunión	estamos en una reunión	were having a meeting	train
we just got here	acabamos de llegar	acabamos de llegar	we just got here|weve just arrived	train
tom knows those rules	tom conoce esas reglas	tom conoce esas reglas	tom knows those rules	train
this is meat	esto es carne	esto es carne	this is meat	train
i wanted red shoes	yo quería zapatos rojos	yo quería zapatos rojos	i wanted red shoes	train
im trying	lo estoy intentando	lo estoy intentando	im trying	train
happy christmas !	¡ feliz navidad !	¡ feliz navidad !	happy christmas !	train
the clock is wrong	el reloj está equivocado	el reloj está equivocado|el reloj funciona mal	the clock is wrong	train
leave it be tom	déjalo estar tom	déjalo estar tom	leave it be tom	train
dont let them in	no los dejes entrar	no los dejes entrar	dont let them in	train
the dog was dead	el perro estaba muerto	el perro estaba muerto	the dog was dead	train
i lost my dog	perdí a mi perro	perdí a mi perro	i lost my dog	train
youve been great	ha estado muy bien	ha estado muy bien	youve been great	train
something is watching me	alguien me está mirando	alguien me está mirando	something is watching me	train
you can trust us	puedes confiar en nosotros	podéis confiar en nosotras|puedes confiar en nosotros	you can trust us	train
they want this	quieren esto	ellos quieren esto|quieren esto	they want this	train
tom is my friend	tom es mi amigo	tom es mi amigo	tom is my friend|toms my friend	train
ill come back	volveré	volveré	ill be back|ill come back	train
she lost everything	ella lo perdió todo	ella lo perdió todo	she lost everything	train
hes her friend	él es su amigo	él es su amigo	he is her friend|he is his friend|hes her friend	train
tony runs every day	tony corre cada día	tony corre cada día	tony runs every day	train
you are completely wrong	estás completamente equivocado	estás completamente equivocado	you are completely wrong	train
eat something	come algo	come algo	eat something|have something to eat	train
its not enough	no es suficiente	no es suficiente	its not enough|this is not enough	train
what about you ?	¿ y tú ?	¿ y tú ?	and you ?|what about you ?	train
theres no hurry	no hay prisa	no hay prisa	theres no hurry	train
you dont have time	no tienes tiempo	no tienes tiempo	you dont have time	train
youre never at home	nunca estás en casa	nunca estás en casa	youre never at home	train
its very simple	es muy simple	es muy simple	its very simple	train
deal ?	¿ de acuerdo ?	¿ de acuerdo ?	deal ?	train
im a little sick	estoy un poco enfermo	estoy un poco enfermo	im a little sick	train
i work with him	trabajo con él	trabajo con él	i work with him	train
she seems tired	parece cansada	parece cansada	she looks tired|she seems tired	train
do it now	hazlo ahora	hazlo ahora|¡ hazlo ya !	do it now	train
tom misled you	tom te engañó	tom te engañó	tom misled you	train
i like your friends	me gustan tus amigos	me gustan tus amigos	i like your friends	train
we were very happy	estábamos muy felices	estábamos muy felices|éramos muy felices	we were very happy	train
sing something please	canta algo por favor	canta algo por favor	sing something please	train
its too late	es muy tarde	es muy tarde	its too late|its very late	train
you are my girlfriend	eres mi novia	eres mi novia|sos mi novia	you are my girlfriend|youre my girlfriend	train
i dont doubt you	no dudo de ti	no dudo de ti	i dont doubt you	train
can you breathe ?	¿ podés respirar ?	¿ podés respirar ?	can you breathe ?	train
i love the idea	me encanta la idea	me encanta la idea	i love the idea	train
im a french teacher	soy profesor de francés	soy profesor de francés|soy profesora de francés	im a french teacher	train
she misled you	ella te engañó	ella te engañó	she misled you	train
make your choice	elige	elige|haz tu elección	choose|make your choice	train
its a good school	es una buena escuela	es una buena escuela	its a good school	train
this dog is mine	este perro es mío	este perro es mío	this dog is mine	train
tom is boring	tom es aburrido	tom es aburrido|tom está aburrido	tom is boring	train
im hurt	estoy herido	estoy herido	im hurt	train
ive heard this before	he oído esto antes	he oído esto antes	ive heard this before	train
he likes a walk	le gusta pasear	le gusta pasear	he likes a walk|he likes taking walks	train
i like your plan	me gusta tu plan	me gusta tu plan	i like your plan	train
no one was watching	nadie estaba mirando	nadie estaba mirando	no one was watching	train
shes still young	todavía es joven	todavía es joven	hes still young|shes still young	train
the books are ours	los libros son nuestros	los libros son nuestros	the books are ours	train
theres another mistake here	hay otro error aquí	hay otro error aquí	theres another mistake here	train
can you dance ?	¿ sabes bailar ?	¿ puedes bailar ?|¿ sabes bailar ?	can you dance ?	train
i know your secret	yo sé tu secreto	yo sé tu secreto	i know your secret	train
i sure am thirsty	tengo bastante sed	tengo bastante sed	i sure am thirsty	train
where am i ?	¿ dónde estoy ?	¿ dónde estoy ?	where am i ?	train
wait a moment	espere un momento	espera un momento|esperad un momento|espere un momento|esperen un momento	wait a moment	train
i cant explain	no puedo explicar	no puedo explicar	i cant explain	train
i continued singing	yo seguí cantando	yo seguí cantando	i continued singing	train
ken has two cats	ken tiene dos gatos	ken tiene dos gatos	ken has two cats	train
tom lost	tom perdió	tom perdió	tom lost	train
my parents hate her	mis padres la odian	mis padres la odian	my parents hate her	train
bear with me	ten paciencia conmigo	sé paciente conmigo|ten paciencia conmigo	bear with me	train
i slept	dormí	dormí	i slept	train
just say no	solo di que no	solo di que no	just say no	train
i saw it too	yo lo vi también	yo lo vi también	i saw it too	train
it turned green	se puso verde	se puso verde	it turned green	train
tom knows the secret	tom conoce el secreto	tom conoce el secreto|tom sabe el secreto	tom knows the secret	train
look for her	busca	busca	look|look for her|look for him|look for it	train
see you in boston	te veré en boston	te veré en boston	see you in boston	train
im a canadian	soy canadiense	soy canadiense	im a canadian|im canadian	train
she has brown shoes	tiene zapatos marrones	tiene zapatos marrones	he has brown shoes|she has brown shoes	train
shes a good student	ella es buena estudiante	ella es buena estudiante	shes a good student	train
time to die	hora de morir	hora de morir	time to die	train
he speaks really well	él habla realmente bien	él habla realmente bien	he speaks really well	train
well do that	haremos eso	haremos eso	well do that	train
i like both	me gustan ambos	me gustan ambos|me gustan los dos	i like both	train
dont be that worried	no te preocupes tanto	no te preocupes tanto	dont be that worried|dont worry so much	train
youll be ok	estarás bien	estarás bien	youll be fine|youll be ok	train
he finally arrived	él llegó al fin	él llegó al fin|él llegó por fin	he finally arrived	train
speak please	hable por favor	habla por favor|hable por favor	speak please	train
were dead	estamos muertos	estamos muertos	were dead	train
i have no wife	no tengo esposa	no tengo esposa	i have no wife	train
this is your house	ésta es su casa	esta es tu casa|ésta es su casa	this is her house|this is his house|this is their house|this is your house	train
toms mad	tom está loco	tom está loco	tom is mad|toms mad	train
i like it	me gusta	me gusta	i like it	train
now i remember	ahora recuerdo	ahora me acuerdo|ahora recuerdo	i remember now|now i remember	train
i can help	yo puedo ayudar	yo puedo ayudar	i can help	train
hi girls	hola chicas	hola chicas	hello girls|hi girls	train
tom walks slowly	tom camina despacio	tom camina despacio|tom camina lentamente	tom walks slowly	train
i could do nothing	no pude hacer nada	no pude hacer nada	i could do nothing	train
he eats	come	come	he eats|she eats	train
theyre friends of ours	ellos son amigos nuestros	ellos son amigos nuestros	theyre friends of ours	train
are you pregnant ?	¿ estás embarazada ?	¿ estás embarazada ?	are you pregnant ?	train
i see a girl	veo una niña	veo una niña	i see a girl	train
i must go now	ahora tengo que irme	ahora tengo que irme|tengo que irme ahora	i must go now|i must leave now	train
i dont like cooking	no me gusta cocinar	no me gusta cocinar	i dont like cooking	train
then its a man	entonces es un hombre	entonces es un hombre	then its a man	train
you have no heart	ustedes no tienen corazón	no tienes corazón|ustedes no tienen corazón	you have no heart	train
ive broken something	he roto algo	he roto algo	ive broken something	train
it was tom	fue tom	fue tom	it was tom	train
help tom out	ayuda a tom	ayuda a tom	help tom|help tom out	train
i said no	he dicho que no	he dicho que no	i said no	train
come here at once	ven aquí ahora mismo	ven aquí ahora mismo	come here at once|come here right now|come here this minute	train
you are very brave	usted es muy valiente	eres muy valiente|es usted muy valiente|sois muy valientes|son muy valientes|sos muy valiente|usted es muy valiente	you are very brave|youre very brave	train
the man is old	el hombre es viejo	el hombre es viejo	the man is old	train
i have to read	tengo que leer	tengo que leer	i have to read	train
this person doesnt exist	esta persona no existe	esta persona no existe	this person doesnt exist	train
this is so boring	esto es tan aburrido	esto es tan aburrido	this is so boring	train
please follow me	vengan conmigo	vengan conmigo	come with me|please follow me	train
im drinking water	estoy bebiendo agua	estoy bebiendo agua	im drinking water	train
leave it there	déjalo ahí	déjalo ahí|déjelo ahí	leave it there	train
you look beautiful	estás guapa	estás guapa	you look beautiful	train
lets talk about australia	hablemos de australia	hablemos de australia	lets talk about australia	train
i have returned	volví	he vuelto|volví	i have returned	train
is he busy ?	¿ está ocupado ?	¿ está ocupado ?	are you busy ?|is he busy ?	train
ive been here before	he estado aquí antes	he estado aquí antes	ive been here before	train
i dream a lot	yo sueño mucho	yo sueño mucho	i dream a lot	train
i dont agree	no estoy de acuerdo	no estoy de acuerdo	i do not agree|i dont agree|no i agree	train
i know i know	ya ya	ya sé ya sé|ya ya	i know i know	train
its a problem	es un problema	es un problema|ese es un problema	its a problem|thats a problem	train
im very angry	estoy muy enojada	estoy muy enojada|estoy muy enojado	im very angry	train
im learning french now	estoy aprendiendo francés ahora	estoy aprendiendo francés ahora	im learning french now	train
im reading	estoy leyendo	estoy leyendo	im reading	train
come see me	venid a verme	ven a verme|venga a verme|vengan a verme|venid a verme	come and see me|come see me	train
not everything is good	no todo es bueno	no todo es bueno	not everything is good	train
i lost my hat	yo perdí mi sombrero	yo perdí mi sombrero	i lost my hat	train
youre always smiling	siempre estás sonriendo	siempre estás sonriendo	youre always smiling	train
youre completely healthy	estás completamente saludable	estás completamente saludable	youre completely healthy	train
its normal	es normal	es normal	its normal	train
tom bought an umbrella	tom compró un paraguas	tom compró un paraguas	tom bought an umbrella	train
this dictionary is expensive	este diccionario es caro	este diccionario es caro	this dictionary is expensive	train
nobody talks like that	nadie habla así	nadie habla así	nobody talks like that	train
maybe tom has problems	quizá tom tenga problemas	quizá tom tenga problemas	maybe tom has problems	train
i liked him	él me gustaba	me gustaba|él me gustaba	i liked him	train
of course i understand	claro que lo entiendo	claro que lo entiendo	i do understand|of course i understand	train
good night mom	buenas noches mamá	buenas noches mamá	good night mom	train
lets play something	vamos a jugar	vamos a jugar	lets play something	train
are you satisfied ?	¿ estáis satisfechos ?	¿ estáis satisfechos ?|¿ estás satisfecho ?	are you satisfied ?	train
come here quickly	ven aquí rápido	ven aquí rápido|venga acá rápido	come here quickly	train
i am death	soy la muerte	soy la muerte	i am death	train
come on up here	ven para acá	ven para acá	come on up here	train
what fun !	¡ qué divertido !	¡ qué divertido !	what fun !	train
im right	tengo razón	tengo razón	i am right|im right	train
there isnt anybody else	no hay nadie más	no hay nadie más	there isnt anybody else	train
weve been away	hemos estado lejos	hemos estado lejos	weve been away	train
much work little money	mucho trabajo poco dinero	mucho trabajo poco dinero	much work little money	train
tom is very famous	tom es muy famoso	tom es muy famoso	tom is very famous	train
make an offer	haz una oferta	haz una oferta	make an offer	train
i have to go	tengo que ir	debo ir|tengo que ir|tengo que irme	i have to go	train
i almost did it	casi lo hago	casi lo hago	i almost did it	train
shes prepared	está preparado	está preparado	hes prepared|shes prepared|youre prepared	train
they loved you	te querían	te querían	they loved you	train
tom abandoned them	tom los abandonó	tom las abandonó|tom los abandonó	tom abandoned them	train
its all dark outside	esta oscuro allá afuera	esta oscuro allá afuera	its all dark outside	train
tom didnt write anything	tom no escribió nada	tom no escribió nada	tom didnt write anything	train
im scared	estoy asustado	estoy asustado	im scared	train
tell me the truth	dime la verdad	dime la verdad	tell me the truth	train
youre a good father	sos un buen padre	sos un buen padre	youre a good father	train
start over	empieza de nuevo	empieza de nuevo	start again|start over	train
that was really fun	eso fue muy divertido	eso fue muy divertido	that was really fun	train
its all over	ya se acabó	ya se acabó	its all over	train
what ?	¿ qué ?	¿ qué ?	what ?	train
love doesnt forgive	el amor no perdona	el amor no perdona	love does not forgive|love doesnt forgive	train
i dont know english	yo no sé inglés	no sé inglés|yo no sé inglés	i dont know english	train
this looks delicious	esto se ve delicioso	esto se ve delicioso	this looks delicious	train
its now or never	es ahora o nunca	es ahora o nunca	its now or never	train
i am full	estoy lleno	estoy lleno	i am full|im full	train
tom is trapped	tom está atrapado	tom está atrapado	tom is trapped|toms trapped	train
your hair is pretty	tu pelo es bonito	tu pelo es bonito	your hair is pretty	train
were listening	estamos escuchando	estamos escuchando	were listening	train
im working on that	trabajo en ello	trabajo en ello	im working on that	train
i know your language	conozco tu lengua	conozco tu lengua	i know your language	train
tell me your name	dime tu nombre	dime tu nombre	tell me your name	train
they may come	quizá vengan	puede que vengan|quizá vengan	they may come	train
lets go up	vamos para arriba	vamos para arriba	lets go up	train
you shouldnt be outside	no deberías estar fuera	no deberías estar fuera	you shouldnt be outside	train
tom changed	tom cambió	tom cambió	tom changed	train
i doubt it	lo dudo	lo dudo	i doubt it	train
it was my turn	era mi turno	era mi hora|era mi turno	it was my turn	train
dont leave us	no nos deje	no nos deje	dont leave us	train
she needs this	ella necesita esto	ella necesita esto	she needs this	train
i forgot her completely	la olvidé completamente	la olvidé completamente	i forgot her completely	train
she made him cry	ella lo hizo llorar	ella lo hizo llorar	she made him cry	train
youre very lucky	tienes mucha suerte	tenéis mucha suerte|tienes mucha suerte	youre very lucky	train
thats right	así es	así es|eso es	thats right	train
he himself went there	él mismo fue allí	él mismo fue allí	he himself went there	train
she sings very well	ella canta muy bien	ella canta muy bien	she sings very well	train
we all work together	trabajamos todos juntos	trabajamos todos juntos	we all work together	train
i am not eating	no estoy comiendo	no estoy comiendo	i am not eating	train
my japanese is terrible	mi japonés es terrible	mi japonés es terrible	my japanese is terrible	train
i made breakfast	hice el desayuno	hice el desayuno	i made breakfast	train
ive never been there	nunca estuve ahí	nunca estuve ahí	ive never been there	train
my heart hurts	me duele el corazón	me duele el corazón	my heart hurts	train
you look good	estás bien	estás bien|te ves bien	you are good|you look good	train
it doesnt seem right	no parece correcto	no parece correcto	it doesnt seem right	train
ok no big deal	vale no pasa nada	vale no pasa nada	ok no big deal	train
youre a good doctor	eres un buen médico	eres un buen médico	youre a good doctor	train
tom wanted to cry	tom quería llorar	tom quería llorar	tom wanted to cry	train
lets try another one	probemos otro	probemos otro	lets try another one	train
they live in peace	ellos viven en paz	ellos viven en paz	they live in peace	train
tom looks old	tom se ve viejo	tom se ve viejo	tom looks old	train
the water was blue	el agua era azul	el agua era azul	the water was blue	train
its not my job	no es mi trabajo	no es mi trabajo	its not my job	train
i liked tom	amaba a tom	amaba a tom	i liked tom	train
i was listening	estaba escuchando	estaba escuchando	i was listening	train
no one asked you	nadie te preguntó	nadie te preguntó	no one asked you	train
tom shut his eyes	tom cerró sus ojos	tom cerró los ojos|tom cerró sus ojos	tom closed his eyes|tom shut his eyes	train
i cant change this	no puedo cambiar esto	no puedo cambiar esto	i cant change this	train
its christmas	es navidad	es navidad	its christmas	train
this car is mine	este carro es mío	este carro es mío	this car is mine	train
were right	tenemos razón	tenemos razón	were right	train
id rather live alone	prefiero vivir solo	prefiero vivir solo	id rather live alone	train
ive started learning french	empecé a aprender francés	empecé a aprender francés	ive started learning french	train
yanni is getting married	yanni se casa	yanni se casa	yanni is getting married	train
tom looks worried	tomás parece preocupado	tomás parece preocupado	tom looks worried	train
youre really not stupid	realmente no eres tonto	realmente no eres tonto	youre really not stupid	train
the work is done	el trabajo está hecho	el trabajo está hecho	the work is done	train
tom needs a rest	tom necesita un descanso	tom necesita un descanso	tom needs a rest	train
the car is expensive	el carro es caro	el carro es caro	the car is expensive	train
well be there	ahí estaremos	ahí estaremos	well be there	train
here comes tom	aquí viene tom	aquí viene tom	here comes tom	train
you shouldnt talk here	no deberías hablar aquí	no deberías hablar aquí	you shouldnt talk here	train
tom wants a lawyer	tom quiere un abogado	tom quiere un abogado	tom wants a lawyer	train
hello this is mike	hola soy mike	hola este es mike|hola soy mike	hello im mike|hello this is mike|hey im mike	train
go away im busy	lárgate estoy ocupada	lárgate estoy ocupada	go away im busy	train
are they big ?	¿ son grandes ?	¿ son grandes ?	are they big ?	train
your phone is ringing	tu teléfono está sonando	tu teléfono está sonando	your phone is ringing	train
i feel better	me siento mejor	me siento mejor	i feel better	train
lets go	¡ órale !	¡ órale !	all right|come on|come on !|cool !|go away|go away !|great !|lets go|lets go !|ok|okay|sweet !|understood	train
youre cute	eres hermoso	eres hermoso|son hermosas|sos hermosa	youre cute	train
tom eats too fast	tom come muy rápido	tom come muy rápido	tom eats too fast	train
you have until monday	tienes hasta el lunes	tienes hasta el lunes	you have until monday	train
right ?	¿ cierto ?	¿ cierto ?	right ?	train
dinner smells delicious	la cena huele delicioso	la cena huele delicioso	dinner smells delicious	train
its monday today	hoy es lunes	es lunes hoy|hoy es lunes	it is monday today|its monday today|today is monday|today its monday	train
tom doesnt work here	tom no trabaja aquí	tom no trabaja aquí	tom doesnt work here	train
tom knew everything	tom lo sabía todo	tom lo sabía todo	tom knew everything	train
the fish smells bad	el pez huele mal	el pez huele mal	the fish smells bad	train
im angry	estoy enojada	estoy enojada|estoy enojado	im angry	train
she is a teacher	ella es profesora	ella es profesora|es profesora	she is a teacher	train
im rather busy	estoy bastante ocupado	estoy bastante ocupado	im rather busy	train
i am handsome ?	¿ estoy guapo ?	¿ estoy guapo ?	am i handsome ?|i am handsome ?	train
he abandoned me	él me abandonó	él me abandonó	he abandoned me	train
i love soup	me encanta la sopa	me encanta la sopa	i love soup	train
i can hardly swim	apenas puedo nadar	apenas puedo nadar	i can hardly swim	train
did that work ?	¿ funcionó ?	¿ funcionó ?	did that work ?	train
tom has a car	tom tiene un coche	tom tiene un auto|tom tiene un coche	tom has a car	train
tom ate nothing	tom no comió nada	tom no comió nada	tom ate nothing|tom didnt eat anything	train
all right	¡ órale !	¡ órale !	all right|come on|come on !|cool !|go away|go away !|great !|lets go|lets go !|ok|okay|sweet !|understood	train
tom was sad	tom estaba triste	tom estaba triste	tom was sad	train
they like fruit	les gusta la fruta	les gusta la fruta	they like fruit	train
were fine	estamos bien	estamos bien	were fine|were ok	train
he has two sisters	él tiene dos hermanas	él tiene dos hermanas	he has two sisters	train
tom can cook	tom puede cocinar	tom puede cocinar	tom can cook	train
i watched tv yesterday	ayer vi la tele	ayer vi la tele	i watched tv yesterday	train
he isnt married	él no está casado	él no está casado	he is not married|he isnt married|hes not married	train
that is beautiful	eso es hermoso	eso es hermoso	that is beautiful|thats beautiful	train
tom cant sing	tom no sabe cantar	tom no sabe cantar	tom cant sing	train
we cant wait	no podemos esperar	no podemos esperar	we cant wait	train
were all dying	nos estamos muriendo	nos estamos muriendo|nos estamos muriendo todos	were all dying	train
its very cold	hace mucho frío	hace mucho frío	its really cold|its very cold	train
that would be difficult	eso sería difícil	eso sería difícil	that would be difficult	train
im going swimming	yo voy a nadar	voy a nadar|yo voy a nadar	im going swimming	train
say please	di por favor	di por favor	say please	train
tom wrote this book	tom escribió este libro	tom escribió este libro	tom wrote this book	train
tom abandoned that idea	tom abandonó esa idea	tom abandonó esa idea	tom abandoned that idea	train
the answer is yes	la respuesta es sí	la respuesta es sí	the answer is yes	train
this is my bicycle	esta es mi bicicleta	es mi bicicleta|esta es mi bicicleta	this is my bicycle	train
dont keep me waiting	no me dejes esperando	no me dejes esperando	dont keep me waiting	train
someone told me that	alguien me lo dijo	alguien me lo dijo	someone told me that	train
weve won !	¡ hemos ganado !	¡ hemos ganado !	weve won !	train
just take my hand	dame la mano	dame la mano	give me your hand|just take my hand	train
i love tatoeba	me encanta tatoeba	me encanta tatoeba	i love tatoeba	train
i love cheese	yo amo el queso	yo amo el queso	i love cheese	train
she looked around	ella miró alrededor	ella miró alrededor	she looked around	train
he made me smile	me hizo sonreír	me hizo sonreír	he made me smile|it made me smile|she made me smile	train
he talks too much	él habla demasiado	él habla demasiado	he talks too much	train
get the book	trae el libro	trae el libro	get the book	train
we were very tired	estábamos muy cansados	estábamos muy cansados	we were very tired	train
the water is clean	el agua está limpia	el agua está limpia	the water is clean	train
you like apples	te gustan las manzanas	te gustan las manzanas	you like apples	train
of course	por supuesto	por supuesto	of course	train
i like this shirt	me gusta esta camisa	me gusta esta camisa	i like this shirt	train
say it clearly	habla claramente	habla claramente|hable claramente	say it clearly|speak clearly	train
lets start tonight	empecemos esta noche	empecemos esta noche	lets start tonight	train
nobody does that anymore	nadie hace ya eso	nadie hace ya eso	nobody does that anymore	train
sing with us	canta con nosotros	canta con nosotros	sing with us	train
you arent invited	no estás invitado	no estás invitado	you arent invited	train
im going out	voy a salir	voy a salir	im going out	train
toms lying	tom está mintiendo	tom está mintiendo	tom is lying|toms lying	train
im very shy	soy muy tímido	soy muy tímido	im very shy	train
he knew too much	él sabía demasiado	él sabía demasiado	he knew too much	train
i like your dogs	me gustan tus perros	me gustan tus perros	i like your dogs	train
let me think	déjame pensar	dejame pensar|déjame pensar	let me think	train
enough already !	¡ ya basta !	¡ ya basta !	enough already !	train
its too cold	hace demasiado frío	está demasiado frío|hace demasiado frío	its too cold	train
the train is late	el tren llega tarde	el tren llega tarde	the train is late	train
were working together	estamos trabajando juntos	estamos trabajando juntos	were working together	train
there he is !	¡ allá está !	¡ allá está !	there he is !|there it is !	train
it looks fine	se ve correcto	parece correcto|se ve correcto	it looks fine	train
go wash up !	¡ lávate !	¡ lávate !	go wash up !	train
youre big	eres grande	eres grande|estás grande	youre big	train
dont move !	¡ quedate ahí !	¡ quedate ahí !	dont move !|stay here !	train
she isnt there	no está ahí	no está ahí	he is not there|she is not there|she isnt there	train
i have a girlfriend	tengo una novia	tengo una novia	i have a girlfriend	train
come with us	venid con nosotros	ven con nosotras|venga con nosotros|venid con nosotros	come along with us|come with us	train
life is sweet	la vida es dulce	la vida es dulce	life is sweet	train
i hate cold soup	odio la sopa fría	odio la sopa fría	i hate cold soup	train
you should not sleep	no deberías dormir	no deberías dormir	you should not sleep	train
shes at home	ella está en casa	ella está en casa	she is at home|shes at home	train
i want to drive	quiero conducir	quiero conducir	i want to drive	train
are you happy ?	¿ contento ?	¿ contento ?|¿ eres feliz ?|¿ estás contento ?|¿ estás feliz ?|¿ sos feliz ?	are you happy ?	train
try it once again	inténtalo otra vez	hazlo otra vez|inténtalo otra vez	try again|try it once again	train
i love cats	amo a los gatos	amo a los gatos	i love cats	train
tom works with mary	tom trabaja con mary	tom trabaja con mary	tom works with mary	train
are you tired ?	¿ estás cansado ?	¿ estás cansada ?|¿ estás cansado ?	are you tired ?	train
i cant make it	no puedo hacerlo	no puedo hacerlo	i cant do it|i cant make it	train
anything will do	cualquier cosa vale	cualquier cosa vale	anything will do	train
tom is missing	falta tomás	falta tomás	tom is missing	train
he walked home	él caminó a casa	él caminó a casa	he walked home	train
my parents are dead	mis padres están muertos	mis padres están muertos	my parents are dead	train
they want more money	ellos quieren más dinero	ellas quieren más dinero|ellos quieren más dinero|quieren más dinero	they want more money	train
youre a father now	eres padre ahora	eres padre ahora	youre a father now	train
ive done my homework	he hecho mis deberes	he hecho mis deberes	ive done my homework	train
nobody gave me that	nadie me dio eso	nadie me dio eso	nobody gave me that	train
this is love	esto es amor	esto es amor	this is love	train
im bored too	estoy aburrido también	estoy aburrido también	im bored too	train
i cant come now	ahora no puedo ir	ahora no puedo ir	i cant come now	train
get me my glasses	tráeme mis lentes	tráeme mis lentes	get me my glasses	train
i hate my parents	odio a mis padres	odio a mis padres	i hate my parents	train
hi tom	hola tom	hola tom|¡ hola tom !	hello tom|hi tom	train
this fish smells bad	este pescado huele mal	este pescado huele mal	this fish smells bad	train
im thinking about that	estoy pensando en eso	estoy pensando en ello|estoy pensando en eso	im thinking about that	train
love is blind	el amor es ciego	el amor es ciego	love is blind	train
dont come	no venga usted	no venga usted	dont come	train
she is kind	ella es amable	ella es amable	she is kind	train
tom ate something	tom comió algo	tom comió algo	tom ate something	train
he arrived rather late	llegó más bien tarde	llegó más bien tarde	he arrived rather late	train
i like his music	me gusta su música	me gusta su música	i like his music	train
tom was hurt	tom fue herido	tom fue herido	tom was hurt	train
theyre lying	están mintiendo	están mintiendo	theyre lying	train
those are my shoes	esos son mis zapatos	esos son mis zapatos	those are my shoes	train
we cant stop now	no podemos parar ahora	no podemos parar ahora	we cant stop now	train
i am too short	yo soy demasiado bajo	soy demasiado bajo|soy demasiado pequeño|yo soy demasiado bajo	i am too short	train
dont move	no te muevas	no te muevas	be still|dont move|stay put|stay right there|stay still|stop moving	train
mary has big eyes	maría tiene ojos grandes	maría tiene ojos grandes	mary has big eyes	train
tom doesnt have tea	tom no tiene té	tom no tiene té	tom doesnt have tea	train
i can hardly see	apenas puedo ver	apenas puedo ver	i can hardly see	train
they did it	lo hicieron ellos	ellos lo hicieron|lo hicieron|lo hicieron ellos	they did it	train
so ?	¿ entonces ?	¿ entonces ?	so ?	train
that is her house	esa es su casa	esa es su casa	that is her house|thats his house	train
im excited	estoy emocionado	estoy emocionada|estoy emocionado	im excited	train
are you here ?	¿ estáis aquí ?	¿ estáis aquí ?|¿ estás aquí ?	are you here ?	train
he knows mary	él conoce a mary	conoce a mary|él conoce a mary	he knows mary	train
oh its raining	oh está lloviendo	oh está lloviendo	oh its raining	train
tom is my lawyer	tom es mi abogado	tom es mi abogado	tom is my lawyer	train
we have homework	tenemos tarea	tenemos tarea	we have homework	train
hes completely crazy	está completamente loco	está completamente loco|él está completamente loco	hes completely crazy	train
tell him were busy	dile que estamos ocupados	dile que estamos ocupados	tell her were busy|tell him were busy	train
youre really wonderful	eres realmente maravillosa	eres realmente maravillosa|eres realmente maravilloso	youre really wonderful	train
hey wait for me	hey espera por mí	hey espera por mí	hey wait for me	train
im now learning french	ahora estoy estudiando francés	ahora estoy estudiando francés	im now learning french	train
these things arent needed	no necesitamos estas cosas	no necesitamos estas cosas	these things arent needed	train
has she come ?	¿ ha venido ?	¿ ha venido ?	has he come ?|has she come ?	train
my wife is cooking	mi mujer está cocinando	mi mujer está cocinando	my wife is cooking	train
you missed a lot	te perdiste mucho	te perdiste mucho	you missed a lot	train
someone left	alguien se fue	alguien se fue	someone left	train
i cant see well	no veo bien	no veo bien	i cant see well	train
wait a second here	espera aquí un segundo	espera aquí un segundo	wait a second here	train
its not real	no es real	no es real	it isnt real|its not real	train
im quite tired	estoy bastante cansado	estoy bastante cansado	im pretty tired|im quite tired	train
i never said that	nunca dije eso	nunca dije eso	i never said that	train
im ok	estoy bien	estoy bien	i am good|i am okay|i am well|im cool|im doing fine|im doing okay|im doing well|im fine|im ok|im okay|im well	train
i love your daughter	quiero a su hija	quiero a su hija	i love her daughter|i love his daughter|i love your daughter	train
tom is still waiting	tom todavía está esperando	tom todavía está esperando	tom is still waiting	train
tom needs time	tom necesita tiempo	tom necesita tiempo	tom needs time	train
i hate christmas	odio la navidad	odio la navidad	i hate christmas	train
he has no girlfriend	él no tiene novia	él no tiene novia	he has no girlfriend	train
i made coffee	hice café	hice café	i made coffee	train
close !	¡ cierra !	¡ cierra !	close !	train
we are from france	somos de francia	somos de francia	we are from france	train
thats pretty old	eso está algo viejo	eso es algo viejo|eso está algo viejo	thats pretty old	train
that smells nice	eso huele bien	eso huele bien	that smells nice	train
i read a lot	yo leo mucho	leo mucho|yo leo mucho	i read a lot	train
ive got time	tengo tiempo	tengo tiempo	i have time|ive got time	train
she hates rules	ella odia las reglas	ella odia las reglas	she hates rules	train
i feel stupid	yo me siento estúpido	yo me siento estúpido	i feel stupid	train
i hate my job	odio mi trabajo	odio mi trabajo	i hate my job	train
wait your turn	espera tu turno	espera tu turno	wait your turn	train
i was very tired	estaba muy cansada	estaba muy cansada	i was very tired	train
this book is yours	este libro es tuyo	este libro es tuyo	this book is yours	train
there isnt much time	no hay mucho tiempo	no hay mucho tiempo	there isnt much time	train
dont ask	no preguntes	no preguntes	dont ask	train
youre an interesting girl	eres una chica interesante	eres una chica interesante	youre an interesting girl	train
my father is here	mi padre está aquí	mi padre está aquí	my father is here	train
yanni doesnt have kids	yanni no tiene hijos	yanni no tiene hijos	yanni doesnt have kids	train
i cant die here	no puedo morir aquí	no puedo morir aquí	i cant die here	train
we understand that	lo entendemos	lo entendemos	we understand|we understand that|we understand this	train
i hate my family	odio a mi familia	odio a mi familia	i hate my family	train
im already done	ya estoy listo	ya estoy listo|ya he terminado	im already done|im already ready	train
open your eyes now	ahora abre los ojos	ahora abre los ojos	open your eyes now	train
there he is	ahí está	ahí está	there he is|there it is	train
make it right now	hazlo ya mismo	hazlo ya mismo	do it right now|make it right now	train
im feeling nervous	estoy nervioso	estoy nervioso	im feeling nervous|im nervous	train
she might come back	quizá vuelva	quizá vuelva	he may come back|he may return|he might come back|he might return|it may come back|it may return|it might come back|it might return|she may come back|she may return|she might come back|she might return|you may come back|you may return|you might come back|you might return	train
i was tired	estaba cansado	estaba cansado	i was tired	train
you cant eat here	no puedes comer aquí	no puedes comer aquí	you cant eat here	train
please shut up	cállate por favor	cállate por favor	please shut up	train
once a day	una vez al día	una vez al día	once a day	train
tom likes me	le gusto a tom	le gusto a tom|tom me quiere	tom likes me	train
i was alone studying	estaba sola estudiando	estaba sola estudiando	i was alone studying	train
it was so simple	era tan simple	era tan simple	it was so simple	train
im cold and wet	estoy frío y mojado	estoy frío y mojado	im cold and wet	train
he is canadian	es canadiense	es canadiense	he is canadian|hes canadian|she is canadian|shes canadian	train
let me go alone	déjame ir solo	déjame ir solo	let me go alone	train
someone loves us	alguien nos quiere	alguien nos quiere	someone loves us	train
call back	vuelva a llamar	vuelva a llamar	call back	train
the man was young	el hombre era joven	el hombre era joven	the man was young	train
tom has been fired	tom fue despedido	tom fue despedido	tom has been fired|tom was fired	train
im eating dinner now	estoy cenando ahora	estoy cenando ahora	i have dinner now|im eating dinner now|im having dinner now	train
god is dead	dios ha muerto	dios ha muerto	god is dead	train
i should sue tom	debería demandar a tom	debería demandar a tom	i should sue tom	train
hello i said	buenos días dije	buenos días dije	hello i said	train
i was last	era el último	era el último|fui el último	i was last	train
that was the idea	esa era la idea	esa era la idea	that was the idea	train
we must run	tenemos que correr	tenemos que correr	we must run	train
the house is beautiful	la casa es preciosa	la casa es preciosa	the house is beautiful	train
he wants to come	quiere venir	quiere venir	he wants to come	train
be still	no te muevas	no te muevas	be still|dont move|stay put|stay right there|stay still|stop moving	train
i come from there	vengo de allí	vengo de allí	i come from there	train
the book is old	el libro es viejo	el libro es viejo	the book is old	train
thats true as well	también es verdad	eso es verdad también|eso también es cierto|también es verdad	thats true as well|thats true too	train
this hat is yours	este sombrero es tuyo	este sombrero es tuyo	this hat is yours	train
yes he is angry	sí él está enojado	sí él está enojado	yes he is angry	train
its your turn next	después viene su turno	después viene su turno|después viene tu turno	its your turn next	train
where are we ?	¿ dónde estamos ?	¿ dónde estamos ?	where are we ?	train
that was close	estuvo cerca	estuvo cerca	that was close	train
tom lies	tomás miente	tomás miente	tom lies	train
youre hiding something	estás ocultando algo	estás ocultando algo	youre hiding something	train
i am still alone	todavía estoy sola	todavía estoy sola	i am still alone	train
nobody told us anything	nadie nos dijo nada	nadie nos dijo nada	nobody told us anything	train
remember youre pregnant	recuerda que estás embarazada	recuerda que estás embarazada	remember youre pregnant	train
i know things	yo sé cosas	yo sé cosas	i know things	train
i saw it first	yo lo vi primero	yo lo vi primero	i saw him first|i saw it first	train
he hated school	odiaba la escuela	odiaba la escuela	he hated school	train
go to sleep tom	vete a dormir tom	vete a dormir tom	go to sleep tom	train
youll be fine now	ahora estarás bien	ahora estarás bien	youll be fine now	train
tom is my father	tom es mi padre	tom es mi padre	tom is my father	train
that isnt enough	eso no es suficiente	eso no es suficiente	that isnt enough|thats not enough|this is not enough	train
its all my fault	todo es culpa mía	todo es culpa mía	its all my fault	train
is that sweet ?	¿ es dulce ?	¿ es dulce ?	is that sweet ?	train
tom cried	tom lloró	tom lloró	tom cried	train
long live mary !	¡ viva mary !	¡ viva mary !	long live mary !	train
tom is dead	tom está muerto	tom está muerto|tom ha muerto	tom is dead	train
they arent mine	no son míos	no son míos	they arent mine|theyre not mine	train
im important	soy importante	soy importante|yo soy importante	im important	train
she studies hard	ella estudia duro	ella estudia duro	she studies hard	train
that sounds really interesting	eso suena interesante	eso suena interesante|eso suena realmente interesante	that sounds interesting|that sounds really interesting|this sounds interesting	train
well lets go	pues vámonos	pues vámonos	well lets go	train
weve had enough	hemos tenido suficiente	hemos tenido suficiente	we have had enough|weve had enough	train
its very cold here	hace mucho frío aquí	hace mucho frío aquí	its very cold here	train
hes studying now	ahora está estudiando	ahora está estudiando|él está estudiando	hes now studying|hes studying now	train
youre very patient	eres paciente	eres paciente|sos muy paciente	youre patient|youre very patient	train
i saw you cooking	te vi cocinar	le he visto cocinar|te vi cocinar	i saw you cooking	train
he saw it too	él también lo vio	él también lo vio	he also saw it|he saw it too	train
i am sick	estoy enferma	estoy enferma|estoy enfermo	i am sick|im sick	train
maybe tom saw something	quizás tom vio algo	quizás tom vio algo	maybe tom saw something	train
thats whats funny	eso es lo divertido	eso es lo divertido	thats whats funny	train
that is correct	eso es correcto	eso es correcto	that is correct|thats correct	train
anything will help	cualquier cosa ayudará	cualquier cosa ayudará	anything will help	train
the house smells good	la casa huele bien	la casa huele bien	the house smells good	train
you came in late	has venido tarde	has venido tarde	you came in late	train
he lost the key	perdió la llave	perdió la llave	he lost the key	train
that sounds stupid	suena bastante estúpido	suena bastante estúpido|suena ridículo	that sounds pretty stupid|that sounds stupid	train
wait for him	espera por él	espera por él	wait for him	train
watch yourself	ten cuidado	ten cuidado	watch yourself	train
ive done nothing	no hice nada	no he hecho nada|no hice nada	i did nothing|i didnt do anything|ive done nothing	train
we live together	vivimos juntos	vivimos juntos	we live together	train
they are well off	son ricos	son ricos	they are well off	train
he will come soon	él vendrá pronto	él vendrá pronto	he will come soon	train
will she come ?	¿ ella vendrá ?	¿ ella vendrá ?|¿ vendrá ella ?	will she come ?	train
he likes me	le gusto	le gusto|él me quiere	he likes me	train
did you win ?	¿ ganaste ?	¿ ganaste ?	did you win ?|you won ?	train
i study spanish	yo estudio español	yo estudio español	i study spanish	train
she bit him	ella lo mordió	ella lo mordió	she bit him	train
i read the book	me leí el libro	leo el libro|me leí el libro	i read the book	train
the boy drinks milk	el niño bebe leche	el niño bebe leche	the boy drinks milk	train
theyll understand	van a entender	van a entender	they will understand|theyll understand	train
im from japan	soy de japón	soy de japón	im from japan	train
tom understood the rules	tom entendió las normas	tom entendió las normas	tom understood the rules	train
mary cheated on tom	mary engañó a tom	mary engañó a tom	mary cheated on tom	train
you are my daughter	eres mi hija	eres mi hija	you are my daughter|youre my daughter	train
i never drink	no bebo nunca	no bebo nunca|yo nunca tomo	i never drink	train
leave my things alone	deja mis cosas	deja mis cosas	leave my things alone	train
ok listen up	vale escucha	vale escucha	ok listen up	train
they did win	ellos sí ganaron	ellos sí ganaron	they did win	train
we arent young	no somos jóvenes	no somos jóvenes	we are not young|we arent young	train
please have a drink	por favor tómate algo	por favor tómate algo	please have a drink	train
i really should leave	realmente debería salir	realmente debería partir|realmente debería salir	i really should leave	train
he must not live	él no debe vivir	él no debe vivir	he must not live	train
i want many things	quiero muchas cosas	quiero muchas cosas	i want a lot|i want many things	train
tom is weak	tom está débil	tom está débil	tom is weak	train
tom is really worried	tom está realmente preocupado	tom está realmente preocupado	tom is really worried	train
i have my book	tengo mi libro	tengo mi libro	i have my book	train
that was bad	eso fue malo	eso fue malo	that was bad	train
tom knows many things	tom sabe muchas cosas	tom sabe muchas cosas	tom knows many things	train
you have seven children	tienes siete hijos	tienes siete hijos	you have seven children|you have seven kids|you have seven sons	train
i must go in	debo entrar	debo entrar	i must come in|i must get in|i must go in	train
it isnt fair	no es justo	no es justo	it isnt fair	train
its too big	es demasiado grande	es demasiado grande	its too big	train
there are some problems	hay algunos problemas	hay algunos problemas	there are some problems	train
she has ten children	ella tiene diez hijos	ella tiene diez hijos	she has ten children	train
it was pretty funny	fue bastante divertido	fue bastante divertido	it was pretty funny	train
they missed the bus	perdieron el autobús	perdieron el autobús	they missed the bus	train
he made her cry	él la hizo llorar	le hizo llorar|él la hizo llorar	he made her cry	train
please calm down	por favor cálmate	cálmate por favor|por favor cálmate	please calm down|please relax	train
give me the gun	dame el arma	dame el arma	give me the gun	train
i feel much better	me siento mucho mejor	me siento mucho mejor	i feel much better	train
i drink	yo bebo	yo bebo	i drink	train
yanni loves you too	yanni también te ama	yanni también te ama	yanni loves you too	train
i cant stop	no puedo parar	no puedo parar	i cant stop	train
hes a lawyer	es abogado	es abogado|él es abogado	hes a lawyer	train
its terrible	es terrible	es terrible	its terrible	train
he speaks japanese well	él habla bien japonés	él habla bien japonés	he speaks japanese well	train
tom wants to change	tom quiere cambiar	tom quiere cambiar	tom wants to change	train
tom killed mary	tom mató a mary	tom mató a mary|tomás mató a maría	tom killed mary	train
can i cry ?	¿ puedo llorar ?	¿ puedo llorar ?	can i cry ?	train
you should stay	deberían quedarse	deberían quedarse	they should stay|you should stay	train
tom did have fun	tom la pasó bien	tom la pasó bien	tom did have fun	train
thanks for everything	gracias por todo	gracias por todo	thank you for everything|thanks for everything	train
it finally arrived !	¡ finalmente llegó !	¡ finalmente llegó !	it finally arrived !	train
i need ice	necesito hielo	necesito hielo	i need ice	train
tom could hardly walk	tom apenas podía caminar	tom apenas podía caminar	tom could hardly walk	train
tom is forgetful	tom es olvidadizo	tom es olvidadizo	tom is forgetful	train
i found it	¡ lo encontré !	lo encontré|¡ lo encontré !	i found it|i found it !	train
use this	usa esto	usa esto	use this	train
the car is ready	el auto está listo	el auto está listo	the car is ready	train
i understand you	te entiendo	te entiendo	i get you|i understand you	train
he was fast asleep	él estaba profundamente dormido	él estaba profundamente dormido	he was fast asleep|he was sound asleep	train
i said enough	he dicho suficiente	he dicho suficiente	i said enough|ive said enough	train
im already sick	ya estoy enferma	ya estoy enferma|ya estoy enfermo	im already sick	train
she looks confused	parece confundida	parece confundida	she looks confused	train
i finished the work	terminé el trabajo	terminé el trabajo	i finished the work	train
i felt hungry	tenía hambre	tenía hambre	i felt hungry|i was hungry	train
i have the dictionary	yo tengo el diccionario	yo tengo el diccionario	i have a dictionary|i have the dictionary	train
this ones broken	este está roto	este está roto	this ones broken	train
i wanted your opinion	quería tu opinión	quería tu opinión|quería vuestra opinión	i wanted your opinion	train
he wasnt your brother	no era su hermano	no era su hermano|no era tu hermano	he wasnt your brother	train
you dont like me	no os gusto	no le gusto|no les gusto|no os gusto|no te gusto	you dont like me	train
being married is great	estar casado es estupendo	estar casado es estupendo	being married is great	train
tom seemed angry	tom parecía enojado	tom parecía enojado	tom looked angry|tom looked mad|tom seemed angry|tom seemed mad	train
we need your help	necesitamos su ayuda	necesitamos su ayuda|necesitamos tu ayuda|necesitamos vuestra ayuda	we need your help	train
im still not sure	no estoy segura todavía	no estoy segura todavía	im still not sure	train
use this !	¡ usa esto !	¡ usa esto !	use this !	train
i couldnt stop	no podría parar	no podría parar|no pude parar	i couldnt stop	train
it started to rain	se puso a llover	se puso a llover	it started to rain	train
ill phone you	te llamaré	te llamaré	ill call you|ill phone you	train
he doesnt like fighting	no le gusta pelear	no le gusta pelear	he doesnt like fighting	train
he is good	él es bueno	él es bueno	he is good|hes good	train
i always walk	siempre camino	siempre camino	i always walk	train
welcome to my life	bienvenida a mi vida	bienvenida a mi vida|bienvenido a mi vida	welcome to my life	train
ok no problem	bueno no hay problema	bueno no hay problema	ok no problem	train
your shoes are here	aquí están tus zapatos	aquí están tus zapatos|sus zapatos están aquí|tus zapatos están aquí	your shoes are here	train
it didnt work	no funcionó	no funcionó	it didnt work|it didnt work out	train
were still alive	todavía estamos vivos	todavía estamos vivos	we are still alive|were still alive	train
take my car	coge mi coche	coge mi coche	take my car	train
i didnt eat anything	no comí nada	no comí nada	i didnt eat anything	train
thats his mother	esa es su madre	esa es su madre	thats his mother	train
we love this	nos encanta esto	esto nos encanta|nos encanta esto	we love this	train
weve got them	los tenemos	los tenemos	weve got them	train
they can speak english	ellos pueden hablar inglés	ellos pueden hablar inglés	they can speak english	train
i am learning japanese	estoy aprendiendo japonés	estoy aprendiendo japonés	i am learning japanese	train
she understands you now	ella te entiende ahora	ella te entiende ahora	she understands you now	train
the world is small	el mundo es pequeño	el mundo es pequeño	its a small world|the world is small	train
this never happened	esto nunca pasó	esto nunca pasó	this never happened	train
you need money ?	¿ necesitas dinero ?	¿ necesitas dinero ?	you need money ?	train
have him come	hazlo venir	hazlo venir	have him come	train
no thanks	no gracias	no gracias	no thank you|no thanks	train
its toms turn	le toca a tom	le toca a tom	its toms turn	train
youre a kind person	eres una persona amable	eres una persona amable	youre a kind person	train
i have gone	yo he ido	yo he ido	i have gone	train
i am exhausted	estoy exhausto	estoy exhausto	i am exhausted|im exhausted	train
were not doing anything	no estamos haciendo nada	no estamos haciendo nada	we arent doing anything|were doing nothing|were not doing anything	train
wake tom up	despierta a tom	despierta a tom	wake tom up	train
you cant stop us	no nos puedes parar	no nos puedes parar	you cant stop us	train
tom is a drunk	tom es un borracho	tom es un borracho	tom is a drunk	train
tom is very intelligent	tom es muy inteligente	tom es muy inteligente	tom is very intelligent|tom is very smart	train
the woman is beautiful	la mujer es hermosa	la mujer es hermosa	the woman is beautiful	train
dont eat too much	no comas demasiado	no comas demasiado	dont eat too much	train
were still friends	todavía somos amigos	todavía somos amigos	were still friends	train
its extremely dangerous	es extremadamente peligroso	es extremadamente peligroso	its extremely dangerous	train
drink some tea	bebe algo de té	bebe algo de té	drink some tea	train
is it cold ?	¿ está fría ?	¿ está fría ?|¿ está frío ?	is it cold ?	train
this clock is broken	este reloj está roto	este reloj está roto	this clock is broken|this watch is broken	train
he is depressed	él está deprimido	él está deprimido	he is depressed	train
im here to learn	estoy aquí para aprender	estoy aquí para aprender	im here to learn	train
youre useless	son buenos para nada	son buenos para nada|sos bueno para nada	youre useless	train
im not hiding anything	no estoy ocultando nada	no estoy ocultando nada	im not hiding anything	train
you may go now	ahora puedes irte	ahora puedes irte	you may go now	train
ill need that	lo necesito	lo necesito	i need it|ill need that	train
thats my answer	esa es mi respuesta	esa es mi respuesta	thats my answer	train
i love her daughter	quiero a su hija	quiero a su hija	i love her daughter|i love his daughter|i love your daughter	train
everything is extremely simple	todo es muy simple	todo es muy simple	everything is extremely simple	train
this is too big	esto es demasiado grande	esto es demasiado grande	this is too big	train
i remember the word	recuerdo esa palabra	recuerdo esa palabra	i remember the word	train
i keep a dog	tengo un perro	tengo un perro	i have a dog|i keep a dog	train
tom needs a change	tom necesita un cambio	tom necesita un cambio	tom needs a change	train
just take it slow	hazlo poco a poco	hazlo poco a poco	just take it slow	train
tom seemed mad	tom parecía enojado	tom parecía enojado	tom looked angry|tom looked mad|tom seemed angry|tom seemed mad	train
try not to eat	trata de no comer	trata de no comer	try not to eat	train
welcome back	bienvenido de nuevo	bienvenido de nuevo|bienvenido de vuelta	welcome back	train
you seem baffled	pareces sorprendida	pareces sorprendida|pareces sorprendido	you look baffled|you look surprised|you seem baffled	train
im a little confused	estoy un poco confuso	estoy un poco confuso	im a little confused	train
he is kind	él es amable	él es amable	he is kind	train
let me come over	déjame ir allí	déjame ir allí	let me come over	train
thats really stupid	eso es realmente estúpido	eso es realmente estúpido	thats really stupid	train
you always seem tired	siempre pareces cansado	siempre pareces cansado	you always seem tired	train
remember this !	¡ recuerda esto !	¡ recuerda esto !	remember this !	train
i am eating rice	estoy comiendo arroz	estoy comiendo arroz	i am eating rice	train
he had one daughter	él tenía una hija	él tenía una hija	he had one daughter	train
let me in	déjame entrar	déjame entrar|déjeme entrar	let me back in|let me come in|let me in	train
come to help me	ven a ayudarme	ven a ayudarme	come and help me|come help me|come to help me	train
there is a cat	hay un gato	hay un gato	there is a cat	train
he likes money	le gusta el dinero	le gusta el dinero	he likes money|she likes money	train
it was pretty serious	era bastante serio	era bastante serio	it was pretty serious	train
i cant anymore	ya no puedo más	ya no puedo más	i cant anymore	train
my parents love me	mis padres me quieren	mis padres me quieren	my parents love me	train
thats about it	eso es todo	eso es todo	that is all|thats about it|thats all	train
this is too hard	esto es demasiado duro	esto es demasiado duro	this is too hard	train
its midnight already	ya es medianoche	ya es medianoche	its midnight already	train
she tried	ella lo intentó	ella lo intentó	she tried	train
she is dead	ella está muerta	ella está muerta	she is dead	train
come and see this	entra y mira esto	entra y mira esto|ven y mira esto	come and see this	train
cats sleep a lot	los gatos duermen mucho	los gatos duermen mucho	cats sleep a lot	train
it rained last night	llovió anoche	llovió anoche	it rained last night	train
ive never killed anyone	nunca maté a nadie	nunca maté a nadie	ive never killed anyone	train
they cant dance	no pueden bailar	no pueden bailar	they cant dance	train
he didnt see anybody	no vio a nadie	no vio a nadie	he didnt see anybody	train
i have to eat	yo tengo que comer	yo tengo que comer	i have to eat	train
were you watching ?	¿ estabas mirando ?	¿ estabas mirando ?	were you watching ?	train
you dont know anything	no sabés nada	no sabés nada	you dont know anything	train
mary looks hot	mary está muy buena	mary está muy buena	mary looks hot	train
ill wait	esperaré	esperaré	i will wait|ill wait	train
tom has to stay	tom tiene que quedarse	tom tiene que quedarse	tom has to stay	train
these are mine	éstos son los míos	estos son míos|éstos son los míos|éstos son míos	these are mine	train
i am lazy	soy perezoso	soy perezoso	i am lazy	train
im not that worried	no estoy tan preocupado	no estoy tan preocupado	im not that worried	train
i want snow	quiero nieve	quiero nieve	i want snow	train
thats a fake	ese es falso	ese es falso	thats a fake	train
lets just eat	comamos y ya	comamos y ya	lets just eat	train
its on the table	está sobre la mesa	está en la mesa|está sobre la mesa	its on the table	train
you dont understand	no entiende	no entiende|no lo entiendes	he doesnt understand|she doesnt understand|you dont understand	train
slow down !	¡ despacio !	¡ despacio !	slow down !	train
toms fat	tom está gordo	tom está gordo	tom is fat|toms fat	train
its a secret	es un secreto	es secreto|es un secreto	it is a secret|its a secret	train
here it comes !	¡ aquí viene !	¡ aquí viene !	here it comes !	train
well be here tomorrow	mañana estaremos aquí	mañana estaremos aquí	well be here tomorrow	train
i can speak chinese	puedo hablar chino	puedo hablar chino	i can speak chinese	train
its morning	es por la mañana	es por la mañana	its morning	train
tom hates me	tom me odia	tom me odia	tom hates me	train
im so alone	estoy tan solo	estoy tan solo	im so alone	train
you cant leave yet	todavía no puedes irte	todavía no puedes irte	you cant go yet|you cant leave yet	train
do you know ?	¿ sabes ?	¿ sabes ?	do you know ?	train
i guess its true	supongo que es verdad	supongo que es verdad	i guess its true	train
stop that car	para ese coche	para ese coche	stop that car	train
all were happy	todos estaban felices	todos eran felices|todos estaban felices	all were happy|everyone was happy	train
ive already heard enough	ya oí suficiente	ya oí suficiente	ive already heard enough	train
this isnt spanish	esto no es español	esto no es español	this isnt spanish	train
tom didnt run	tom no corrió	tom no corrió	tom didnt run	train
people want to breathe	la gente quiere respirar	la gente quiere respirar	people want to breathe	train
i feel great	me siento estupendo	me siento estupendo|me siento genial	i feel great	train
tom helped us	tom nos ayudó	tom nos ayudó	tom helped us	train
tom talked	tom habló	tom habló	tom spoke|tom talked	train
this is a dictionary	esto es un diccionario	esto es un diccionario	this is a dictionary	train
show me how	muéstrame cómo	muéstrame cómo	show me how	train
shes lucky	ella tiene suerte	ella tiene suerte	shes lucky	train
sometimes i am calm	a veces estoy tranquilo	a veces estoy tranquila|a veces estoy tranquilo	sometimes i am calm	train
they already left	ya se fueron	ya se fueron	they already left	train
they must die	deben morir	deben morir	they must die	train
tom is my patient	tom es mi paciente	tom es mi paciente	tom is my patient	train
i want my mom	quiero a mi mamá	quiero a mi mamá	i love my mom|i want my mom	train
my brother hates me	mi hermano me odia	mi hermano me odia	my brother hates me	train
he was very patient	él era muy paciente	él era muy paciente	he was very patient	train
you shouldnt go	no deberías ir	no deberías ir	you shouldnt go	train
are you well ?	¿ estás bien ?	¿ estás bien ?	are you ok ?|are you okay ?|are you well ?|you all right ?	train
we should help	deberíamos ayudar	deberíamos ayudar	we should help	train
here i am again	acá estoy otra vez	acá estoy otra vez	here i am again	train
tom wouldnt do that	tom no haría eso	tom no haría eso	tom wouldnt do that	train
he teaches us english	él nos enseña inglés	él nos enseña inglés	he teaches us english	train
thats too much	eso es demasiado	eso es demasiado	thats too much	train
swimming is healthy	nadar es saludable	nadar es saludable	swimming is healthy	train
youre free	eres libre	eres libre	youre free	train
this is your doing	esto es cosa tuya	esto es cosa tuya	this is your doing	train
you looked beautiful	estabas hermosa	estabas hermosa	you looked beautiful	train
that sounds fair	suena justo	suena justo	that sounds fair	train
those were happy times	eran tiempos felices	eran tiempos felices	those were happy times	train
tom spoke	tom habló	tom habló	tom spoke|tom talked	train
you dont look well	no tenéis buen aspecto	no tenéis buen aspecto|no tienes buen aspecto	you dont look well	train
the computer doesnt work	el ordenador no funciona	el ordenador no funciona|la computadora no funciona	the computer doesnt work	train
they love us	nos aman	nos aman|nos quieren	they love us	train
mary knows nothing	mary no sabe nada	mary no sabe nada	mary knows nothing	train
he finished breakfast	él terminó su desayuno	él terminó su desayuno	he finished breakfast	train
youre pretty	eres guapa	eres guapa	you are beautiful|youre beautiful|youre pretty	train
tom is smoking	tom está fumando	tom está fumando	tom is smoking	train
she speaks german	habla alemán	habla alemán	she speaks german	train
they were friends	ellos eran amigos	ellos eran amigos	they were friends	train
it seemed so cheap	parecía tan barata	parecía tan barata|parecía tan barato	it seemed so cheap	train
i got lost	me perdí	me perdí	i got lost	train
ill be alone	voy a estar solo	estaré solo|voy a estar solo	ill be alone	train
i dont dream	yo no sueño	yo no sueño	i dont dream	train
im very happy	soy muy feliz	soy muy feliz	im very happy	train
im getting old	me estoy haciendo viejo	me estoy haciendo viejo	im getting old	train
he knows me	me conoce	me conoce	he knows me	train
we can wait	podemos esperar	podemos esperar	we can wait	train
you stay there	quédate ahí	quédate ahí|quédese ahí	stay right there|stay there|you stay there	train
yes i know it	sí lo sé	sí lo sé	yes i know|yes i know it	train
i was ill yesterday	ayer estaba enferma	ayer estaba enferma|ayer estaba enfermo|estuve enfermo ayer	i was ill yesterday|yesterday i was ill	train
its very fun	es muy divertido	es muy divertido	its very fun	train
we like playing	nos gusta jugar	nos gusta jugar	we like playing	train
that apple is big	esta manzana es grande	esta manzana es grande	that apple is big	train
are you hurt ?	¿ estás herido ?	¿ estás herido ?	are you hurt ?	train
true	cierto	cierto	true	train
its too hot	hace mucho calor	está demasiado caliente|hace demasiado calor|hace mucho calor	its too hot	train
they said yes	ellos dijeron que sí	dijeron que sí|ellos dijeron que sí	they said yes	train
he is sick	él está enfermo	él está enfermo	he is ill|he is sick	train
thats my beer	esa es mi cerveza	esa es mi cerveza	thats my beer	train
enough is enough !	¡ basta ya !	¡ basta ya !	enough is enough !	train
i really doubt it	realmente lo dudo	realmente lo dudo	i really doubt it|i really doubt that	train
live and let live	vive y deja vivir	vive y deja vivir	live and let live	train
nobody lives here	nadie vive aquí	aquí no vive nadie|nadie vive aquí	no one lives here|nobody lives here	train
please let me pay	por favor déjame pagar	por favor déjame pagar	please let me pay	train
i must buy one	tengo que comprar uno	tengo que comprar una|tengo que comprar uno	i must buy one	train
we know	lo sabemos	lo sabemos|sabemos	we know|we know that|we know this	train
he looked pleased	parecía satisfecho	parecía satisfecho	he looked pleased	train
im not ready yet	aún no estoy listo	aún no estoy listo	im not ready yet|im still not ready	train
waiting is boring	esperar es aburrido	esperar es aburrido	waiting is boring	train
i cant talk now	ahora no puedo hablar	ahora no puedo hablar|no puedo hablar ahora	i cant talk now	train
the two laughed	las dos se rieron	las dos se rieron|los dos se rieron	the two laughed	train
i take him	lo tomo	lo tomo	i take him|i take it|ill take him|ill take it	train
stay there	quédese allí	quédate ahí|quédese allí	stay there	train
we are his sons	nosotros somos sus hijos	nosotros somos sus hijos	we are his sons	train
you look very tired	te ves muy cansada	pareces estar muy cansado|pareces muy cansada|pareces muy cansado|te ves muy cansada|te ves muy cansado	you look very tired	train
stay close to me	quédate cerca mía	quédate cerca mía	stay close to me	train
ill pay today	pagaré hoy	pagaré hoy	ill pay today	train
she began to sing	ella empezó a cantar	ella empezó a cantar	she began to sing	train
i dont blame them	no los culpo	no los culpo	i dont blame them	train
im done with studying	terminé de estudiar	terminé de estudiar	im done with studying	train
well visit you tomorrow	te visitaremos mañana	nosotras te visitaremos mañana|nosotros te visitaremos mañana|te visitaremos mañana	well visit you tomorrow	train
does that work ?	¿ eso funciona ?	¿ eso funciona ?	does that work ?	train
we both laughed	las dos nos reímos	las dos nos reímos|los dos nos reímos	we both laughed	train
you know english ?	¿ sabes inglés ?	¿ sabes inglés ?|¿ sabés inglés ?	you know english ?	train
i know that	lo sé	lo sé|yo sé eso	i know|i know that	train
john has two sons	john tiene dos hijos	john tiene dos hijos	john has two sons	train
i dont know her	no la conozco	no la conozco	i dont know her	train
im kind of disappointed	estoy algo decepcionado	estoy algo decepcionado	im kind of disappointed	train
tom only drinks coffee	tom solo bebe café	tom solo bebe café|tom solo toma café	tom only drinks coffee	train
stop now please	para ya por favor	para ya por favor	stop now please	train
youre very sweet	eres muy dulce	eres muy dulce	youre sweet|youre very sweet	train
tom is baffled	tom está confundido	tom está confundido	tom is baffled	train
theres a big problem	hay un gran problema	hay un gran problema	theres a big problem	train
you look pleased	pareces contento	pareces contento	you look pleased	train
i know it well	lo sé bien	lo sé bien	i know it well	train
its getting cold	se está poniendo helado	se está poniendo helado	its getting cold	train
theres his friend	ahí está su amigo	ahí está su amigo	theres his friend|theres your friend	train
tom was my teacher	tom fue mi profesor	tom fue mi profesor	tom was my teacher	train
i never eat meat	yo nunca como carne	yo nunca como carne	i never eat meat	train
can i ?	¿ puedo ?	¿ puedo ?	can i ?|may i ?	train
i agree with you	yo estoy de acuerdo	estoy de acuerdo contigo|yo estoy de acuerdo	i agree|i agree with you	train
ill call you back	te vuelvo a llamar	te vuelvo a llamar	ill call you back	train
we want to know	queremos saber	queremos saber	we want to know	train
i took a walk	di una vuelta	di una vuelta	i took a walk	train
i just got here	acabo de llegar aquí	acabo de llegar aquí	i just got here	train
bill wrote the letter	bill escribió la carta	bill escribió la carta	bill wrote the letter	train
but its true	pero si es verdad	pero si es verdad	but its true	train
i need many books	necesito muchos libros	necesito muchos libros	i need many books	train
its not that easy	no es tan fácil	no es tan fácil	its not that easy	train
give me a day	dame un día	dame un día	give me a day	train
i want that cat	quiero ese gato	quiero ese gato	i want that cat	train
please sing	canta por favor	canta por favor	please sing	train
he has a dog	tiene un perro	tiene un perro|él tiene un perro	he has a dog|she has a dog	train
i can speak english	yo puedo hablar inglés	hablo inglés|yo puedo hablar inglés	i can speak english	train
i need my bag	necesito mi bolsa	necesito mi bolsa	i need my bag	train
they love that song	ellas aman esa canción	ellas aman esa canción	they love that song	train
she wants to dance	ella quiere bailar	ella quiere bailar	she wants to dance	train
dont call me anymore	no me llames más	no me llames más	dont call me anymore	train
dont open the window	no abra la ventana	no abra la ventana	dont open the window	train
tom is already married	tom ya está casado	tom ya está casado	tom is already married	train
i loved you	yo os amaba	yo os amaba|yo os quería|yo os quise|yo te amaba|yo te quería|yo te quise	i loved you	train
youve done well	has hecho bien	has hecho bien	youve done good|youve done well	train
too late	muy tarde	demasiado tarde|muy tarde	too late	train
it doesnt sound true	no suena cierto	no suena cierto	it doesnt sound true	train
hes on the train	está en el tren	está en el tren	hes on the train	train
you talk !	¡ puedes hablar !	¡ puedes hablar !	you talk !	train
you eat	ustedes comen	usted come|ustedes comen	you eat	train
tom came with me	tom vino conmigo	tom vino conmigo	tom came with me	train
tom shut the window	tom cerró la ventana	tom cerró la ventana	tom shut the window	train
i come from japan	yo vengo de japón	yo vengo de japón	i come from japan	train
was it interesting ?	¿ era interesante ?	¿ era interesante ?|¿ fue interesante ?	was it interesting ?	train
hey you !	¡ oye tú !	¡ oye tú !	hey you !	train
i gave up	lo dejé	lo dejé	i gave up	train
weve been there before	hemos estado ahí antes	hemos estado ahí antes	weve been there before	train
theyre cold	ellos tienen frío	ellos tienen frío	theyre cold	train
its easy for you	es fácil para ti	es fácil para ti	its easy for you	train
i give up	me rindo	me rindo	i give in|i give up	train
that sounds interesting	eso suena interesante	eso suena interesante	that sounds interesting|that sounds really interesting|this sounds interesting	train
i need to leave	necesito irme	necesito irme	i need to leave	train
i went too	yo también fui	yo también fui	i went too	train
its a stupid idea	es una idea ridícula	es una idea ridícula	its a stupid idea	train
my father is rich	mi padre es rico	mi padre es rico	my father is rich	train
that is mine	eso es mío	eso es mío	that is mine|thats mine	train
nobody ran	nadie corrió	nadie corrió|no corrió nadie	nobody ran	train
hes eating	él está comiendo	está comiendo|él está comiendo	he is eating|hes eating	train
ill be your teacher	seré tu profesor	seré tu profesor	ill be your teacher	train
we all speak english	todos hablamos inglés	todos hablamos inglés	we all speak english	train
he cried and cried	él lloró y lloró	él lloró y lloró	he cried and cried	train
there wasnt anyone there	no había nadie ahí	no había nadie ahí	there was nobody there|there wasnt anyone there	train
i am right	tengo razón	tengo razón	i am right|im right	train
i believe in myself	creo en mí mismo	creo en mí mismo	i believe in myself	train
she has a bicycle	tiene una bicicleta	ella tiene una bicicleta|tiene una bicicleta	she has a bicycle	train
im from france	vengo de francia	soy de francia|vengo de francia	i am from france|im from france	train
i have no car	no tengo coche	no tengo coche	i have no car	train
thats normal	eso es normal	eso es normal	thats normal	train
im learning french	estoy aprendiendo francés	estoy aprendiendo francés	im learning french	train
i love reading books	me encanta leer libros	me encanta leer libros|me gusta leer libros	i love reading books	train
thats okay	eso está correcto	eso está correcto	thats okay	train
youre a man	tú eres un hombre	tú eres un hombre	youre a man	train
theres our bus	ahí está nuestro bus	ahí está nuestro bus	theres our bus	train
i came here yesterday	ayer vine aquí	ayer vine aquí	i came here yesterday	train
that might be true	puede ser cierto	puede ser cierto	it may be true|that might be true	train
its yours	es suyo	es suyo|es tuyo	its his|its yours	train
this isnt fair	esto no es justo	esto no es justo	this is not fair|this isnt fair	train
tom has many friends	tom tiene muchos amigos	tom tiene muchos amigos	tom has many friends	train
i helped them	yo las ayudé	las ayudé|los ayudé|yo las ayudé|yo los ayudé	i helped them	train
youre going ?	¿ te vas ?	¿ te vas ?	are you going ?|youre going ?	train
i saw him naked	le he visto desnudo	le he visto desnudo	i saw him naked	train
i have two cats	tengo dos gatos	tengo dos gatos	i have two cats	train
this must stop	esto debe parar	esto debe parar	this must stop|this needs to stop	train
im big	soy grande	soy grande	im big	train
i cant do it	no puedo hacerlo	no puedo hacerlo	i cant do it|i cant make it	train
you are important	eres importante	eres importante|sos importante	you are important|you matter	train
hello world !	¡ hola mundo !	¡ hola mundo !	hello world !	train
i cant cook	no sé cocinar	no sé cocinar	i cant cook	train
ive got the keys	tengo las llaves	tengo las llaves	ive got the keys	train
who is that ?	¿ quién es ?	¿ quién es ?	who is it ?|who is that ?	train
he came running	él vino corriendo	él vino corriendo	he came running	train
ill sleep here	voy a dormir acá	voy a dormir acá	ill sleep here	train
your door was open	tu puerta estaba abierta	tu puerta estaba abierta	your door was open	train
a little more	un poco más	un poco más	a little more	train
i didnt know anything	no sabía nada	no sabía nada	i didnt know anything	train
shes coming !	¡ ahí viene !	¡ ahí viene !	shes coming !	train
i did just fine	lo hice perfectamente	lo hice perfectamente	i did just fine	train
youll see it	lo verás	la verás|lo verás	youll see it	train
she likes mary	le gusta mary	le gusta mary	he likes mary|she likes mary	train
im reading her books	estoy leyendo sus libros	estoy leyendo sus libros	im reading her books	train
tom isnt nervous	tom no está nervioso	tom no está nervioso	tom isnt nervous	train
he isnt an american	él no es estadounidense	él no es estadounidense	he isnt an american	train
i love his son	amo a su hijo	amo a su hijo	i love his son	train
watch carefully	mirá cuidadosamente	mira cuidadosamente|mirá cuidadosamente	watch carefully	train
tom is old	tom es viejo	tom es viejo	tom is old	train
i live in japan	vivo en japón	vivo en japón	i live in japan	train
toms my friend	tom es mi amigo	tom es mi amigo	tom is my friend|toms my friend	train
he is young	él es joven	él es joven	he is young	train
lets speak french	hablemos francés	hablemos francés	lets speak french	train
it happened one night	sucedió una noche	sucedió una noche	it happened one night	train
she loves tom	ella ama a tom	ella ama a tom|ella quiere a tom	she loves tom	train
im sorry i cant	lo lamento no puedo	lo lamento no puedo	im sorry i cant	train
anything new ?	¿ nada nuevo ?	¿ nada nuevo ?	anything new ?	train
he is very tall	él es muy alto	él es muy alto	he is very tall	train
hes a blue blood	él tiene sangre azul	él tiene sangre azul	hes a blue blood	train
they are mine !	¡ son míos !	¡ son míos !	they are mine !	train
forget him	olvídalo	olvídalo	forget him|forget it|never mind|never mind !	train
its just that easy	es así de fácil	es así de fácil	its just that easy	train
remain seated please	quedate sentado por favor	quedaos sentados por favor|quedate sentado por favor|quédate sentado por favor|quédense sentados por favor|quédese sentado por favor	remain seated please	train
i dont drink wine	no tomo vino	no tomo vino	i dont drink wine	train
i always feel hungry	siempre estoy hambriento	siempre estoy hambriento	i always feel hungry|im always hungry	train
youre clever	eres listo	eres inteligente|eres listo|son inteligentes|son listos|sos inteligente|sos listo	youre clever|youre smart	train
there is nothing done	no hay nada listo	no hay nada listo	there is nothing done	train
take this or that	toma este o ese	toma este o ese	take this or that	train
hell come home soon	volverá a casa pronto	volverá a casa pronto	hell come home soon	train
no one knows	nadie sabe	nadie sabe	no one knows|nobody knows	train
do as you want	haz lo que quieras	haz lo que quieras	do as you like|do as you want|do what you like|do what you want	train
tom went blind	tom se quedó ciego	tom se quedó ciego	tom became blind|tom went blind	train
youre a bad friend	eres un mal amigo	eres un mal amigo	youre a bad friend	train
thats my dog	ese es mi perro	ese es mi perro	that is my dog|thats my dog|this is my dog	train
come on ken	vamos ken	vamos ken	come on ken|lets go ken	train
it is not music	no es música	no es música	it is not music|it isnt music|its not music	train
tom knows mary	tom conoce a mary	tom conoce a mary	tom has met mary|tom knows mary	train
keep on working	sigue trabajando	sigue trabajando	keep on working	train
i do remember that	claro que recuerdo eso	claro que recuerdo eso|realmente recuerdo eso	i do remember that	train
welcome back tom	bienvenido de nuevo tom	bienvenido de nuevo tom|bienvenido de vuelta tom	welcome back tom	train
please speak french	por favor hable francés	por favor hable francés	please speak french	train
is he tall ?	¿ es alto ?	¿ es alto ?	is he tall ?	train
this is ugly	esto está malo	esto es feo|esto está malo	this is ugly	train
im a woman	yo soy una mujer	soy mujer|soy una mujer|yo soy una mujer	i am a woman|im a woman	train
wait here	espera aquí	espera aquí|esperad aquí|esperen aquí	wait here	train
open your mind	abre tu mente	abra su mente|abre tu mente	open up your mind|open your mind	train
i dont understand this	yo no entiendo esto	no comprendo esto|yo no entiendo esto	i dont understand this	train
were going to try	vamos a intentarlo	vamos a intentarlo	were going to try	train
i want to sleep	quiero dormir	quiero dormir	i want to sleep	train
i dont want lunch	no quiero almorzar	no quiero almorzar	i dont want lunch	train
you sound surprised	pareces sorprendido	pareces sorprendido	you look baffled|you look surprised|you seem baffled|you sound surprised	train
my family loved him	mi familia lo amaba	mi familia lo amaba	my family loved him	train
tom can leave	tom puede partir	tom puede partir	tom can leave	train
let him do it	deja que lo haga	deja que lo haga	let him do it|let me do it	train
this is not okay	esto no está bien	esto no está bien	this is not okay	train
im always tired	siempre estoy cansada	siempre estoy cansada|siempre estoy cansado	im always tired	train
tom has three brothers	tom tiene tres hermanos	tom tiene tres hermanos	tom has three brothers	train
he was in france	él estaba en francia	él estaba en francia	he was in france	train
and a lot more	y mucho más	y mucho más	and a lot more	train
i know your mother	conozco a tu madre	conozco a tu madre	i know your mother	train
i do believe you	te creo de verdad	te creo de verdad	i do believe you	train
i love him	lo amo	lo amo|yo lo amo	i love him	train
leave everything	déjalo todo	déjalo todo	leave everything	train
yanni needs to try	yanni necesita intentarlo	yanni necesita intentarlo	yanni needs to try	train
she fell asleep	ella se durmió	ella se durmió	she fell asleep	train
come to us	ven a nosotros	ven a nosotros|venid a nosotros	come to us	train
he has money	él tiene dinero	él tiene dinero	he has money	train
tom will go	tom irá	tom irá	tom will go	train
dont touch anything	no toques nada	no toques nada	dont touch anything	train
im not nervous	no estoy nervioso	no estoy nervioso	im not nervous	train
im not very smart	no soy muy listo	no soy muy listo	im not very smart	train
i am an american	soy estadounidense	soy estadounidense	i am american|i am an american	train
what a beauty !	¡ que belleza !	¡ que belleza !	what a beauty !	train
weve got trouble	tenemos un problema	tenemos un problema	weve got a problem|weve got trouble	train
they dont eat meat	ellos no comen carne	ellos no comen carne	they dont eat meat	train
he lives here alone	vive aquí solo	vive aquí solo	he lives here alone	train
the door wont open	la puerta no abre	la puerta no abre	the door wont open	train
yes it hurts	sí me duele	sí duele|sí me duele	yes it hurts	train
is that so ?	¿ es así ?	¿ es así ?	is that so ?	train
she wants to go	ella quiere ir	ella quiere ir	she wants to go	train
i have homework	tengo tarea	tengo tarea	i have homework	train
he is old	él es viejo	él es viejo	he is old	train
were brothers	somos hermanos	somos hermanos	we are brothers|were brothers	train
im doing well	estoy bien	estoy bien	i am good|i am okay|i am well|im cool|im doing fine|im doing okay|im doing well|im fine|im ok|im okay|im well	train
you speak very well	usted habla muy bien	hablas muy bien|usted habla muy bien	you speak very well	train
tom was so excited	tom estaba muy emocionado	tom estaba muy emocionado	tom was so excited	train
you cant stop me	no puedes pararme	no podéis pararme|no puede pararme|no pueden pararme|no puedes pararme	you cant stop me	train
it was hot yesterday	ayer hacía calor	ayer hacía calor|ayer hizo calor	it was hot yesterday|yesterday was hot	train
this is my sister	ésta es mi hermana	ésta es mi hermana	this is my sister	train
parents are people	los padres son gente	los padres son gente	parents are people	train
it was really close	estuvo muy cerca	estuvo muy cerca	it was really close	train
i like school	me gusta la escuela	me gusta la escuela	i like school	train
i didnt want milk	no quería leche	no quería leche	i didnt want milk	train
begin !	¡ empieza !	¡ empieza !	begin !|start !	train
that looks like blood	eso parece sangre	eso parece sangre	that looks like blood	train
thats a book	eso es un libro	eso es un libro	thats a book	train
tom is with mary	tom está con mary	tom está con mary	tom is with mary	train
tom said very little	tomás dijo muy poco	tomás dijo muy poco	tom said very little	train
just do it	hazlo	hazlo|tan sólo hazlo	just do it	train
where is it ?	¿ dónde está ?	¿ dónde está ?	where is it ?|where is that ?|where is this ?	train
im not an idiot	no soy un idiota	no soy un idiota	im not an idiot	train
its not that bad	no es tan malo	no es tan malo	its not that bad	train
come on do it	vamos hazlo	vamos hazlo	come on do it	train
that sounds beautiful	eso suena hermoso	eso suena hermoso	that sounds beautiful	train
tom cant hear anything	tom no oye nada	tom no oye nada	tom cant hear anything	train
i havent found anything	no he encontrado nada	no he encontrado nada	i havent found anything	train
i wasnt listening	no estaba escuchando	no estaba escuchando	i wasnt listening	train
im coming back	voy de vuelta	voy de vuelta	im coming back	train
im depressed	estoy deprimido	estoy deprimido	im depressed	train
my dog is clean	mi perro está limpio	mi perro está limpio	my dog is clean	train
i lost	perdí	perdí	i lost	train
tom cheated	tomás hizo trampa	tomás hizo trampa	tom cheated	train
that would be cool	eso sería genial	eso sería genial	that would be cool	train
just leave me alone	solo déjame solo	solo déjame solo	just leave me alone	train
thats enough	ya basta	es suficiente|ya basta	thats enough	train
its a difficult language	es una lengua difícil	es una lengua difícil	its a difficult language	train
i am french	soy francés	soy francés	i am french|im french	train
im with stupid	estoy con estúpido	estoy con estúpido	im with stupid	train
i dont love her	no la amo	no la amo	i dont love her	train
youre more than welcome	eres más que bienvenido	eres más que bienvenido	youre more than welcome	train
its my life	es mi vida	es mi vida	its my life	train
the night was cold	la noche era fría	la noche era fría|la noche estaba fría	the night was cold	train
they saw you	te vieron	ellos te vieron|te vieron	they saw you	train
all is well	todo está bien	todo está bien|todo está correcto|todo va bien	all is well|everything is all right|everything is fine|everything is ok|everythings fine|its all ok|its all right	train
everyone dreams	todos tenemos sueños	todos tenemos sueños	everyone dreams	train
this is a lie	esto es mentira	esto es mentira	this is a lie	train
he let me go	dejó que me fuera	dejó que me fuera|me dejó ir	he let me go	train
we did our homework	hicimos nuestros deberes	hicimos nuestros deberes	we did our homework	train
you are rich	eres rico	eres rico	you are rich|youre rich	train
nobody asked me anything	nadie me pidió nada	nadie me pidió nada	nobody asked me anything	train
please say something	por favor di algo	por favor di algo	please say something	train
i dont want meat	no quiero carne	no quiero carne	i dont want meat	train
i see them now	ya los veo	ya los veo	i see them now	train
you cannot swim here	no puede nadar aquí	no puede nadar aquí	you cannot swim here|you cant swim here	train
dont be a baby	no seas niño	no seas niña|no seas niño	dont be a baby	train
as you already know	como ya sabés	como ya sabés	as you already know	train
he is not in	no está	no está|no está aquí|él no está dentro	he is not in|hes not in	train
i was a teacher	yo era profesor	yo era profesor|yo era profesora	i was a teacher	train
is he satisfied ?	¿ está satisfecho ?	¿ está satisfecho ?	is he satisfied ?	train
i hate everything !	¡ odio todo !	¡ odio todo !	i hate everything !	train
the father is good	el padre es bueno	el padre es bueno	the father is good	train
he abandoned the plan	él renunció al plan	él abandonó el plan|él renunció al plan	he abandoned the plan	train
i asked him	yo le pregunté	yo le pregunté	i asked him	train
stay away from me	estate lejos de mí	estate lejos de mí	keep away from me|stay away from me	train
i couldnt speak japanese	no pude hablar japonés	no pude hablar japonés	i couldnt speak japanese	train
hes stupid	él es estúpido	él es estúpido	hes stupid	train
i think youre jealous	creo que estás celoso	creo que estás celoso	i think youre jealous	train
tom was alone	tom estaba solo	tom estaba solo	tom was alone	train
i appreciate the help	agradezco la ayuda	agradezco la ayuda|aprecio la ayuda	i appreciate the help	train
lets eat	comamos	comamos	lets eat|lets eat lunch	train
now its my turn	ahora es mi turno	ahora es mi turno	its now my turn|now its my turn	train
tom looks surprised	tom parece sorprendido	tom parece sorprendido	tom looks surprised	train
he looks tired	parece estar cansado	parece estar cansado	he looks tired|he seems tired	train
someone called tom	alguien llamó a tom	alguien llamó a tom	someone called tom	train
i like tennis	me gusta el tenis	me gusta el tenis	i like tennis	train
i want more	quiero más	quiero más	i want more	train
they left without me	se fueron sin mí	se fueron sin mí	they left without me	train
were here to talk	estamos aquí para hablar	estamos aquí para hablar	were here to talk	train
im ready !	¡ estoy listo !	¡ estoy lista !|¡ estoy listo !	im ready !	train
the weather is good	hace buen tiempo	hace buen tiempo	its beautiful out|its nice|the weather is good	train
thanks again	gracias otra vez	gracias otra vez|¡ gracias nuevamente !	thanks again	train
somebody stole my car	alguien robó mi auto	alguien robó mi auto	somebody stole my car	train
god did it	dios lo hizo	dios lo hizo	god did it	train
can you see ?	¿ puedes ver ?	¿ podéis ver ?|¿ puedes ver ?	can you see ?	train
i can do more	yo puedo hacer más	yo puedo hacer más	i can do more	train
tom is very dangerous	tom es muy peligroso	tom es muy peligroso	tom is very dangerous	train
yes of course	claro que si	claro que si|sí claro	yes of course	train
were cold	tenemos frío	tenemos frío	were cold	train
theyre going	se van	ellas van a irse|ellos van a ir|se van	theyre going	train
they need friends	ellos necesitan amigos	ellos necesitan amigos	they need friends	train
its too late now	es muy tarde ahora	es muy tarde ahora	its too late now	train
everything is ready	todo está preparado	todo está listo|todo está preparado	everything is ready	train
are you chinese ?	¿ sos chino ?	¿ eres chino ?|¿ sos chino ?	are you chinese ?	train
i hope im wrong	espero estar equivocada	espero estar equivocada	i hope im wrong	train
no im not thirsty	no no tengo sed	no no tengo sed	no im not thirsty	train
youve done that already	ya lo hiciste	ya lo hiciste	youve done that already	train
we know that	lo conocemos	lo conocemos|lo sabemos|sabemos eso	we know him|we know that|we know this	train
someones calling	alguien está llamando	alguien está llamando	someones calling	train
tom will come back	tom va a volver	tom va a volver	tom will come back	train
let me die !	¡ déjame morir !	¡ déjame morir !	let me die !	train
she understood me	ella me entendió	ella me entendió	she understood me	train
its toms idea	es idea de tom	es idea de tom	its toms idea	train
she looked at me	ella me miró	ella me miró|me miró	she looked at me	train
lets get started	comencemos	comencemos|vamos a empezar|¡ empecemos !	let us begin|lets begin|lets get started|lets start|lets start !	train
im not pregnant	no estoy embarazada	no estoy embarazada	im not pregnant	train
she needs our help	necesita nuestra ayuda	necesita nuestra ayuda	she needs our help	train
you have won	has ganado	has ganado	you have won|you won	train
ill never come back	nunca más volveré	nunca más volveré	ill never come back	train
im cooking	estoy cocinando	estoy cocinando	im cooking	train
good question !	buena pregunta	buena pregunta	a good question|good question !	train
i am a cat	soy un gato	soy un gato	i am a cat|im a cat	train
come here soon	vente pronto	ven pronto|ven pronto aquí|vente pronto	come here soon	train
can you help ?	¿ puedes ayudar ?	¿ puedes ayudar ?	can you help ?	train
he has little money	él tiene poco dinero	tiene poco dinero|él tiene poco dinero	he has little money	train
i didnt ask	yo no pregunté	yo no pregunté	i didnt ask	train
its not midnight yet	aún no es medianoche	aún no es medianoche	its not midnight yet	train
tom believes mary	tom cree a mary	tom cree a mary	tom believes mary	train
we like our house	nos gusta nuestra casa	nos gusta nuestra casa	we like our house	train
tom is ok now	tom está bien ahora	tom está bien ahora	tom is ok now	train
tom wasnt invited	tom no estaba invitado	tom no estaba invitado	tom wasnt invited	train
im not your enemy	no soy tu enemigo	no soy tu enemigo	im not your enemy	train
he did it himself	lo hizo él mismo	lo hizo él mismo	he did it himself|he himself did it	train
today isnt monday	hoy no es lunes	hoy no es lunes	today isnt monday	train
let me see it	déjame verlo	a ver|déjame verlo	let me see it	train
hi friend !	¡ hola amigo !	¡ hola amigo !	hi friend !	train
let him go	deja que se vaya	deja que se vaya	let him go	train
i want the book	quiero el libro	quiero el libro	i want the book	train
she is already married	ella ya está casada	ella ya está casada	she is already married	train
yes you must	sí debes	sí debes	yes you must	train
tom needed us	tom nos necesitaba	tom nos necesitaba	tom needed us	train
its my only chance	es mi única oportunidad	es mi única oportunidad	its my only chance	train
its finally over	finalmente se acabó	finalmente se acabó	its finally over	train
ill make some tea	haré algo de té	haré algo de té	ill make some tea	train
im very sleepy now	ahora tengo mucho sueño	ahora tengo mucho sueño	im very sleepy now	train
are you joking ?	¿ estás bromeando ?	¿ estás bromeando ?	are you joking ?|are you kidding ?	train
id like to learn	me gustaría aprender	me gustaría aprender	id like to learn	train
leave the room	sal de la habitación	sal de la habitación	leave the room	train
i have many friends	tengo muchos amigos	tengo muchos amigos	i have many friends	train
she needs you	ella te necesita	ella te necesita	she needs you	train
everythings free	todo es gratis	todo es gratis	everythings free	train
weve all done it	todos lo hemos hecho	todos lo hemos hecho	weve all done it	train
it looks great	se ve estupendo	se ve estupendo	it looks great	train
that isnt my problem	no es mi problema	no es mi problema	not my problem|that isnt my problem	train
ive seen this before	he visto esto antes	he visto esto antes	ive seen this before	train
these are my students	éstos son mis estudiantes	éstos son mis estudiantes	these are my students	train
tony is playing	tony está jugando	tony está jugando	tony is playing	train
stop crying already	ya deja de llorar	ya deja de llorar	stop crying already	train
do it yourself	hazlo tú mismo	hazlo tú mismo	do it yourself	train
look for it	busca	busca	look|look for her|look for him|look for it	train
she has changed	ella ha cambiado	ella ha cambiado	she has changed|shes changed	train
thatll do	eso me vale	con eso vale|eso me vale	thatll do	train
he needs some milk	necesita leche	necesita leche	he needs some milk	train
this wine tastes great	este vino sabe estupendo	este vino sabe estupendo	this wine tastes great	train
tom closed his mouth	tom cerró la boca	tom cerró la boca	tom closed his mouth|tom shut his mouth	train
we have to go	tenemos que irnos	tenemos que irnos	we have to go	train
its too complicated	es demasiado complicado	es demasiado complicado	its too complicated	train
i saw her again	la vi nuevamente	la vi nuevamente|la volví a ver	i saw her again	train
hes a good person	es una buena persona	es una buena persona	hes a good person|shes a good person	train
i want this	quiero esto	quiero este|quiero esto	i want this	train
you should stop that	deberías dejar eso	deberías dejar eso|deberías parar eso	you should stop that	train
im ugly	soy feo	soy fea|soy feo	im ugly	train
here comes the train	aquí viene el tren	aquí viene el tren	here comes the train	train
toms busy	tom está ocupado	tom está ocupado	tom is busy|toms busy	train
youre sick !	¡ estás enfermo !	¡ estás enfermo !	youre sick !	train
theyre new	son nuevos	son nuevos	theyre new	train
im always very nervous	siempre estoy muy nervioso	siempre estoy muy nervioso	im always very nervous	train
they went there	ellos fueron ahí	ellos fueron ahí	they went there	train
we can try	podemos intentarlo	podemos intentarlo	we can try	train
remember !	¡ recuerda !	¡ recuerda !	remember !	train
ill take it	lo tomo	lo tomo	i take him|i take it|ill take him|ill take it	train
its ten oclock	son las diez	son las diez	its ten oclock	train
hes swimming now	él está nadando ahora	él está nadando ahora	hes swimming now	train
theyve gone crazy	se han vuelto locos	se han vuelto locos	theyve gone crazy	train
does everybody understand ?	¿ todos entienden ?	¿ todos entienden ?	does everybody understand ?	train
he was patient	él era paciente	él era paciente	he was patient	train
theyre our friends	son nuestros amigos	son nuestros amigos	theyre our friends	train
you have been busy	usted ha estado ocupado	habéis estado ocupados|has estado ocupado|usted ha estado ocupado|ustedes han estado ocupados	you have been busy	train
it has been wonderful	ha sido maravilloso	ha sido maravilloso	it has been wonderful	train
he deserves more	él merece más	él merece más	he deserves more	train
we worked with tom	trabajamos con tom	trabajamos con tom	we worked with tom	train
watch out !	¡ cuidado !	¡ cuidado !	careful !|watch out !	train
tell him to stop	dile que pare	dile que pare	tell him to stop	train
its a fish	es un pez	es un pescado|es un pez	its a fish	train
ill pay anything	pagaré cualquier cosa	pagaré cualquier cosa	ill pay anything	train
it wasnt real	no fue real	no fue real	it wasnt real	train
i feel cold	tengo frío	tengo frío	i am cold|i feel cold|im cold	train
is she married ?	¿ está casada ?	¿ está casada ?	is she married ?	train
sorry for being late	perdona por llegar tarde	perdona por llegar tarde	sorry for being late	train
you can have mine	puedes tener el mío	puedes tener el mío	you can have mine	train
this is the boy	este es el niño	este es el muchacho|este es el niño	this is the boy	train
lets turn back	volvamos	volvamos	lets come back|lets go back|lets turn back	train
i cannot help you	no puedo ayudarte	no puedo ayudarte	i cannot help you|i cant help you	train
this is my car	éste es mi auto	este es mi coche|éste es mi auto|éste es mi coche	this is my car	train
theyre not there	no están allí	no están allí	they arent there|theyre not there	train
theres no food left	no quedó comida	no queda comida|no quedó comida	theres no food left	train
you as well child	tú también niño	tú también niño	you as well child	train
im your best friend	soy tu mejor amigo	soy tu mejor amigo	im your best friend	train
thats not enough	eso no es suficiente	eso no es suficiente	that isnt enough|thats not enough|this is not enough	train
he doesnt exist	él no existe	él no existe	he doesnt exist	train
this is my house	esta es mi casa	esta es mi casa	this is my home|this is my house	train
we know this	lo conocemos	conocemos esto|lo conocemos|lo sabemos	we know him|we know that|we know this	train
im almost ready	estoy casi lista	estoy casi lista	i am almost ready|im about ready|im almost ready	train
dont lie to me	no me mientas	no me mientas	dont lie to me	train
i dont hate myself	no me odio	no me odio	i dont hate myself	train
see you !	¡ nos vemos !	¡ nos vemos !	see you !|see you later !	train
have a drink	ten un trago	ten un trago|tómate algo	have a drink	train
i ate apples	comí manzanas	comí manzanas|yo comí manzanas	i ate apples	train
i feel very cold	me siento muy helado	me siento muy helado	i feel very cold	train
toms sad	tom está triste	tom está triste	tom is sad|toms sad	train
you got the job	el trabajo es tuyo	el trabajo es tuyo	you got the job	train
tom seemed very sad	tom parecía muy triste	tom parecía muy triste	tom seemed very sad	train
its making me nervous	me está poniendo nervioso	me está poniendo nervioso	its making me nervous	train
tom is a friend	tom es un amigo	tom es un amigo	tom is a friend	train
we cant lose	no podemos perder	no podemos perder	we cant lose	train
i was lucky	tuve suerte	tuve suerte	i was lucky	train
tell me more !	¡ dime más !	¡ dime más !	tell me more !	train
children need to play	los niños necesitan jugar	los niños necesitan jugar	children need to play	train
this is for you	es para ustedes	es para ti|es para ustedes|esto es para ti	this is for you	train
i see a light	veo una luz	veo una luz	i see a light	train
hey dont forget this	hey no olvides esto	hey no olvides esto	hey dont forget this	train
is tom in ?	¿ está tom ?	¿ está tom ?	is tom here ?|is tom in ?	train
someones coming	viene alguno	alguien llega|alguno viene|viene alguien|viene alguno	someones coming	train
thats all wrong	eso está todo mal	eso está todo mal	thats all wrong	train
game over	fin del juego	fin del juego	game over	train
were out of sugar	estamos sin azúcar	estamos sin azúcar	were out of sugar	train
youll see	ya verás	ya verás	you will see|youll see	train
no one looks busy	nadie parece estar ocupado	nadie parece estar ocupado	no one looks busy	train
it hurts here	aquí duele	aquí duele|me duele aquí	it hurts here	train
be loved	sé amado	sé amado	be loved	train
was it good ?	¿ estuvo bueno ?	¿ estuvo bueno ?	was it good ?	train
walk	camina	camina	walk	train
see you	nos vemos	nos vemos	see you	train
the cat is black	el gato es negro	el gato es negro	the cat is black	train
you know why	vos sabés por qué	vos sabés por qué	you know why	train
im not interested	no me interesa	no me interesa	i am not interested|im not interested|save your breath	train
no one saw us	nadie nos vio	nadie nos vio	no one saw us	train
im fine thanks	estoy bien gracias	estoy bien gracias|yo estoy bien gracias	im fine thank you|im fine thanks	train
tom told us	tom nos dijo	tom nos dijo	tom told us	train
i dont eat	no como	no como	i dont eat	train
youre not fat	no sos gordo	no sos gordo	youre not fat	train
you seem really busy	pareces verdaderamente ocupado	pareces verdaderamente ocupado	you seem really busy	train
the book is white	el libro es blanco	el libro es blanco	the book is white|the books white	train
tom speaks slowly	tom habla lentamente	tom habla lentamente	tom speaks slowly	train
i ate an apple	comí una manzana	comí una manzana	i ate an apple	train
thats broken	eso está roto	eso está roto|eso no funciona|eso no va	thats broken	train
i love my mom	quiero a mi mamá	quiero a mi mamá	i love my mom|i want my mom	train
tom has free time	tom tiene tiempo libre	tom tiene tiempo libre	tom has free time	train
theyre all fine thanks	están todos bien gracias	están todos bien gracias	theyre all fine thanks	train
i hate these words	odio estas palabras	odio estas palabras	i hate these words	train
tom isnt dumb	tom no es estúpido	tom no es estúpido	tom isnt dumb|tom isnt stupid	train
where were you ?	¿ dónde estabas ?	¿ dónde estabas ?	where were you ?	train
his father is japanese	su padre es japonés	su padre es japonés|su papá es japonés	her father is japanese|his father is japanese|your father is japanese	train
we need the money	necesitamos el dinero	necesitamos el dinero	we need the money	train
tom said nothing	tom no dijo nada	tom no dijo nada	tom didnt say anything|tom said nothing	train
yanni felt depressed	yanni se sintió deprimido	yanni se sintió deprimido	yanni felt depressed	train
tom died young	tom murió joven	tom murió joven	tom died young	train
theres no one left	no queda nadie	no queda nadie	theres no one left	train
i remember doing that	recuerdo hacerlo	recuerdo hacer eso|recuerdo hacerlo|recuerdo haciendo eso	i remember doing that	train
youre eating	estás comiendo	estás comiendo	you are eating|youre eating	train
we dont speak french	no hablamos francés	no hablamos francés	we dont speak french	train
i didnt say anything	no dije nada	no dije nada	i didnt say anything|i said nothing	train
we arent alone	no estamos solas	no estamos solas|no estamos solos	we are not alone|we arent alone	train
i can not read	no sé leer	no sé leer	i can not read	train
tom arrived last	tom llegó el último	tom llegó el último	tom arrived last	train
i was at home	estaba en casa	estaba en casa	i was at home	train
not tonight	esta noche no	esta noche no	not tonight	train
ive found the key	he encontrado la llave	he encontrado la llave	ive found the key	train
i brought dinner	traje cena	traje cena	i brought dinner	train
tea without ice	té sin hielo	té sin hielo	tea without ice	train
he needed to rest	él necesitaba descansar	él necesitaba descansar	he needed to rest	train
im ready to fight	estoy listo para pelear	estoy listo para pelear	im ready to fight	train
youre too little	eres demasiado pequeño	eres demasiado pequeño	youre too little|youre too small	train
i understand !	¡ entiendo !	¡ entiendo !	i understand !	train
i dont need tom	no necesito a tom	no necesito a tom	i dont need tom	train
and your mom also	y tu mamá también	y tu mamá también	and your mom also	train
tom was lying	tom estaba mintiendo	tom estaba mintiendo	tom was lying	train
i forgot his name	olvidé su nombre	he olvidado su nombre|olvidé su nombre	i forget his name|i forgot her name|i forgot his name|i forgot its name	train
shes always like that	ella es siempre así	ella es siempre así	shes always like that	train
everyone knows the law	todos conocen la ley	todos conocen la ley	everyone knows the law	train
its fun	es divertido	es divertido	its fun	train
the apple is red	la manzana es roja	la manzana es roja	the apple is red	train
i dont like her	ella no me gusta	ella no me gusta	i dont like her	train
unfortunately its true	desafortunadamente es verdad	desafortunadamente es verdad	it is unfortunately true|unfortunately its true|unfortunately that is true	train
i cant leave yet	no puedo irme todavía	no puedo irme todavía	i cant leave yet	train
im crazy about you	estoy loco por ti	estoy loco por ti	im crazy about you	train
i will sue you	le voy a demandar	le voy a demandar	i will sue you|ill sue you	train
it is my mouth	es mi boca	es mi boca	it is my mouth	train
i need your advice	necesito tu consejo	necesito su consejo|necesito tu consejo	i need your advice	train
i want my lawyer	quiero a mi abogado	quiero a mi abogado	i want my lawyer	train
i changed my shirt	me cambié de camisa	me cambié de camisa	i changed my shirt	train
im tired thats all	solo estoy cansada	estoy cansado es todo|solo estoy cansada|solo estoy cansado	im tired thats all	train
it came to nothing	terminó en nada	terminó en nada	it came to nothing	train
finish your food	acaba tu comida	acaba tu comida	finish your food	train
im learning japanese	aprendo japonés	aprendo japonés	im learning japanese	train
this may soon change	esto podría cambiar pronto	esto podría cambiar pronto	this may soon change	train
youre my enemy	eres mi enemiga	eres mi enemiga|eres mi enemigo|es mi enemiga|es mi enemigo|sos mi enemiga|sos mi enemigo|tú eres mi enemiga|tú eres mi enemigo|usted es mi enemiga|usted es mi enemigo|vos sos mi enemiga|vos sos mi enemigo	youre my enemy	train
that is my dictionary	ése es mi diccionario	ése es mi diccionario	that is my dictionary|thats my dictionary	train
he just wants attention	él solo quiere atención	él solo quiere atención	he just wants attention	train
she doesnt seem happy	ella no parece feliz	ella no parece feliz	she doesnt seem happy	train
this is not expensive	esto no es caro	esto no es caro	this is not expensive	train
i believe tom	creo en tom	creo en tom	i believe tom	train
our teacher seemed surprised	nuestro profesor lucía sorprendido	nuestro profesor lucía sorprendido	our teacher seemed surprised	train
im still awake	todavía estoy despierto	todavía estoy despierto	im still awake	train
its business	son negocios	son negocios	its business	train
this is the best	esta es la mejor	esta es la mejor	this is the best	train
my mother is canadian	mi madre es canadiense	mi madre es canadiense	my mother is canadian	train
please sit here	siéntese aquí por favor	por favor siéntate aquí|por favor siéntense aquí|siéntese aquí por favor	please sit here	train
so im arrived	y así he llegado	y así he llegado	so im arrived	train
tom ate alone	tom comió solo	tom comió solo	tom ate alone	train
are we friends ?	¿ somos amigos ?	¿ somos amigas ?|¿ somos amigos ?	are we friends ?	train
it is really cheap	es muy barato	es muy barato	it is really cheap|its very cheap	train
you are impossible	¡ eres imposible !	¡ eres imposible !	you are impossible	train
you need patience	necesitas paciencia	necesitas paciencia	you need patience	train
they like apples	les gustan las manzanas	les gustan las manzanas	they like apples	train
this was my mistake	este fue mi error	este fue mi error	this was my mistake	train
yanni smells	yanni huele	yanni huele	yanni smells	train
no im tired	no estoy cansado	no estoy cansada|no estoy cansado	im not tired|no im tired	train
no one loves him	nadie le quiere	nadie le quiere	no one loves him	train
those books are mine	esos libros son míos	esos libros son míos|son mis libros	those books are mine	train
thats how it was	así es como fue	así es como era|así es como fue	thats how it was	train
you matter	usted importa	eres importante|usted importa	you matter	train
they were from australia	eran de australia	eran de australia	they were from australia	train
hey come here	oye venid aquí	oye ven aquí|oye venid aquí	hey come here	train
youre very pretty	eres muy guapa	eres muy guapa|eres muy linda	you are very beautiful|youre very pretty	train
i made that	yo hice eso	yo hice eso	i made that	train
nobody else can know	nadie más puede saber	nadie más puede saber	nobody else can know	train
i know his family	conozco a su familia	conozco a su familia	i know his family	train
everything is ok	todo está bien	todo está bien	all is well|everything is all right|everything is fine|everything is ok|everythings fine|its all ok|its all right	train
i have nothing	no tengo nada	no tengo nada	i have nothing	train
these are my books	éstos son mis libros	éstos son mis libros	these are my books	train
i only want one	sólo quiero uno	sólo quiero uno	i only want one	train
im getting happy	me estoy poniendo feliz	me estoy poniendo feliz	im getting happy	train
i needed that	yo necesitaba eso	yo necesitaba eso	i needed that	train
itll happen soon	pasará pronto	pasará pronto	itll happen soon	train
he sells fruit	él vende fruta	él vende fruta	he sells fruit	train
lets go this way	vayamos por aquí	vayamos por aquí	lets go this way	train
you were nice	eras simpático	eras simpático	you were nice	train
probably	probablemente	probablemente	probably	train
youre a good mother	eres una buena madre	eres una buena madre	youre a good mother	train
the computer is new	el ordenador es nuevo	el ordenador es nuevo	the computer is new	train
i brought you flowers	te traje flores	te traje flores	i brought you flowers	train
were better	somos mejores	estamos mejor|somos mejores	were better	train
i was pregnant	estaba embarazada	estaba embarazada	i was pregnant|she was pregnant	train
no im not sleepy	no no tengo sueño	no no tengo sueño	no im not sleepy	train
i was naked	estaba desnudo	estaba desnudo	i was naked	train
hes probably sleeping	probablemente esté durmiendo	probablemente estará durmiendo|probablemente esté durmiendo	hes probably sleeping	train
were both rich	los dos somos ricos	los dos somos ricos	were both rich	train
i dont remember you	no te recuerdo	no te recuerdo	i dont remember you	train
i dont know him	no lo conozco	no le conozco|no lo conozco	i dont know him	train
he looked back	él miró hacia atrás	él miró hacia atrás	he looked back	train
they work for me	ellos trabajan para mí	ellos trabajan para mí|trabajan para mí	they work for me	train
the umbrella is broken	el paraguas está roto	el paraguas está roto	the umbrella is broken	train
i cant leave boston	no puedo dejar boston	no puedo dejar boston	i cant leave boston	train
youre a kind man	eres un hombre amable	eres un hombre amable	youre a kind man	train
i dont speak chinese	no hablo chino	no hablo chino	i dont speak chinese	train
may i go ?	¿ puedo ir ?	¿ puedo ir ?	can i come ?|may i go ?	train
it isnt easy	no es fácil	no es fácil|no está fácil	it isnt easy|its not easy	train
thanks for the advice	gracias por el consejo	gracias por el consejo	thanks for the advice	train
hes looking at me	él me está mirando	él me está mirando	hes looking at me	train
love is possible	el amor es posible	el amor es posible	love is possible	train
i dont have money	no tengo un duro	estoy sin un duro|no tengo dinero|no tengo plata|no tengo un duro	i dont have money|i have no money	train
just make this stop	haz que pare	haz que pare	just make this stop	train
pay attention to them	presta atención a ellos	presta atención a ellos	pay attention to them	train
not everyone is happy	no todos están felices	no todos están felices	not everyone is happy	train
ive made tea	he preparado té	he preparado té	ive made tea	train
i need another chance	necesito otra oportunidad	necesito otra oportunidad	i need another chance	train
wait a minute	espera un minuto	espera un minuto	hold on a minute|hold on a second|wait a minute	train
it was my idea	era idea mía	era idea mía|eso fue idea mía	it was my idea	train
ill do it	lo haré	lo haré|lo haré yo	i will do it|ill do it	train
i was only joking	solo estaba bromeando	solo estaba bromeando	i was just joking|i was only joking	train
thats beautiful	eso es hermoso	eso es hermoso	that is beautiful|thats beautiful	train
i soon forgot it	la olvidé pronto	la olvidé pronto	i soon forgot it	train
i dont understand you	no os entiendo	no le entiendo|no os entiendo|no te entiendo	i dont understand you	train
i have two cars	tengo dos coches	tengo dos coches	i have two cars	train
hes all right	él está bien	está bien|él está bien	hes all right	train
its here	está aquí	está aquí	its here	train
we agree	estamos de acuerdo	estamos de acuerdo	we agree	train
that isnt tom	ese no es tom	ese no es tom	that isnt tom|thats not tom	train
i want money	quiero dinero	quiero dinero	i want money	train
he wears glasses	él lleva puesto lentes	él lleva gafas|él lleva puesto lentes|él usa lentes	he is wearing glasses|he wears glasses	train
you are a doctor	usted es un médico	eres un doctor|eres un médico|usted es un médico	you are a doctor	train
im having dinner now	estoy cenando ahora	estoy cenando ahora	i have dinner now|im eating dinner now|im having dinner now	train
youre still here	todavía estás aquí	todavía estás aquí	youre still here	train
tom might be right	tom podría tener razón	tom podría tener razón	tom might be right	train
put your hat on	ponte el sombrero	ponte el sombrero	put your hat on	train
they know you	te conocen	a usted le conocen|a ustedes les conocen|os conocen|te conocen	they know you	train
i speak	hablo	hablo	i speak	train
come over here tom	ven aquí cerca tom	ven aquí cerca tom	come over here tom	train
its white	es blanco	es blanco	its white	train
hi tom !	¡ hola tom !	¡ hola tom !	hello tom|hello tom !|hi tom|hi tom !	train
its too difficult	es demasiado difícil	es demasiado difícil	its too difficult	train
we live here	vivimos aquí	vivimos aquí|éste es nuestro hogar	we live here	train
my father is tall	mi padre es alto	mi padre es alto	my father is tall	train
ask for her	pregunta por ella	pregunta por ella	ask for her	train
they didnt see us	no nos vieron	no nos vieron	they didnt see us	train
you shouldnt be drinking	no deberías beber	no deberías beber	you shouldnt be drinking	train
are you american ?	¿ eres estadounidense ?	¿ eres estadounidense ?	are you american ?	train
tom drinks coffee	tom bebe café	tom bebe café	tom drinks coffee	train
you sound mad	pareces loco	pareces loco	you sound mad	train
what happened ?	¿ qué ocurrió ?	¿ qué ocurrió ?|¿ qué pasó ?|¿ qué sucedió ?	what happened ?|whats happened ?	train
he hates his life	odia su vida	odia su vida	he hates his life	train
tom wants much more	tom quiere mucho más	tom quiere mucho más	tom wants much more	train
i am tall	soy alto	soy alto	i am tall|im tall	train
he was always different	él siempre fue diferente	él siempre fue diferente	he was always different	train
time stopped	el tiempo se paró	el tiempo se paró	time stopped	train
this is a law	esta es una ley	esta es una ley	this is a law	train
the house is big	la casa es grande	la casa es grande	the house is big	train
im ready for anything	estoy preparado para todo	estoy preparado para todo	im ready for anything	train
hes very sweet	es muy dulce	es muy dulce	hes very sweet|its very sweet	train
ill sue you	le voy a demandar	le voy a demandar	i will sue you|ill sue you	train
tom fell	tom se cayó	tom se cayó	tom fell|tom fell down	train
speak slowly please	hable despacio por favor	habla despacio por favor|hable despacio por favor	speak slowly please	train
she likes to run	le gusta correr	le gusta correr	he likes to run|she likes to run	train
weve got a question	tenemos una pregunta	tenemos una pregunta	we have a question|weve got a question	train
tom felt hungry	tom se sintió hambriento	tom se sintió hambriento	tom felt hungry	train
christmas is coming	pronto será navidad	pronto será navidad	christmas is coming|christmas is soon	train
i love my job	me encanta mi trabajo	me encanta mi trabajo	i love my job	train
he has changed	ha cambiado	ha cambiado	he has changed	train
do that for me	haz eso por mí	haz eso por mí	do that for me	train
we cant see anything	no podemos ver nada	no podemos ver nada	we cant see anything	train
tom is eating cake	tomás está comiendo torta	tomás está comiendo torta	tom is eating cake	train
tom lied	tom mintió	tom mintió	tom lied	train
yanni is not here	yanni no está aquí	yanni no está aquí	yanni is not here	train
that just sounds stupid	eso suena bastante tonto	eso suena bastante tonto	that just sounds stupid	train
i do hope so	eso espero	eso espero|espero que sí	i do hope so|i hope so	train
i brought a book	traje un libro	traje un libro	i brought a book	train
is this new ?	¿ es nuevo ?	¿ es nuevo ?	is it new ?|is this new ?	train
he has stopped smoking	él dejó de fumar	él dejó de fumar	he has stopped smoking|he stopped smoking	train
it wasnt that hard	no fue tan duro	no fue tan difícil|no fue tan duro	it wasnt that hard	train
you didnt say anything	no dijiste nada	no dijiste nada	you didnt say anything|you said nothing	train
im exhausted	estoy exhausto	estoy exhausto	i am exhausted|im exhausted	train
they despise you	ellos te desprecian	ellos te desprecian	they despise you	train
is that ok ?	¿ vale eso ?	¿ vale eso ?	is that ok ?	train
i was feeling blue	estaba deprimido	estaba deprimido	i was feeling blue	train
no it isnt possible	no no es posible	no no es posible	no it isnt possible	train
eat more slowly	come más despacio	come más despacio|come más lentamente	eat more slowly	train
tom got lost	tom se perdió	tom se perdió	tom got lost	train
theres our car	ahí está nuestro coche	ahí está nuestro coche	theres our car	train
they know us	ellos nos conocen	ellos nos conocen	they know us	train
she is always scared	siempre está asustado	siempre está asustado	she is always scared	train
i want some money	quiero algo de dinero	quiero algo de dinero	i want some money	train
come quickly !	¡ ven rápido !	¡ ven rápido !	come quickly !	train
these are new	estos son nuevos	estos son nuevos	these are new	train
tom lost his job	tom perdió su trabajo	tom perdió su trabajo	tom lost his job	train
i came by bus	yo vine en autobús	yo vine en autobús	i came by bus	train
tom is quite forgetful	tom es bastante olvidadizo	tom es bastante olvidadizo	tom is quite forgetful	train
count on me	cuenta conmigo	cuenta conmigo	count me in|count on me	train
i feel so lonely	me siento tan sola	me siento tan sola	i feel so lonely	train
they dont speak spanish	ellos no hablan español	ellos no hablan español	they dont speak spanish	train
im studying french now	estoy estudiando francés ahora	estoy estudiando francés ahora	im studying french now	train
tom has two children	tom tiene dos niños	tom tiene dos niños	tom has two children	train
toms swimming	tom está nadando	tom está nadando	toms swimming	train
i see your table	estoy viendo tu mesa	estoy viendo tu mesa|veo tu mesa	i see your table	train
you have until midnight	tienes hasta medianoche	tenés hasta la medianoche|tenés hasta medianoche|tiene hasta la medianoche|tiene hasta medianoche|tienen hasta la medianoche|tienen hasta medianoche|tienes hasta la medianoche|tienes hasta medianoche	you have until midnight	train
i love my school	me encanta mi escuela	me encanta mi escuela	i love my school	train
i dont eat meat	no como carne	no como carne	i dont eat meat	train
my opinion has changed	he cambiado de opinión	he cambiado de opinión	my opinion has changed	train
you can come	puedes venir	puedes venir	you can come|you can come with	train
its hard to choose	es una elección difícil	es una elección difícil	its hard to choose	train
the door wont close	la puerta no cierra	la puerta no cierra	the door wont close	train
welcome to tatoeba !	bienvenida a tatoeba	bienvenida a tatoeba|bienvenidas a tatoeba|bienvenido a tatoeba|bienvenidos a tatoeba	welcome to tatoeba !	train
i hear only you	yo sólo te escucho	yo sólo te escucho	i hear only you	train
tomorrow it will rain	va a llover mañana	va a llover mañana	tomorrow it will rain	train
its very good	es muy bueno	es muy bueno|está muy bien	its very good	train
you are so stupid	sos muy estúpido	sos muy estúpido	you are so stupid	train
you should sleep	deberías dormir	deberías dormir	you should sleep	train
everythings so cheap	todo está muy barato	todo está muy barato	everythings so cheap	train
tom doesnt need glasses	tom no necesita lentes	tom no necesita lentes	tom doesnt need glasses	train
just forget it	olvídalo ya	olvídalo ya	just forget it	train
lets go swimming	vayamos a nadar	vayamos a nadar	lets go swimming	train
you told him so	le dijiste que sí	le dijiste que sí	you told her so|you told her yes|you told him so	train
tom is lying	tom está mintiendo	tom está mintiendo	tom is lying|toms lying	train
she is awake	ella está despierta	ella está despierta|está despierta	she is awake	train
eating is good	comer es bueno	comer es bueno	eating is good	train
shes in danger	ella está en peligro	ella está en peligro	shes in danger	train
write an answer	escribe una respuesta	escribe una respuesta	write an answer	train
youre smart	sos lista	eres inteligente|eres lista|eres listo|son inteligentes|son listos|sos inteligente|sos lista|sos listo	youre smart	train
it was night	era de noche	era de noche	it was night	train
tom was tortured	tom fue torturado	tom fue torturado	tom was tortured	train
youre back	ya estás aquí	estás de vuelta|ya estás aquí|ya has vuelto	youre back	train
go on in	entra	entra|entre|entren	come on inside|come right in|get inside|go inside|go on in|go on inside	train
i call him mike	yo le llamo mike	yo le llamo mike	i call him mike	train
i want to change	quiero cambiar	quiero cambiar	i want to change	train
im leaving on sunday	me voy el domingo	me voy el domingo	im leaving on sunday	train
it was a dream	era un sueño	era un sueño	it was a dream	train
please dont ask	por favor no preguntes	por favor no preguntes	please dont ask	train
i miss my parents	extraño a mis padres	extraño a mis padres	i miss my parents	train
your friend is tired	tu amigo está cansado	tu amigo está cansado	your friend is tired	train
here use my key	toma usa mi llave	toma usa mi llave	here use my key	train
i feel like crying	tengo ganas de llorar	tengo ganas de llorar	i feel like crying|i want to cry	train
its lunch time	es hora de almorzar	es hora de almorzar|es hora del almuerzo	its lunch time|its time for lunch|lunch is on	train
she made him rich	ella lo hizo rico	ella lo hizo rico	she made him rich	train
tom waited for mary	tom esperó a mary	tom esperó a mary	tom waited for mary	train
please stop talking	por favor cállate	por favor cállate	just please be quiet|please stop talking	train
i need a doctor	necesito un doctor	necesito un doctor	i need a doctor	train
mary is my girlfriend	mary es mi novia	mary es mi novia	mary is my girlfriend	train
i only drink water	solo bebo agua	solo bebo agua	i only drink water	train
hes not my brother	no es mi hermano	no es mi hermano	hes not my brother	train
im always hungry	siempre estoy hambriento	siempre estoy hambriento|siempre tengo hambre	i always feel hungry|im always hungry	train
she speaks spanish well	ella sabe hablar español	ella habla bien español|ella sabe hablar español	she speaks spanish well	train
just do the job	limítate a trabajar	limítate a trabajar	just do the job	train
tom was still alive	tom aún estaba vivo	tom aún estaba vivo	tom was still alive	train
its your decision	es tu decisión	es tu decisión	its up to you|its your choice|its your decision	train
i doubt her words	dudo de sus palabras	dudo de sus palabras	i doubt her words|i doubt his words	train
tom was hungry	tom tenía hambre	tom tenía hambre	tom was hungry	train
he is very sad	él está muy triste	está muy triste|él está muy triste	he is very sad	train
tom isnt crying	tom no está llorando	tom no está llorando	tom is not crying|tom isnt crying	train
he lost everything	él lo perdió todo	él lo perdió todo	he lost everything	train
its not worth it	no merece la pena	no merece la pena	its not worth it	train
i was trapped	estaba atrapado	estaba atrapado	i was trapped	train
im doing okay	estoy bien	estoy bien	i am good|i am okay|i am well|im cool|im doing fine|im doing okay|im doing well|im fine|im ok|im okay|im well	train
i cant breathe	no puedo respirar	no puedo respirar	i cant breathe	train
it worked for tom	a tom le funcionó	a tom le funcionó	it worked for tom	train
shes patient	ella es paciente	ella es paciente	shes patient	train
we know you	te conocemos	a ti te conocemos|le conocemos a usted|os conocemos|te conocemos	we know you	train
dont cry she said	no llores dijo ella	no llores dijo ella	dont cry she said	train
tom will help you	tom te ayudará	tom te ayudará	tom will help you	train
speak for yourself	habla por ti mismo	habla por ti|habla por ti mismo	speak for yourself	train
she speaks seven languages	ella habla siete idiomas	ella habla siete idiomas	she speaks seven languages	train
im kind of busy	estoy un poco ocupado	estoy un poco ocupado	im a little busy|im kind of busy	train
i wasnt careful	no fui preocupado	no fui preocupado	i wasnt careful	train
i cant understand myself	no me puedo entender	no me puedo entender	i cant understand myself	train
they need the money	necesitan el dinero	necesitan el dinero	they need the money	train
now i feel bad	ahora me siento mal	ahora me siento mal	now i feel bad	train
tom has short hair	tom tiene pelo corto	tom tiene pelo corto	tom has short hair	train
she walks	ella anda	anda|ella anda|ella camina	she walks	train
mary couldnt do it	mary no podría hacerlo	mary no podría hacerlo	mary couldnt do it	train
this one is full	este está lleno	este está lleno	this one is full	train
i wasnt happy	no era feliz	no era feliz	i wasnt happy	train
the food is good	la comida está buena	la comida está buena	the food is good	train
you still have time	todavía tenéis tiempo	todavía tenéis tiempo|todavía tienes tiempo	you still have time	train
were eating apples	estamos comiendo manzanas	estamos comiendo manzanas	were eating apples	train
weve all done that	todos hemos hecho eso	todos hemos hecho eso	weve all done that	train
thats correct	eso es correcto	es correcto|eso es correcto	that is correct|thats correct	train
youre reading	usted está leyendo	usted está leyendo	youre reading	train
i love that story	adoro esa historia	adoro esa historia	i love that story	train
youre just a girl	eres solo una chica	eres solo una chica	youre just a girl	train
its worth a try	merece la pena intentarlo	merece la pena intentarlo|vale la pena intentarlo	its worth a try	train
youre not welcome here	no eres bienvenido aquí	no eres bienvenido aquí	youre not welcome here	train
he changed his mind	él cambió de idea	él cambió de idea	he changed his mind	train
shall we begin ?	¿ empezamos ?	¿ empezamos ?	shall we begin ?	train
i listen to everything	escucho de todo	escucho de todo	i listen to everything	train
were all from boston	todos somos de boston	todos somos de boston	were all from boston	train
who ?	¿ quién ?	¿ quién ?	who ?	train
they arent here	no están aquí	no están aquí	they arent here	train
she cant swim	no sabe nadar	ella no sabe nadar|no sabe nadar	she cant swim	train
this ones different	este es diferente	este es diferente	this ones different	train
she felt bad	ella se sentía mal	ella se sentía mal	she didnt feel good|she didnt feel well|she felt bad	train
this is my mother	ésta es mi madre	esta es mi madre|ésta es mi madre	this is my mother	train
i like these	me gusta eso	me gusta eso	i like that|i like these	train
i dont feel well	no me siento bien	no me siento bien	i dont feel well|im not feeling well	train
tom is reading	tom está leyendo	tom está leyendo	tom is reading	train
youre disgusting !	¡ eres repugnante !	¡ eres repugnante !	youre disgusting !	train
i like your family	me gusta tu familia	me agrada tu familia|me gusta tu familia	i like your family	train
hold on there	espera allí	espera allí	hold on there	train
i will work	voy a trabajar	voy a trabajar	i go to work|i will work|ill work	train
youre nice	eres simpático	eres simpático	youre nice	train
it doesnt matter	no importa	eso no importa|no es importante|no importa	it doesnt matter|its not important	train
thats all thanks	eso es todo gracias	eso es todo gracias	thats all thanks	train
he cried	él lloró	él lloró	he cried	train
money is everything	el dinero es todo	el dinero es todo	money is everything	train
she is really cute	ella es realmente guapa	ella es realmente guapa	she is really cute	train
theres no difference	no hay diferencia	no hay diferencia|no hay ninguna diferencia	theres no difference	train
you are not japanese	no eres japonesa	no eres japonesa|no eres japonés|tú no eres japonesa|tú no eres japonés|usted no es japonés	you are not japanese	train
youre a crazy woman	eres una mujer loca	eres una mujer loca	youre a crazy woman	train
toms safe	tom está seguro	tom está seguro	toms safe	train
take this	toma esto	toma esto|tome esto	take this	train
come along	vente	vente	come along|come over	train
i havent eaten yet	todavía no he comido	todavía no he comido	i havent eaten yet	train
i want a friend	quiero tener un amigo	quiero tener un amigo	i want a friend	train
is that right ?	¿ a poco ?	¿ a poco ?	is that right ?	train
tom believes in god	tom cree en dios	tom cree en dios	tom believes in god	train
tom wanted revenge	tom quería la venganza	tom quería la venganza	tom wanted revenge	train
i have the answer	tengo la respuesta	tengo la respuesta	i have the answer	train
i want cold water	quiero agua fría	quiero agua fría	i want cold water	train
dont go to boston	no vayas a boston	no vayas a boston	dont go to boston	train
hes not sick	no está enfermo	no está enfermo	hes not sick	train
it was toms idea	fue idea de tom	fue idea de tom	it was toms idea	train
we found it alive	la encontramos viva	la encontramos viva	we found it alive	train
youre not perfect	no sos perfecto	no sos perfecto	youre not perfect	train
my mother loves me	mi madre me ama	mi madre me ama	my mother loves me	train
her parents hate me	sus padres me odian	sus padres me odian	her parents hate me|his parents hate me	train
they should know it	ellos deberían saberlo	ellos deberían saberlo	they should know it	train
we know nothing	no sabemos nada	no sabemos nada	we know nothing	train
i am john	soy john	soy john	i am john	train
they have three children	ellos tienen tres hijos	ellos tienen tres hijos	they have three children	train
we will never agree	nunca estaremos de acuerdo	nunca estaremos de acuerdo	we will never agree	train
he misled you	él te engañó	él te engañó	he misled you	train
were even	estamos a mano	estamos a mano	we are even|were even|were good	train
she speaks too much	ella habla demasiado	ella habla demasiado	she speaks too much|she talks a lot	train
i slept all day	dormí todo el día	dormí todo el día	i slept all day	train
tomorrow is christmas day	mañana es navidad	mañana es navidad	tomorrow is christmas|tomorrow is christmas day	train
he probably wont come	él no vendrá probablemente	probablemente no vendrá|él no vendrá probablemente|él probablemente no vendrá	he probably wont come	train
she continued working	ella siguió trabajando	ella siguió trabajando	she continued working|she kept on working|she went on working	train
you cant say no	no puedes decir no	no puedes decir no	you cant say no	train
that baby is tom	ese bebé es tom	ese bebé es tom	that baby is tom	train
heres your change	aquí tiene su cambio	aquí tiene su cambio	here is your change|heres your change	train
i have no patience	no tengo paciencia	no tengo paciencia	i have no patience|im not patient	train
it was still there	todavía estaba allí	todavía estaba allí	it was still there	train
you are my father	tú eres mi padre	tú eres mi padre	you are my father	train
its your move	es tu turno	es tu turno|te toca a ti	its your move|its your turn	train
he always works hard	siempre trabaja duro	siempre trabaja duro	he always works hard	train
that man ate bread	aquel hombre comió pan	aquel hombre comió pan	that man ate bread	train
i know	yo lo sé	lo sé|yo lo sé|yo sé	i know|i know !	train
wait one second	esperen un segundo	espera un segundo|esperad un segundo|esperen un segundo	wait one second	train
im ready to start	estoy preparado para empezar	estoy listo para empezar|estoy preparado para empezar	im ready to start	train
weve got the key	tenemos la clave	tenemos la clave|tenemos la llave	weve got the key	train
his parents hate me	sus padres me odian	sus padres me odian	her parents hate me|his parents hate me	train
am i fat ?	¿ estoy gorda ?	¿ estoy gorda ?|¿ estoy gordo ?	am i fat ?	train
hes writing a book	está escribiendo un libro	está escribiendo un libro	hes writing a book|shes writing a book	train
it was rather funny	era bastante gracioso	era bastante gracioso	it was rather funny	train
we laughed	nos reímos	nos reímos	we laughed	train
youre intelligent	eres inteligente	eres inteligente|son inteligentes|sos inteligente	youre clever|youre intelligent|youre smart	train
i love this game	adoro este juego	adoro este juego	i love this game	train
you wait and see	espera y verás	espera y verás	you wait and see	train
they seem fine	parecen estar bien	parecen estar bien	they look good|they seem fine	train
tom arrived late	tom llegó tarde	tom llegó tarde	tom arrived late	train
i feel so embarrassed	me siento muy avergonzado	me siento muy avergonzado	i feel so embarrassed	train
i told the truth	dije la verdad	dije la verdad	i told the truth	train
how are you ?	¿ cómo estás ?	¿ cómo estás ?|¿ qué tal ?	how are you ?	train
yanni came sometimes	a veces yanni vino	a veces yanni vino	yanni came sometimes	train
thats the hope	esa es la esperanza	esa es la esperanza	thats the hope	train
im really sorry	realmente lo siento	realmente lo siento	i really am sorry|im really sorry	train
no problem i understand	no hay problema entiendo	no hay problema entiendo	no problem i understand	train
not here !	¡ acá no !	¡ acá no !	not here !	train
he wants more	quiere más	quiere más	he wants more	train
give me my beer	dame mi cerveza	dame mi cerveza	give me my beer	train
i should go home	debería irme a casa	debería irme a casa	i should go home	train
he smiled	sonrió	sonrió	he smiled|it smiled|she smiled	train
do your work quickly	haz tu trabajo rápidamente	haz tu trabajo rápidamente	do your work quickly	train
we want to go	nosotros queremos ir	nosotros queremos ir|queremos ir	we want to go	train
clean the room	limpia el cuarto	limpia el cuarto	clean the room	train
its a nice day	es un bonito día	es un bonito día	its a nice day	train
i need it now	yo lo necesito ahora	yo lo necesito ahora	i need it now	train
we love them	los amamos	los amamos	we love them	train
sorry my mistake	perdón error mío	perdón error mío	sorry my mistake	train
mary is beautiful	mary es hermosa	mary es hermosa	mary is beautiful	train
i think so	eso creo	creo que sí|eso creo	i think so	train
youll be fine	estarás bien	estarás bien	youll be fine|youll be ok	train
the man is right	el hombre lleva razón	el hombre lleva razón|el hombre tiene razón	the man is right	train
he is my father	él es mi padre	él es mi padre	he is my father|hes my father	train
they all can drive	todos ellos pueden conducir	todos ellos pueden conducir	they all can drive	train
tom did not cry	tom no lloró	tom no lloró	tom did not cry	train
tom hates school	tom odia la escuela	tom odia la escuela	tom hates school	train
thats disgusting	eso es repugnante	eso es repugnante	thats disgusting	train
i feel tired	me siento cansado	me siento cansado	i feel tired|im feeling tired	train
its too fast	es demasiado rápido	es demasiado rápido	its too fast	train
ive got a question	tengo una pregunta	tengo una pregunta	i have a question|ive got a question	train
we want tom	queremos a tom	queremos a tom	we like tom|we want tom	train
dont do this	no lo hagas	no lo hagas	dont do this	train
the dog is beautiful	el perro es hermoso	el perro es bonito|el perro es hermoso	the dog is beautiful	train
i helped him yesterday	ayer le ayudé	ayer le ayudé|le ayudé ayer	i helped him yesterday	train
i have no food	no tengo comida	no tengo comida	i have no food	train
i love coffee	me encanta el café	me encanta el café	i love coffee	train
life is beautiful	la vida es hermosa	la vida es bella|la vida es hermosa	life is beautiful	train
it isnt expensive	no es caro	no es caro	it isnt expensive	train
shes very clean	está muy limpio	está muy limpio	hes very clean|its very clean|shes very clean|youre very clean	train
im so embarrassed	estoy tan avergonzado	estoy tan avergonzado	im so embarrassed	train
im very surprised	estoy muy sorprendido	estoy muy sorprendido	im very surprised	train
be brave	sé fuerte	sé fuerte	be brave	train
theres free beer	hay cerveza libre	hay cerveza libre	theres free beer	train
im coming	ahí voy	ahí voy|voy	im coming	train
i like your job	me gusta tu trabajo	me gusta tu trabajo	i like your job|i like your work	train
we live together now	vivimos juntos ahora	vivimos juntos ahora	we live together now	train
he needed money	él necesitaba dinero	él necesitaba dinero	he needed money	train
its time for bed	es hora de dormir	es hora de dormir	its time for bed|its time to sleep|time for bed	train
wake up	despierta	despierta	wake up	train
i learn arabic	yo aprendo árabe	yo aprendo árabe	i learn arabic	train
i hope youre lucky	ojalá tengas suerte	espero que tengas suerte|ojalá tengas suerte	i hope youre lucky	train
i like your dog	me gusta vuestro perro	me gusta vuestro perro	i like your dog	train
you cant help me	tú no puedes ayudarme	tú no puedes ayudarme	you cant help me	train
my cats love me	mis gatos me quieren	mis gatos me quieren	my cats love me	train
he is very smart	él es muy listo	él es muy listo	he is very smart	train
im fine	estoy perfectamente	estoy bien|estoy perfectamente	im fine|im okay	train
you got time !	¡ tienes tiempo !	¡ tienes tiempo !	you got time !	train
its too dangerous	es demasiado peligroso	es demasiado peligroso	its too dangerous	train
the story was true	la historia fue verdadera	la historia fue verdadera	the story was true	train
we only have tea	sólo tenemos té	sólo tenemos té	we only have tea	train
tom is nervous too	tomás también está nervioso	tomás también está nervioso	tom is nervous too	train
theres nothing left	no queda nada	no queda nada	theres nothing left	train
they all respect him	todos ellos lo respetan	todos ellos lo respetan	they all respect him	train
theres hope for everybody	hay esperanza para todos	hay esperanza para todos	theres hope for everybody	train
i remember now	ahora recuerdo	ahora recuerdo	i remember now|now i remember	train
that is not safe	eso no es seguro	eso no es seguro	that is not safe|thats not safe	train
i dont know anything	no sé nada	no sé nada	i dont know anything|i know nothing	train
thats our fault	es nuestra culpa	es nuestra culpa	thats our fault	train
she married him	se casó con él	se casó con él	she married him	train
like it ?	¿ te gusta ?	¿ te gusta ?	like it ?|you like it ?	train
he is having dinner	él está cenando	él está cenando	he is having dinner	train
tom speaks fast	tom habla rápido	tom habla rápido	tom speaks fast	train
let me help you	déjame ayudarte	déjame ayudarte	let me help|let me help you	train
i remember	yo recuerdo	lo recuerdo|me acuerdo|yo me acuerdo|yo recuerdo	i remember	train
its true !	¡ es verdad !	¡ es verdad !	its true !	train
thanks for your advice	gracias por tu consejo	gracias por tu consejo	thanks for your advice	train
tom left mary	tom dejó a mary	tom dejó a mary	tom left mary	train
bring my hat	trae mi sombrero	trae mi sombrero	bring my hat	train
i feel normal	yo me siento normal	yo me siento normal	i feel normal	train
tom got her pregnant	tom la dejó embarazada	tom la dejó embarazada	tom got her pregnant	train
think about this	piénsalo	piénsalo	think about it|think about this	train
he started just now	acaba de empezar	acaba de empezar	he started just now	train
help !	¡ ayuda !	¡ ayuda !|¡ ayúdame !	help !	train
this works	esto funciona	esto funciona|esto trabaja	this works	train
were almost ready	estamos casi listos	estamos casi listos	were almost ready	train
im being patient	estoy siendo paciente	estoy siendo paciente	im being patient	train
they wanted something better	ellos querían algo mejor	ellos querían algo mejor	they wanted something better	train
call me later	llámame más tarde	llámame más tarde|¡ llámame después !	call me later	train
toms tired	tom está cansado	tom está cansado	toms tired	train
youre tired	estás cansada	estás cansada|estás cansado	youre tired	train
it makes me nervous	me pone nervioso	eso me pone nervioso|me pone nervioso	it makes me nervous	train
i should study french	debería estudiar francés	debería estudiar francés	i should study french	train
that was so stupid	eso fue muy estúpido	eso fue muy estúpido	that was so stupid	train
now its her turn	ahora es su turno	ahora es su turno	now its her turn|now its his turn	train
i have a heart	yo tengo un corazón	yo tengo un corazón	i have a heart	train
it worked	funcionó	funcionó	it worked	train
i see and hear	veo y escucho	veo y escucho	i see and hear	train
i have a brother	tengo un hermano	tengo un hermano	i have a brother|i have one brother	train
this man is chinese	este hombre es chino	este hombre es chino	this man is chinese	train
she is quite angry	ella está bastante enojada	ella está bastante enojada	she is quite angry	train
i went to boston	fui a boston	fui a boston	i went to boston	train
sit at the table	siéntate a la mesa	siéntate a la mesa	sit at the table	train
you should go	deberías irte	deberías ir|deberías irte	you should go	train
tom was with us	tom estaba con nosotros	tom estaba con nosotros	tom was with us	train
i dont see it	yo no lo veo	no lo veo|yo no lo veo	i dont see it	train
she didnt go yesterday	ella no fue ayer	ella no fue ayer	she didnt go yesterday	train
shes changed	ella ha cambiado	ella ha cambiado	she has changed|shes changed	train
well go together	vamos a ir juntos	vamos a ir juntos	well go together	train
it was too late	era demasiado tarde	era demasiado tarde	it was too late	train
do your homework	haz los deberes	haz los deberes	do your homework	train
you look pale today	hoy te ves pálido	hoy te ves pálido	you look pale today	train
it is unfortunately true	desafortunadamente es verdad	desafortunadamente es verdad	it is unfortunately true|unfortunately its true|unfortunately that is true	train
tom is in hiding	tom se está ocultando	tom se está ocultando	tom is in hiding	train
ive never been better	nunca he estado mejor	nunca he estado mejor	ive never been better	train
thats better	eso está mejor	eso está mejor	thats better	train
ive never said that	nunca he dicho eso	nunca he dicho eso	ive never said that	train
im fine too	yo también estoy bien	yo también estoy bien	im fine too	train
it isnt music	no es música	no es música	it is not music|it isnt music|its not music	train
i must wait here	debo esperar aquí	debo esperar aquí	i must wait here	train
i have a pen	tengo un bolígrafo	tengo un bolígrafo	i have a pen	train
lets eat already !	¡ comamos ya !	¡ comamos ya !	lets eat already !	train
im a little busy	estoy un poco ocupado	estoy un poco ocupado	im a little busy|im kind of busy	train
let me call tom	déjame llamar a tom	déjame llamar a tom	let me call tom	train
of course its her	claro que es ella	claro que es ella	of course its her	train
ill be working	voy a estar trabajando	voy a estar trabajando	ill be working	train
tom misled me	tom me engañó	tom me engañó	tom misled me	train
this is the house	esta es la casa	esta es la casa	this is the house	train
he looked very young	lucía muy joven	lucía muy joven	he looked very young	train
tom made breakfast	tom hizo el desayuno	tom hizo el desayuno	tom made breakfast	train
he was brave	él era valiente	él era valiente	he was brave	train
i prefer reading	prefiero leer	prefiero leer	i prefer reading|i prefer to read|id rather read	train
close the book	cierra el libro	cierra el libro	close the book	train
leave that there	dejá eso ahí	dejá eso ahí	leave that there	train
he is a teacher	él es profesor	él es profesor	he is a teacher	train
the game is boring	el juego es aburrido	el juego es aburrido	the game is boring	train
they like to sing	les gusta cantar	les gusta cantar	they like to sing	train
i hate this girl	odio a esta chica	odio a esta chica	i hate this girl	train
he called for beer	pidió una cerveza	pidió una cerveza	he called for beer	train
youre very white	estás muy blanco	estás muy blanco	youre very white	train
toms ugly	tom es feo	tom es feo	toms ugly	train
tom is ok	tom está bien	tom está bien	tom is ok|toms well	train
thats serious	eso es grave	eso es grave	thats serious	train
it is bad weather	hace mal tiempo	hace mal tiempo	it is bad weather	train
everyone likes tom	todos quieren a tom	todos quieren a tom	everybody likes tom|everyone likes tom	train
i was right	yo tenía razón	yo tenía razón	i was right	train
im learning chinese	estoy aprendiendo chino	estoy aprendiendo chino	i am learning chinese|im learning chinese	train
nobody knows this	nadie lo sabe	nadie lo sabe	nobody knows that|nobody knows this	train
my father didnt eat	mi padre no comió	mi padre no comió	my father didnt eat	train
we help him	lo ayudamos	lo ayudamos|nosotras lo ayudamos|nosotros lo ayudamos	we help him|we helped him	train
tom has stopped crying	tom dejó de llorar	tom dejó de llorar	tom has stopped crying	train
may you be happy	que seas feliz	que seas feliz	may you be happy	train
your book is here	tu libro está aquí	aquí está tu libro|tu libro está aquí	your book is here	train
youll see the difference	verás la diferencia	verás la diferencia	youll see the difference	train
youre completely crazy	estás completamente loco	estás completamente loco	youre completely crazy	train
its pretty good	es bastante bueno	es bastante bueno	its pretty good	train
im already married	ya estoy casado	ya estoy casada|ya estoy casado	im already married	train
he is not sleepy	no tiene sueño	no tiene sueño	he is not sleepy|shes not sleepy	train
youre sleepy	estás dormido	estás dormido	youre sleepy	train
youre normal	eres normal	eres normal	youre normal	train
you promised me	me lo prometiste	me lo prometiste	you promised me	train
he shot at me	él me disparó	él me disparó	he shot at me	train
tom is big	tom es grande	tom es grande	tom is big	train
i know him	yo lo conozco	le conozco|lo conozco|yo lo conozco	i know him|i know it	train
this is a fish	esto es un pez	esto es un pez	this is a fish	train
it is my dog	es mi perro	es mi perro	it is my dog	train
they despise her	ellos la desprecian	ellos la desprecian	they despise her	train
i only speak italian	solo hablo italiano	solo hablo italiano	i only speak italian	train
he knows ten languages	él sabe diez idiomas	él sabe diez idiomas	he knows ten languages	train
everything was very good	todo era muy bueno	todo era muy bueno	everything was very good	train
he has been busy	él ha estado ocupado	él ha estado ocupado	he has been busy	train
anyone can do that	cualquiera puede hacer eso	cualquiera puede hacer eso	anyone can do that	train
i never said no	nunca dije que no	nunca dije que no	i never said no	train
you look nervous	te ves nervioso	te ves nervioso	you look nervous	train
tom doesnt sound happy	tom no parece feliz	tom no parece feliz	tom doesnt sound happy	train
its your only chance	es tu única oportunidad	es tu única oportunidad	its your only chance	train
thats the story	esa es la historia	esa es la historia	thats the story	train
they left	se fueron	se fueron	they left|theyre gone	train
should i go ?	¿ debería ir ?	¿ debería ir ?	should i go ?	train
she sang pretty well	cantó bastante bien	cantó bastante bien|ella cantó muy bien	she sang pretty well	train
he is still young	él es todavía joven	él es todavía joven	he is still young	train
you are tom	tú eres tom	tú eres tom	you are tom	train
he can run fast	él puede correr rápido	él puede correr rápido	he can run fast	train
i made it myself	lo hice yo mismo	lo he hecho yo|lo hice yo mismo	i made it myself	train
weve been better	hemos estado mejor	hemos estado mejor	weve been better	train
nobody deserves that	nadie se merece eso	nadie se merece eso	nobody deserves that	train
just ask tom	solo pregúntale a tom	solo pregúntale a tom	just ask tom	train
thanks for that	gracias por eso	gracias por eso	thanks for that	train
i know the rules	conozco las normas	conozco las normas	i know the rules	train
tom is a doctor	tom es médico	tom es médico	tom is a doctor	train
no one understood	nadie entendió	nadie entendió	no one understood	train
youre so naive	sos muy ingenuo	eres muy ingenuo|sos muy ingenuo	youre so naive	train
good day !	¡ buen día !	¡ buen día !|¡ buenos días !	good day !|good morning !	train
tom loves studying music	tom adora estudiar música	tom adora estudiar música	tom loves studying music	train
tom didnt say anything	tom no dijo nada	tom no dijo nada	tom didnt say anything|tom said nothing	train
she was crying	estaba llorando	estaba llorando	she was crying	train
this is his fault	es su culpa	es su culpa	this is his fault	train
relax !	¡ relájate !	¡ relájate !	relax !|take it easy !	train
ive never seen one	nunca había visto uno	nunca había visto uno	ive never seen one	train
they were all here	estaban todos aquí	estaban todos aquí	they were all here	train
you look strong	te ves fuerte	te ves fuerte	you look strong	train
i want some paper	quiero algo de papel	quiero algo de papel	i want some paper	train
thats not safe	eso no es seguro	eso no es seguro	that is not safe|thats not safe	train
have fun	pásenla bien	pásala bien|pásenla bien|¡ diviértete !	enjoy yourself|enjoy yourself !|have a good time|have a nice time|have fun|have fun !	train
tom found mary	tom encontró a mary	tom encontró a mary	tom found mary	train
tom saw it	tom lo vio	tom lo vio	tom saw it	train
i want something sweet	quiero algo dulce	quiero algo dulce	i want something sweet	train
ill be home early	estaré en casa temprano	estaré en casa temprano	ill be home early	train
mary always believes me	mary siempre me cree	mary siempre me cree	mary always believes me	train
he likes taking walks	le gusta pasear	le gusta pasear	he likes a walk|he likes taking walks	train
my brother is ill	mi hermano está enfermo	mi hermano está enfermo	my brother is ill	train
she is japanese	ella es japonesa	ella es japonesa	she is japanese	train
i need you	te necesito	te necesito	i need you	train
you won	has ganado	has ganado	you have won|you won	train
she has dry hair	tiene el pelo seco	tiene el pelo seco	she has dry hair	train
she was born blind	ella nació ciega	ella nació ciega|nació ciega	she was born blind	train
dont touch these	no toques estos	no toques estos	dont touch these	train
maybe it wasnt tom	quizá no fuera tom	quizá no fuera tom	maybe it wasnt tom	train
she looks sad	ella se ve triste	ella parece triste|ella se ve triste	she looks sad	train
he was thirsty	él tenía sed	él tenía sed	he was thirsty	train
they know tom	conocen a tom	conocen a tom	they know tom	train
i know this joke	me sé este chiste	me sé este chiste	i know this joke	train
she came	ella vino	ella vino	she came	train
this place is ours	este lugar es nuestro	este lugar es nuestro	this place is ours	train
its perfect	está perfecto	está perfecto	its fine|its perfect	train
nobody likes it	a nadie le gusta	a nadie le gusta	nobody likes it	train
i need a job	necesito un trabajo	necesito un trabajo	i need a job	train
youre mine	tú eres mío	tú eres mío	youre mine	train
she is very busy	ella está muy ocupada	ella está muy ocupada|está muy ocupada	she is very busy	train
we have no time	no tenemos tiempo	no tenemos tiempo	we dont have time|we have no time	train
i found you	te encontré	te encontré|ya te encontré	i found you	train
come back home	vuelve a casa	vuelve a casa	come back home|come on home	train
we are hungry	estamos hambrientos	estamos hambrientos|tenemos hambre	we are hungry|were hungry	train
shes afraid	ella tiene miedo	ella tiene miedo	shes afraid	train
lets see	a ver	a ver|vamos a ver|veamos	let me see|let me see it|lets see	train
god is great	dios es bueno	dios es bueno|dios es grande	god is great	train
he did it again	lo volvió a hacer	lo hizo de nuevo|lo volvió a hacer	he did it again	train
everybody knows that	todos saben eso	todos saben eso	anybody knows it|everybody knows that|everyone knows that	train
ive seen them before	los he visto antes	las he visto antes|los he visto antes	ive seen them before	train
theyre sisters	son hermanas	son hermanas	they are sisters|theyre sisters	train
he lives in peace	él vive en paz	él vive en paz	he lives in peace	train
im ready	estoy listo	estoy listo	i am ready|im ready	train
you study english	usted estudia inglés	usted estudia inglés	you study english	train
you have to go	tienes que irte	tienes que ir|tienes que irte	you have to go|you must leave|youve got to go	train
im not going	yo no voy	no voy|no voy a ir|yo no voy	im not going	train
i lost everything	lo he perdido todo	lo he perdido todo|lo perdí todo	i lost everything	train
they can wait	pueden esperar	pueden esperar	they can wait	train
it smells good !	¡ huele rico !	huele bien|¡ huele rico !	it smells good !	train
mary needs new shoes	mary necesita nuevos zapatos	mary necesita nuevos zapatos	mary needs new shoes	train
please forget it	por favor olvídalo	por favor olvídalo	please forget it	train
tom was sleeping	tom estaba durmiendo	tom estaba durmiendo	tom was sleeping	train
ill go by car	iré en auto	iré en auto|iré en coche	ill go by car	train
look at him	míralo	míralo	look at him|look at it|look at that	train
its snowing here	está nevando aquí	está nevando aquí	its snowing here	train
he has a book	él tiene un libro	tiene un libro|él tiene un libro	he has a book	train
this is your dog	éste es tu perro	este es su perro|éste es tu perro	this is your dog	train
im very happy now	ahora estoy muy feliz	ahora estoy muy feliz	im very happy now	train
tony was happy	tony era feliz	tony era feliz	tony was happy	train
come home with me	vuelve a casa conmigo	ven a casa conmigo|vuelve a casa conmigo	come home with me	train
we are women	somos mujeres	somos mujeres	we are women	train
this place is wonderful	este lugar es maravilloso	este lugar es maravilloso	this place is wonderful	train
keep the keys	guarda las llaves	guarda las llaves	keep the keys	train
we heard a noise	oímos un ruido	oímos un ruido	we heard a noise	train
of course ill wait	por supuesto que esperaré	por supuesto que esperaré	of course ill wait	train
they should stay	deberían quedarse	deberían quedarse	they should stay|you should stay	train
its wrong	está mal	está mal	its wrong	train
you have two flowers	tienes dos flores	tienes dos flores	you have two flowers	train
we need some money	necesitamos algo de dinero	necesitamos algo de dinero	we need some money	train
i love australia	amo australia	amo australia	i love australia	train
run !	¡ corre !	¡ corre !	run !	train
we are the problem	nosotros somos el problema	nosotros somos el problema	we are the problem	train
its late	es tarde	es tarde	its late	train
our baby can walk	nuestro bebé puede caminar	nuestro bebé puede caminar	our baby can walk	train
listen a minute	escuche usted un momento	escuche usted un momento	listen a minute	train
i cant swim	no sé nadar	no sé nadar	i cant swim	train
tom is studying hard	tom está estudiando mucho	tom está estudiando mucho	tom is studying hard	train
i have to try	tengo que intentarlo	tengo que intentarlo	i have to try	train
no one helped me	nadie me ayudó	nadie me ayudó	no one helped me	train
unfortunately its raining today	desafortunadamente hoy está lloviendo	desafortunadamente hoy está lloviendo	unfortunately its raining today	train
theres no mistake	no hay ningún error	no hay error|no hay ningún error	there isnt any mistake|theres no mistake	train
im feeling great	me siento genial	me siento genial	i feel great|im feeling great	train
he didnt know that	él no lo sabía	él no lo sabía|él no sabía eso	he didnt know that	train
i was too shy	fui demasiado tímido	fui demasiado tímido	i was too shy	train
she went too far	ella fue demasiado lejos	ella fue demasiado lejos	she went too far	train
everyone needs friends	todos necesitan amigos	todos necesitan amigos	everyone needs friends	train
well well	bueno bueno	bueno bueno	well well	train
i dont speak spanish	no hablo español	no hablo español	i dont speak spanish	train
its five oclock	son las cinco	son las cinco	its five oclock	train
we are good friends	somos buenos amigos	somos buenos amigos	we are good friends	train
come along with me	venga conmigo	venga conmigo	come along with me|come with me|youre coming with me	train
he could not swim	él no sabía nadar	él no sabía nadar	he could not swim	train
i feel nothing	no siento nada	no siento nada	i cant feel anything|i dont feel anything|i feel nothing	train
her parents love me	sus padres me quieren	sus padres me quieren	her parents love me	train
shes a married woman	es una mujer casada	es una mujer casada	shes a married woman	train
youre coming with me	ven conmigo	ven conmigo|venga conmigo	come with me|youre coming with me	train
it wasnt too soon	no fue demasiado pronto	no fue demasiado pronto	it wasnt too soon	train
tom drove fast	tom condujo rápido	tom condujo rápido	tom drove fast	train
were hungry	estamos hambrientos	estamos hambrientos	we are hungry|were hungry	train
i cant help	yo no puedo ayudar	yo no puedo ayudar	i cant help	train
ill be there monday	estaré allí el lunes	estaré allí el lunes	ill be there monday	train
leave it with me	déjalo conmigo	déjalo conmigo	leave it with me	train
i was very happy	estaba muy feliz	estaba muy feliz	i was very happy	train
he will not go	él no irá	él no irá	he will not go	train
the girl is pretty	la chica es guapa	la chica es guapa|la chica es linda	the girl is beautiful|the girl is pretty	train
speak out !	¡ habla !	¡ habla !	speak !|speak out !	train
im going out today	hoy voy a salir	hoy voy a salir	im going out today	train
we saw tom	vimos a tom	vimos a tom	we saw tom	train
im drunk	estoy borracho	estoy borracho	im drunk	train
he doesnt lie	él no miente	él no miente	he doesnt lie	train
yanni knows her name	yanni conoce su nombre	yanni conoce su nombre	yanni knows her name	train
i didnt say this	no dije esto	no dije esto|yo no dije esto	i didnt say this	train
tom shot her	tomás le disparó	tomás le disparó	tom shot her	train
love does not forgive	el amor no perdona	el amor no perdona	love does not forgive|love doesnt forgive	train
tom is not dumb	tom no es tonto	tom no es tonto	tom is not dumb	train
leave the key	deje la llave	deje la llave	leave the key	train
i want the address	quiero la dirección	quiero la dirección	i want the address	train
i have been loved	he sido amado	he sido amado	i have been loved	train
he is happy	él está feliz	es feliz|él está feliz	he is happy	train
the telephone doesnt work	el teléfono no funciona	el teléfono no funciona	the telephone doesnt work	train
he began to cry	él rompió a llorar	empezó a llorar|él rompió a llorar	he began to cry	train
what a wonderful family	qué familia más maravillosa	qué familia más maravillosa	what a wonderful family	train
put your clothes on	ponte la ropa	ponte la ropa	put on your clothes|put your clothes on	train
i am blind	soy ciego	soy ciego	i am blind	train
everything okay ?	¿ todo bien ?	¿ todo bien ?	everything okay ?	train
we must do something	tenemos que hacer algo	tenemos que hacer algo	we must do something	train
he was naive	él era ingenuo	él era ingenuo	he was naive	train
we started at six	empezamos a las seis	empezamos a las seis	we started at six	train
she lied to me	ella me mintió	ella me mintió	she lied to me	train
tom arrived	tom llegó	tom llegó	tom arrived|toms arrived	train
make your move	te toca a ti	te toca a ti	its your move|its your turn|make your move|now its your turn	train
this is a book	esto es un libro	este es un libro|esto es un libro	it is a book|this is a book	train
it isnt a secret	no es un secreto	no es un secreto	it isnt a secret	train
we played better	nosotros jugamos mejor	nosotros jugamos mejor	we played better	train
tom is speaking	tom está hablando	tom está hablando	tom is speaking	train
im sleepy	tengo sueño	tengo sueño	i feel sleepy|im sleepy|im sleepy !	train
are you lost ?	¿ estás perdido ?	¿ estás perdido ?	are you lost ?	train
i need it	lo necesito	lo necesito	i need it|ill need that	train
tom changed his mind	tom cambió de idea	tom cambió de idea	tom changed his mind	train
tom heard something	tom oyó algo	tom oyó algo	tom heard something	train
thats so funny	eso es muy gracioso	eso es muy gracioso	thats so funny	train
i drank milk	tomé leche	tomé leche	i drank milk	train
yanni is young	yanni es joven	yanni es joven	yanni is young	train
tom wont know	tom no sabrá	tom no sabrá	tom wont know	train
about face !	vuelta ¡ ya !	vuelta ¡ ya !	about face !	train
get started	empieza	empieza	get started|start	train
you make me happy	me haces feliz	me haces feliz	you make me happy	train
hes asleep	está dormido	está dormido	he is asleep|hes asleep	train
listen to this !	¡ escucha esto !	¡ escucha esto !	listen to this !	train
its not my fault	no es culpa mía	no es culpa mía|no es mi culpa	its not my fault|thats not my mistake	train
ive won	gané	gané	i have won|ive won	train
there are books here	aquí hay libros	aquí hay libros	there are books here	train
tom could speak french	tom podía hablar francés	tom podía hablar francés	tom could speak french	train
i have something	tengo algo	tengo algo	i have something	train
hes very ill	él está muy enfermo	él está muy enfermo	hes very ill	train
man must work	un hombre debe trabajar	un hombre debe trabajar	a man must work|man must work	train
im beautiful	soy hermosa	soy guapa|soy hermosa|yo soy bonita	im beautiful	train
im in boston	estoy en boston	estoy en boston	im in boston	train
please go	por favor ve	por favor ve|por favor vete|por favor váyase	please go	train
everything will be okay	todo irá bien	todo irá bien	all will be well|everything will be okay	train
we can help tom	podemos ayudar a tom	podemos ayudar a tom	we can help tom	train
please be serious	por favor sé serio	por favor sé serio	please be serious	train
were just like brothers	somos casi como hermanos	somos casi como hermanos	were just like brothers	train
thats the law	es la ley	es la ley	its the law|thats the law	train
that was really interesting	era realmente interesante	era realmente interesante	it was really interesting|that was really interesting	train
im not naive	no soy ingenuo	no soy ingenuo	im not naive	train
it isnt ready yet	aún no está listo	aún no está listo	he isnt ready yet|it isnt ready yet	train
dinner is ready	la cena está lista	la cena está lista|la comida está lista	dinner is ready	train
he lives alone	él vive solo	él vive solo	he lives alone|he lives by himself	train
i dont read	yo no leo	no leo|yo no leo	i do not read|i dont read	train
i was not drinking	yo no estaba bebiendo	yo no estaba bebiendo	i was not drinking	train
shes going to die	ella va a morir	ella va a morir	shes going to die	train
we are men	somos hombres	somos hombres	we are men	train
see you there	te veo ahí	te veo ahí	see you there	train
i couldnt see everything	no podía verlo todo	no podía verlo todo	i couldnt see everything	train
just look outside	solo mira afuera	solo mira afuera	just look outside	train
shes poor	ella es pobre	ella es pobre	shes poor	train
wait for us here	espera por nosotros aquí	espera por nosotros aquí	wait for us here	train
he worked hard yesterday	él trabajó duro ayer	él trabajó duro ayer	he worked hard yesterday	train
tom came second	tom terminó segundo	tom terminó segundo	tom came second|tom finished second	train
this isnt worth it	no vale la pena	no vale la pena	this isnt worth it	train
you are the teacher	tú eres el profesor	tú eres el profesor	you are the teacher	train
this doesnt work	esto no funciona	esto no funciona	this doesnt work	train
i finished eating	terminé de comer	terminé de comer	i finished eating|im done eating	train
get lost !	¡ fuera !	¡ fuera !|¡ largo !|¡ lárgate !|¡ vete ya !	get away !|get lost !|get out !|go !|out !	train
i regret it	lo lamento	lo lamento	i regret it	train
thats the one	es ese	es ese	thats the one	train
you need to stop	tienes que parar	tenés que parar|tienes que parar	you need to stop	train
hes not a doctor	él no es médico	él no es médico	hes no doctor|hes not a doctor	train
he made me sing	él me hizo cantar	él me hizo cantar	he made me sing	train
ive done worse	me ha ido peor	me ha ido peor	ive done worse	train
i dont know	no sé	no lo sé|no sé	i dont know	train
she still loves him	todavía le quiere	ella aún le ama|ella aún lo ama|todavía le quiere	she still loves him	train
ziri died	ziri murió	ziri murió	ziri died	train
i need a room	yo necesito un cuarto	yo necesito un cuarto|yo necesito una habitación	i need a room	train
she likes you !	¡ le gustas !	¡ le gustas !	he likes you !|she likes you !	train
give me a few	dame algunos	dame algunos	give me a few	train
the telephone is broken	el teléfono está roto	el teléfono está roto	the telephone is broken	train
we love beauty	amamos la belleza	amamos la belleza	we love beauty	train
eat anything you like	come lo que quieras	come lo que quieras	eat anything you like	train
he has another son	él tiene otro hijo	él tiene otro hijo	he has another son	train
it was six oclock	eran las seis	eran las seis	it was six oclock	train
maybe maybe not	quizá sí quizá no	quizá sí quizá no	maybe maybe not	train
im fat	soy gorda	estoy gordo|soy gorda	i am fat|im fat	train
thank you for listening	gracias por escuchar	gracias por escuchar	thank you for listening|thanks for listening	train
i forgot the book	yo olvidé el libro	yo olvidé el libro	i forgot the book	train
i already ate	ya comí	ya comí	i already ate	train
i am not studying	no estoy estudiando	no estoy estudiando	i am not studying	train
lets start with beer	empecemos con cerveza	empecemos con cerveza	lets start with beer	train
he will come later	él vendrá más tarde	él vendrá más tarde	he will come later	train
i respect tom	respeto a tom	respeto a tom	i respect tom	train
you have to come	tienes que venir	tienes que venir	you have to come	train
goodbye !	¡ hasta luego !	adiós|¡ adiós !|¡ hasta luego !	goodbye !|see you later !|see you soon !	train
he is having lunch	él está almorzando	él está almorzando	he is having lunch	train
one shouldnt lie	uno no debería mentir	uno no debería mentir	one shouldnt lie	train
this is it	hemos llegado	este es el fin|esto es todo|hemos llegado|éste es	this is it|weve arrived	train
this isnt a joke	esto no es broma	esto no es broma	this isnt a joke	train
weve arrived	hemos llegado	hemos llegado	this is it|weve arrived	train
anyone can see that	cualquiera puede verlo	cualquiera puede verlo|eso puede verlo cualquiera	anyone can see that	train
he clearly lied	claramente él mintió	claramente él mintió	he clearly lied	train
its very dry	está muy seco	es muy seco|está muy seco	its very dry	train
its too soon	es demasiado pronto	es demasiado pronto	its too soon	train
hes rather good	él es bastante bueno	él es bastante bueno	hes rather good	train
this is simple	es simple	es simple|esto es sencillo	its simple|thats simple|this is simple	train
look there	mira allí	mira allí	look in there|look there	train
she has white teeth	tiene los dientes blancos	ella tiene dientes blancos|tiene los dientes blancos	he has white teeth|she has white teeth	train
lets do it	hagámoslo	hagámoslo	lets do it	train
dead doesnt exist	la muerte no existe	la muerte no existe	dead doesnt exist	train
here are the rules	estas son las reglas	estas son las reglas	here are the rules|these are the rules	train
it was cool	estuvo padre	estuvo padre	it was cool	train
the boy is sleeping	el niño está durmiendo	el niño duerme|el niño está durmiendo	the boy is sleeping	train
am i wrong ?	¿ estoy equivocada ?	¿ estoy equivocada ?	am i wrong ?	train
i got nervous	yo me puse nervioso	yo me puse nervioso	i got nervous	train
i cant go back	no puedo volver	no puedo volver	i cant go back	train
its mine	es mía	es mía|es mío	its mine	train
im having problems again	tengo problemas otra vez	tengo problemas otra vez	im having problems again	train
were in the house	estamos en la casa	estamos en la casa	were in the house	train
tom continued working	tom siguió trabajando	tom siguió trabajando	tom continued working	train
i hate this game	odio este juego	odio este juego	i hate this game	train
tom isnt naive	tom no es ingenuo	tom no es ingenuo	tom isnt naive	train
we have tried everything	hemos intentado todo	hemos intentado todo	we have tried everything	train
i miss boston	yo extraño boston	yo extraño boston	i miss boston	train
that is his car	ése es su coche	ese es su coche|ése es su coche	that is his car|this car is his	train
it might return	quizá vuelva	quizá vuelva	he may come back|he may return|he might come back|he might return|it may come back|it may return|it might come back|it might return|she may come back|she may return|she might come back|she might return|you may come back|you may return|you might come back|you might return	train
walk slowly	camina lentamente	camina lentamente	walk slowly	train
im a bit tired	estoy un poco cansado	estoy un poco cansada|estoy un poco cansado	im a bit tired	train
theres someone outside	hay alguien afuera	hay alguien afuera	someones outside|theres someone outside	train
we all speak spanish	todos hablamos español	todos hablamos español	we all speak spanish	train
i was loved	fui amado	fui amado	i was loved	train
we were there	estábamos ahí	estábamos ahí	we were there	train
you must wait	debes esperar	debes esperar	you must wait	train
i have no sisters	no tengo hermanas	no tengo hermanas	i have no sisters	train
here is a book	aquí hay un libro	aquí hay un libro	here is a book|theres a book here	train
its incredibly white	está increíblemente blanco	está increíblemente blanco	its incredibly white	train
nobody can pay that	nadie puede pagar eso	nadie puede pagar eso	nobody can pay that	train
open up your mind	abre tu mente	abre tu mente	open up your mind|open your mind	train
the door was open	la puerta estaba abierta	la puerta estaba abierta	the door was open	train
i am chinese	soy chino	soy chino	i am chinese	train
they were busy	ellos estaban ocupados	ellos estaban ocupados	they were busy	train
im not waiting	no estoy esperando	no estoy esperando	im not waiting	train
we shouldnt fight	no debemos pelear	no debemos pelear	we shouldnt fight	train
we should remain quiet	deberíamos hacer silencio	deberíamos hacer silencio	we should remain quiet	train
tom sang a song	tom cantó una canción	tom cantó una canción	tom sang a song	train
youre very close now	estás muy cerca ahora	estás muy cerca ahora	youre very close now	train
they are all dead	todos están muertos	todos están muertos	they are all dead|theyre all dead	train
cut it out tom	déjalo ya tom	déjalo ya tom	cut it out tom	train
its thanks to you	es gracias a ti	es gracias a ti	its thanks to you	train
ill pay for lunch	pagaré la comida	pagaré la comida	ill pay for lunch	train
she can speak japanese	ella sabe hablar japonés	ella sabe hablar japonés	she can speak japanese	train
i know im right	sé que tengo razón	sé que tengo razón	i know im right	train
i am curious	quiero saberlo	quiero saberlo|tengo curiosidad|yo estoy curioso	i am curious|i want to know	train
toms important	tom es importante	tom es importante	tom is important|toms important	train
itll be easy	será fácil	será fácil	it will be easy|itll be easy	train
theyre just students	solo son estudiantes	solo son estudiantes	theyre just students	train
its too short	es muy corto	es muy corto	it is very short|its too short|its very short	train
im free !	¡ soy libre !	¡ soy libre !	im free !	train
look at me !	¡ mírame !	¡ mírame !	look at me !	train
let him go yanni	déjalo marchar yanni	déjalo marchar yanni	let him go yanni	train
im not a canadian	no soy canadiense	no soy canadiense	i am not canadian|im not a canadian|im not canadian	train
im still too young	aún estoy demasiado joven	aún estoy demasiado joven	im still too young	train
put on your clothes	ponte la ropa	ponte la ropa	put on your clothes|put your clothes on	train
i have little money	tengo algo de dinero	tengo algo de dinero	i have little money	train
she abandoned her children	abandonó a sus hijos	abandonó a sus hijos	she abandoned her children	train
i must learn french	debo aprender francés	debo aprender francés	i must learn french	train
we were joking	estábamos bromeando	estábamos bromeando	we were joking	train
im almost another person	soy casi otra persona	soy casi otra persona	im almost another person	train
birds sing	los pájaros están cantando	los pájaros cantan|los pájaros están cantando	birds sing|the birds are singing	train
you were hurt	estabas herido	estabas herido	you were hurt	train
everythings fine	todo está bien	todo está bien	all is well|everything is all right|everything is fine|everything is ok|everythings fine|its all ok|its all right	train
im reading it	lo estoy leyendo	lo estoy leyendo	im reading it	train
lets go by car	vayamos en coche	vayamos en coche	lets go by car	train
she wrote a letter	ella escribió una carta	ella escribió una carta	she wrote a letter	train
it doesnt look expensive	no se ve caro	no se ve caro	it doesnt look expensive	train
they need new shoes	ellos necesitan nuevos zapatos	ellos necesitan nuevos zapatos	they need new shoes	train
i sing now	yo canto ahora	yo canto ahora	i sing now	train
maybe later	quizá más tarde	quizá más tarde	maybe later	train
i cant dance	no sé bailar	no sé bailar|yo no puedo bailar	i cant dance	train
ive got to go	me tengo que ir	me tengo que ir	ive got to go	train
it was your fault	fue culpa tuya	fue culpa tuya	it was your fault	train
tomorrow never comes	el mañana nunca llega	el mañana nunca llega	tomorrow never comes	train
somebody killed them	alguien los mató	alguien los mató	somebody killed them	train
im a careful man	soy un hombre cuidadoso	soy un hombre cuidadoso	im a careful man	train
you are crazy	estás loca	estás loca|estás loco	you are crazy|you are mad|youre crazy	train
i am not good	yo no soy bueno	no estoy bien|yo no soy bueno	i am not good	train
im disappointed	estoy decepcionado	estoy decepcionado	i am disappointed|im disappointed	train
i have won	gané	gané	i have won|ive won	train
youre a kind woman	eres una mujer amable	eres una mujer amable	youre a kind woman	train
tom drinks a little	tom bebe un poco	tom bebe un poco	tom drinks a little	train
wake up !	¡ despierta !	¡ despierta !	get real !|wake up !	train
the children understand everything	los niños entienden todo	los niños entienden todo	children understand everything|the children understand everything	train
time is up	se acabó el tiempo	se acabó el tiempo	time is up	train
she loves her wife	ama a su mujer	ama a su esposa|ama a su mujer	she loves her wife	train
ill be there	estaré ahí	estaré ahí	ill be there	train
he knows that	él sabe eso	él sabe eso	he knows that	train
tom bit mary	tom mordió a mary	tom mordió a mary	tom bit mary	train
leave this place	sal de este lugar	sal de este lugar	leave this place	train
is it there ?	¿ está ahí ?	¿ está ahí ?	is it there ?	train
i need a smoke	tengo que fumar	tengo que fumar	i need a smoke	train
i like bread	me gusta el pan	me gusta el pan	i like bread	train
tom is ready	tom está listo	tom está listo	tom is ready	train
this is their book	este es su libro	este es su libro	this is their book	train
it was worse today	hoy fue peor	hoy fue peor	it was worse today	train
i hope you die	ojalá que te mueras	espero que te mueras|ojalá que te mueras|ojalá te mueras	i hope you die	train
it couldnt be better	no podría ser mejor	no podría ser mejor	it couldnt be better	train
it was extremely cold	estaba extremadamente frío	estaba extremadamente frío	it was extremely cold	train
theres no going back	no hay vuelta atrás	no hay vuelta atrás	theres no going back	train
that car is mine	ese coche es mío	ese auto es mío|ese coche es mío	that car is mine	train
i wont tell you	no os lo diré	no os lo diré|no se lo diré|no te lo diré	i wont tell you	train
youre wet	estás mojado	estás mojado	youre wet	train
ill do so immediately	lo haré inmediatamente	lo haré inmediatamente	ill do so immediately	train
it was all gone	todo terminó	todo terminó	it was all gone	train
slowly please	despacio por favor	despacio por favor|lentamente por favor	slowly please	train
give me a beer	dame una cerveza	dame una cerveza	give me a beer	train
no kidding ?	¿ en serio ?	¿ en serio ?	are you serious ?|no kidding ?|really ?	train
i dont drink beer	no bebo cerveza	no bebo cerveza	i dont drink beer	train
you may enter now	puedes entrar ahora	puedes entrar ahora	you may enter now	train
its very short	es muy corto	es muy corto	it is very short|its too short|its very short	train
clean your room	limpia tu habitación	limpia tu habitación	clean your room	train
give me your address	dame tu dirección	dame tu dirección	give me your address	train
thank you for this	gracias por esto	gracias por esto	thank you for this|thanks for this	train
well go	iremos	iremos	well go	train
hes handsome and funny	es divertido y guapo	es divertido y guapo	hes handsome and funny	train
ive been in boston	he estado en boston	he estado en boston	ive been in boston|ive been to boston	train
i made you coffee	le hice café	le hice café	i made you coffee	train
sorry i forgot	perdón se me olvidó	perdón se me olvidó	sorry i forgot	train
im bored	estoy aburrido	estoy aburrido	i am bored|i got bored|im bored	train
its not too late	no es demasiado tarde	no es demasiado tarde	its not too late	train
she is always late	siempre llega tarde	siempre llega tarde	he is always late|she is always late	train
they want more	quieren más	quieren más	they want more	train
this is my school	esta es mi escuela	esta es mi escuela|este es mi colegio	this is my school	train
he sells cars	él vende coches	él vende coches	he sells cars	train
im a little crazy	estoy un poco ido	estoy un poco ido|estoy un poco loca|estoy un poco loco	im a little crazy	train
tom deserves another chance	tom merece otra oportunidad	tom merece otra oportunidad	tom deserves another chance	train
we did have fun	nos divertimos	nos divertimos	we did have fun|we had fun	train
are you excited ?	¿ estás emocionado ?	¿ estás emocionado ?	are you excited ?	train
were happy	somos felices	somos felices	we are happy|were happy	train
i cant see it	no lo puedo ver	no lo puedo ver	i cant see it	train
she loves children	ella ama los niños	ella ama los niños	she loves children	train
im trying to win	estoy intentando ganar	estoy intentando ganar	im trying to win	train
he loves her	él la ama	él la ama|él la quiere	he loves her	train
i am !	soy	soy|¡ yo soy !	i am|i am !	train
ive got some problems	tengo problemas	tengo problemas	ive got some problems	train
your plan worked	su plan funcionó	su plan funcionó|tu plan funcionó	your plan worked	train
ill go first	yo iré primero	yo iré primero	ill go first	train
i have no friends	no tengo amigos	no tengo amigos	i have no friends	train
everyone liked tom	todos querían a tom	todos querían a tom	everybody liked tom|everyone liked tom	train
its cold around here	está helado por aquí	está helado por aquí	its cold around here	train
i want to rest	quiero descansar	quiero descansar	i want to rest	train
thats fine !	¡ qué bueno !	¡ qué bueno !	thats fine !	train
the woman speaks spanish	la mujer habla español	la mujer habla español	the woman speaks spanish	train
we should do that	deberíamos hacerlo	deberíamos hacerlo	we should do that	train
theres something there	hay algo ahí	hay algo ahí	theres something there	train
put this on	ponte esto	ponte esto	put this on	train
dont eat us	no nos comas	no nos comas	dont eat us	train
it is cold	está frío	está frío	it is cold|its cold|its cool	train
tom has enough time	tom tiene bastante tiempo	tom tiene bastante tiempo	tom has enough time	train
tom was probably right	tom probablemente tenía razón	tom probablemente tenía razón	tom was probably right	train
she understands his world	ella entiende su mundo	ella entiende su mundo	she understands his world	train
youve got cancer	tienes cáncer	tienes cáncer	you have cancer|youve got cancer	train
shut up stupid	cállate estúpido	cállate estúpido	shut up stupid	train
i am hungry !	me pica el bagre	me pica el bagre|¡ tengo hambre !	i am hungry|i am hungry !|i feel hungry|im hungry|im hungry !	train
he likes that book	le gusta ese libro	le gusta ese libro	he likes that book	train
both were extremely rich	ambos eran extremadamente ricos	ambos eran extremadamente ricos	both were extremely rich	train
this is mine	esto es mío	esto es mío|éste es el mío	this is mine	train
its a pretty house	es una bonita casa	es una bonita casa	its a pretty house	train
maybe its just me	quizás sólo soy yo	quizás sólo soy yo	maybe its just me	train
ive done it before	lo he hecho antes	lo he hecho antes	ive done it before	train
hes a married man	es un hombre casado	es un hombre casado	hes a married man	train
we need a lawyer	necesitamos un abogado	necesitamos un abogado	we need a lawyer	train
dinner was expensive	la cena fue cara	la cena fue cara	dinner was expensive	train
call tom immediately	llama a tom inmediatamente	llama a tom inmediatamente	call tom immediately	train
i went home	me fui a casa	fui a casa|me fui a casa	i went home	train
the answer is no	la respuesta es no	la respuesta es no	the answer is no	train
he was invited	él fue invitado	él fue invitado	he was invited	train
its ours	es nuestro	es la nuestra|es nuestro	its ours	train
she is her friend	ella es su amiga	ella es su amiga	she is her friend|she is his friend	train
tom wasnt kidding	tom no estaba jodiendo	tom no estaba bromeando|tom no estaba jodiendo	tom wasnt kidding	train
this is japan	esto es el japón	esto es el japón|esto es japón	this is japan	train
i have no control	no tengo control	no tengo control	i have no control	train
the phone is ringing	está sonando el teléfono	está sonando el teléfono	the phone is ringing	train
he didnt buy it	él no la compró	él no la compró|él no lo compró	he didnt buy it	train
its our car	es nuestro carro	es nuestro carro	its our car	train
shes also a beauty	también es bella	también es bella|también es una belleza	shes also a beauty	train
come on trust me	vamos confía en mí	vamos confía en mí	come on trust me	train
ive lost	he perdido	he perdido	ive lost	train
shut your eyes	cierra los ojos	cierra los ojos	close your eyes|shut your eyes	train
we study music	nosotros estudiamos música	nosotros estudiamos música	we study music|were studying music	train
this is great	esto es estupendo	esto es estupendo|esto es genial	this is great|this is nice	train
i like them all	me gustan todos	me gustan todos	i like them all	train
let me be happy	déjame ser feliz	déjame ser feliz	let me be happy	train
i know him well	lo conozco bien	lo conozco bien	i know him well	train
it is really wonderful	es realmente maravilloso	es realmente maravilloso	it is really wonderful	train
im pretty tired	estoy muy cansada	estoy bastante cansado|estoy muy cansada	i am very tired|im pretty tired|im very tired	train
tom is always busy	tom siempre está ocupado	tom siempre está ocupado	tom is always busy	train
this is a dream	esto es un sueño	esto es un sueño	this is a dream	train
i want my money	quiero mi plata	quiero mi plata	i want my money	train
those are the rules	esas son las reglas	esas son las reglas	those are the rules	train
youre my girlfriend	sos mi novia	eres mi novia|sos mi novia	you are my girlfriend|youre my girlfriend	train
i want his help	necesito de su ayuda	necesito de su ayuda	i want his help	train
hold still	mantente quieto	mantente quieto|quieto	hold still|keep still	train
she didnt feel well	ella se sentía mal	ella se sentía mal	she didnt feel good|she didnt feel well|she felt bad	train
he is handsome	él es guapo	él es guapo	he is handsome	train
the game is over	el juego se acabó	el juego se acabó|el juego se terminó	the game is over	train
they are too big	son muy grandes	son muy grandes	they are too big	train
thats why i asked	por eso pregunté	por eso pregunté	thats why i asked	train
thats why im here	por eso estoy acá	por eso estoy acá	thats why im here	train
just leave it	déjalo	déjalo|déjelo	forget it|give it up|just leave it|leave it	train
i believe you	te creo	les creo|te creo	i believe you	train
im very busy	tengo muchísimo trabajo	estoy muy ocupada|estoy muy ocupado|tengo muchísimo trabajo	i am very busy|im very busy	train
ive had coffee already	ya tomé café	ya tomé café	ive had coffee already	train
dont talk like that	no hables así	no hables así	dont talk like that	train
stay in your room	quédate en tu habitación	quédate en tu habitación	stay in your room	train
i hope so !	¡ ojalá !	¡ ojalá !	i hope so !|lets hope so !	train
show me everything	muéstrame todo	muéstrame todo	show me everything	train
tom did it	tom lo hizo	tom lo hizo	tom did it	train
tom is poor	tomás es pobre	tomás es pobre	tom is poor	train
im a dog	soy un perro	soy un perro	im a dog	train
they cant stop her	no pueden pararla	no pueden pararla	they cannot stop her|they cant stop her	train
im not your son	no soy tu hijo	no soy tu hijo	im not your son	train
shes completely crazy	está completamente loca	está completamente loca	shes completely crazy	train
i must go out	tengo que salir	tengo que salir	i must go out	train
it may be	puede ser	puede ser	it may be	train
the cat was asleep	el gato estaba dormido	el gato estaba dormido	the cat was asleep	train
ill be patient	seré paciente	seré paciente	ill be patient	train
you need to know	necesitas saber	necesitas saber	you need to know	train
we dont know	no sabemos	no sabemos	we dont know	train
take over	toma el control	toma el control	take control|take over	train
im with you	estoy contigo	estoy contigo	im with you	train
shes not stupid	no es estúpida	no es estúpida	shes not stupid	train
my name is john	mi nombre es john	mi nombre es john	my name is john	train
my bicycle is red	mi bicicleta es roja	mi bicicleta es roja	my bicycle is red	train
he could do it	él podría hacerlo	él podría hacerlo	he could do it	train
come this way	ven por aquí	pasa por aquí|ven por aquí	come this way|walk this way	train
i understand you well	os entiendo bien	os entiendo bien|te entiendo bien	i understand you well	train
i was singing	estaba cantando	estaba cantando	i was singing	train
i want some water	quiero agua	quiero agua|yo quiero agua	i want some water|i want water	train
its hot	está caliente	está caliente|hace calor	its hot	train
hes got two cars	tiene dos coches	tiene dos coches	hes got two cars	train
this smells good	esto huele bien	esto huele bien	this smells good	train
they wanted to stay	querían quedarse	querían quedarse	they wanted to stay	train
we speak japanese	hablamos japonés	hablamos japonés	we speak japanese	train
ask around	pregunta por aquí	pregunta por aquí	ask around	train
i enjoy working here	me gusta trabajar aquí	me agrada trabajar aquí|me gusta trabajar aquí	i enjoy working here	train
you look different	te ves diferente	te ves diferente	you look different	train
this is very simple	es muy fácil	es muy fácil	its too easy|its very easy|this is very simple	train
stay here with us	quédense aquí con nosotros	quedaos aquí con nosotras|quedaos aquí con nosotros|quédate aquí con nosotras|quédate aquí con nosotros|quédense aquí con nosotras|quédense aquí con nosotros|quédese aquí con nosotras|quédese aquí con nosotros	stay here with us	train
wait for her	espera por ella	espera por ella	wait for her	train
i ate the meat	me comí la carne	me comí la carne	i ate the meat	train
tom looks pale	tom luce pálido	tom luce pálido	tom looks pale	train
there is no problem	no hay problema	no hay problema	there is no problem|theres no problem	train
we found it here	lo encontramos acá	lo encontramos acá	we found it here	train
hes my father	él es mi padre	él es mi padre	he is my father|hes my father	train
lets talk before fighting	hablemos antes de luchar	hablemos antes de luchar	lets talk before fighting	train
the dog is mine	el perro es mío	el perro es mío	the dog is mine	train
ill get some help	voy a pedir ayuda	voy a pedir ayuda	ill get some help	train
i like this	me gusta esto	me gusta esto	i like this	train
ill be with tom	estaré con tom	estaré con tom	ill be with tom	train
the baby was naked	el bebé estaba desnudo	el bebé estaba desnudo	the baby was naked	train
i speak french too	también hablo francés	también hablo francés	i also speak french|i speak french too	train
are you funny ?	¿ eres gracioso ?	¿ eres gracioso ?	are you funny ?	train
sorry !	¡ perdón !	¡ perdón !	sorry !	train
this is very bad	esto está muy malo	esto es muy malo|esto está muy mal|esto está muy malo	this is really bad|this is very bad	train
youre very clever	sos muy listo	eres muy inteligente|eres muy listo|son muy inteligentes|son muy listos|sos muy inteligente|sos muy listo	you are very smart|youre very clever|youre very smart	train
im not really sure	no estoy muy seguro	no estoy muy seguro|realmente no estoy seguro	im not really sure	train
that dog is big	ese perro es grande	ese perro es grande	that dog is big	train
i must apologize	tengo que pedir disculpas	tengo que pedir disculpas	i have to apologize|i must apologize	train
we like the snow	nos gusta la nieve	nos gusta la nieve	we like snow|we like the snow	train
i love my wife	amo a mi esposa	amo a mi esposa	i love my wife	train
just what i needed	justo lo que necesitaba	justo lo que necesitaba	just what i needed	train
thanks	¡ gracias !	gracias|¡ gracias !	thank you|thank you !|thanks|thanks !	train
im incredibly busy	estoy increíblemente ocupado	estoy increíblemente ocupado	im incredibly busy	train
he doesnt listen	él no escucha	él no escucha	he doesnt listen	train
thats our secret	ese es nuestro secreto	ese es nuestro secreto	thats our secret|this is our secret	train
start singing	empieza a cantar	empieza a cantar	start singing	train
that is my school	esa es mi escuela	esa es mi escuela|ese es mi colegio	that is my school	train
this is not important	esto no es importante	esto no es importante|no es importante	this is not important	train
youre strange sometimes	estás extraño a veces	estás extraño a veces	youre strange sometimes	train
i love your son	amo a tu hijo	amo a tu hijo	i love your son	train
i am very dangerous	soy muy peligroso	soy muy peligroso	i am very dangerous	train
toms well	tom está bien	tom está bien	tom is ok|toms well	train
tom looks confused	tomás parece estar confundido	tomás parece estar confundido	tom looks confused	train
youre sad	estás triste	estás triste	youre sad	train
youre welcome	de nada	de nada|es un gusto|no hay de qué	you are welcome|youre welcome	train
here we are !	¡ aquí estamos !	¡ aquí estamos !	here we are !	train
we just finished	terminamos en este momento	terminamos en este momento	we just finished	train
hello girls	hola chicas	hola chicas	hello girls|hi girls	train
i read a book	yo leí un libro	yo leí un libro	i read a book	train
bring me my glasses	tráeme las gafas	tráeme las gafas|tráeme mis gafas	bring me my glasses	train
that is wet	está mojado	está mojado	that is wet|thats wet	train
love is a lie	el amor es mentira	el amor es mentira	love is a lie	train
its six oclock	son las seis	son las seis	its six oclock	train
tom has three cats	tom tiene tres gatos	tom tiene tres gatos	tom has three cats	train
its time to go	es tiempo de irse	es hora de irse|es tiempo de irse	its time to go	train
put on your shoes	ponte tus zapatos	ponte tus zapatos	put on your shoes	train
i have back problems	tengo problemas de espalda	tengo problemas de espalda	i have back problems	train
look at it	míralo	míralo	look at him|look at it|look at that	train
the coffee is black	el café es negro	el café es negro	the coffee is black	train
go away !	¡ vete ya !	¡ largo !|¡ lárgate !|¡ vete ya !|¡ órale !	get away !|get lost !|go away|go away !	train
hes a big person	es una gran persona	es una gran persona	hes a big person|shes a big person|youre a big person	train
they look good	se ven bien	parecen estar bien|se ven bien	they look good	train
thanks for coming	gracias por venir	gracias por venir	thank you for coming|thanks for coming	train
i want to leave	me quiero ir	me quiero ir	i want to leave	train
great !	¡ órale !	¡ genial !|¡ órale !	all right|come on|come on !|cool !|go away|go away !|great !|lets go|lets go !|ok|okay|sweet !|understood	train
think about her	piensa en ella	piensa en ella	think about her	train
tom looks young	tom luce joven	tom luce joven|tom parece joven|tom se ve joven	tom looks young	train
he is already sleeping	ya está durmiendo	ya está durmiendo	he is already sleeping|she is already sleeping	train
tom is ill	tom está malo	tom está malo	tom is ill	train
eat this up	come esto	coma esto|come esto	eat this up	train
im very different	soy muy diferente	soy muy diferente	im very different	train
over and out	cambio y fuera	cambio y fuera|corto y cambio	over and out	train
im going	voy	voy	im coming|im going	train
you cant have this	no puedes tener esto	no puedes tener esto	you cant have this	train
i want to eat	quiero comer	quiero comer	i want to eat	train
yanni is depressed	yanni está deprimido	yanni está deprimido	yanni is depressed	train
come and help me	ven y ayúdame	ven a ayudarme|ven y ayúdame	come and help me	train
this is a mistake	es un error	es un error	its a mistake|this is a mistake	train
the boy came running	el niño vino corriendo	el niño vino corriendo	the boy came running	train
my father is out	mi padre salió	mi padre salió	my father is out	train
she has a question	tiene una pregunta	ella tiene una pregunta|tiene una pregunta	he has a question|hes got a question|she has a question|shes got a question	train
the fish is small	el pez es pequeño	el pez es pequeño	the fish is small	train
tom felt sad	tom se sentía triste	tom se sentía triste|tom se sintió triste	tom felt sad	train
tom is a student	tom es un estudiante	tom es un estudiante	tom is a student	train
i dont know why	no sé por qué	no sé por qué	i dont know why	train
this is ridiculous	eso es ridículo	eso es ridículo|esto es ridículo	thats ridiculous|this is ridiculous	train
this is very wrong	esto está muy mal	esto está muy mal	this is very bad|this is very wrong	train
theres tom	ahí está tom	ahí está tom	theres tom	train
i like your house	me gusta tu casa	me gusta tu casa	i like your house	train
they want me	me quieren a mí	me quieren|me quieren a mí	they want me	train
im normal	soy normal	soy normal	im normal	train
im free on sunday	estoy libre el domingo	estoy libre el domingo	im free on sunday	train
theres no water	no hay agua	no hay agua	there is no water|theres no water	train
this is pretty bad	esto es bastante malo	esto es bastante malo|esto está bastante malo	this is pretty bad	train
youre funny	eres gracioso	eres gracioso	youre funny	train
tom is new here	tom es nuevo aquí	tom es nuevo aquí	tom is new here	train
tom almost laughed	tom casi se rio	tom casi se rio	tom almost laughed	train
weve done worse	lo hemos hecho peor	lo hemos hecho peor	weve done worse	train
mike sings well	mike canta bien	mike canta bien	mike sings well	train
im very hungry	tengo mucha hambre	estoy muy hambriento|tengo mucha hambre	i am very hungry|im very hungry	train
i am food	soy comida	soy comida	i am food	train
call me	llámame	llámame	call me	train
he lied to us	él nos mintió	él nos mintió	he lied to us	train
were busy men	somos hombres ocupados	somos hombres ocupados	were busy men	train
i heard her singing	la he oído cantar	la he oído cantar|la oí cantando	i heard her singing	train
this is free	es gratis	es gratis	its for free|its free|this is free	train
she is crazy	está loca	ella es loca|ella está loca|está loca	she is crazy	train
are you forgetful ?	¿ eres olvidadizo ?	¿ eres olvidadizo ?	are you forgetful ?	train
move on tom	continúa tom	continúa tom	move on tom	train
i love arabic	me encanta el árabe	me encanta el árabe	i love arabic	train
i dont want this	no quiero esto	no quiero esto	i dont want this	train
he looks confused	parece confundido	parece confundido	he looks confused	train
tom isnt busy	tom no está ocupado	tom no está ocupado	tom isnt busy	train
you are welcome here	tú eres bienvenido aquí	tú eres bienvenido aquí	you are welcome here	train
he bought a hat	compró un sombrero	compró un sombrero	he bought a hat	train
i felt much better	me sentía mucho mejor	me sentía mucho mejor	i felt much better	train
youve changed	has cambiado	has cambiado	youve changed	train
your father loves you	tu padre te ama	tu padre te ama	your father loves you	train
im completely confused	estoy completamente confundida	estoy completamente confundida	im completely confused	train
come over here	ven acá	ven acá	come over here|get on in here	train
shes not here	no está aquí	ella no está aquí|no está aquí	he is not here|he is not in|hes not here|hes not in|it isnt here|she is not here|shes not here	train
think again	piénsalo otra vez	piensa de nuevo|piénsalo otra vez	think again	train
you have wine	tienes vino	tienes vino|usted tiene vino	you have wine	train
the gun went off	el arma se disparó	el arma se disparó	the gun went off	train
my father was busy	mi padre estaba ocupado	mi padre estaba ocupado|mi papá estaba ocupado	my father was busy	train
my mother is crazy	mi madre está loca	mi madre está loca	my mother is crazy	train
we are three brothers	somos tres hermanos	somos tres hermanos	we are three brothers	train
sami came to work	sami vino a trabajar	sami vino a trabajar	sami came to work	train
lets try this cake	probemos esta torta	probemos esta tarta|probemos esta torta	lets try this cake	train
nobody went there	nadie fue ahí	nadie fue ahí	nobody went there	train
i want one !	¡ quiero uno !	¡ quiero una !|¡ quiero uno !	i want one !	train
you can watch television	puedes ver televisión	puedes ver televisión	you can watch television	train
the food is bad	la comida está mala	la comida está mala	the food is bad	train
hes good	él es bueno	él es bueno	he is good|hes good	train
tom doesnt smoke anymore	tom no fuma más	tom no fuma más|tom ya no fuma	tom doesnt smoke anymore	train
its a good camera	es una buena cámara	es una buena cámara	its a good camera	train
you look fat	te ves gordo	te ves gordo	you look fat	train
we never studied together	nunca estudiamos juntos	nunca estudiamos juntos	we never studied together	train
it looks fun	se ve divertido	se ve divertido	it looks fun	train
they all did it	lo hicieron todos	lo hicieron todos	they all did it	train
its very beautiful	es muy bonito	es muy bonito	its very beautiful	train
you look really good	te ves verdaderamente bien	te ves verdaderamente bien	you look really good	train
he has wine	tiene vino	tiene vino	he has wine|she has wine	train
we want something new	queremos algo nuevo	queremos algo nuevo	we want something new	train
a child is missing	hay un niño perdido	hay un niño perdido	a child is missing	train
there must be more	debe de haber más	debe de haber más	there must be more	train
she studies chinese too	ella también estudia chino	ella también estudia chino	she studies chinese too	train
go to school	vete a la escuela	vete a la escuela	go to school	train
she loves us	ella nos quiere	ella nos quiere	she loves us	train
its raining and raining	llueve y llueve	está lloviendo y lloviendo|llueve y llueve	its raining and raining	train
he should be angry	él debe estar enojado	él debe estar enojado	he should be angry	train
thanks for your time	gracias por tu tiempo	gracias por tu tiempo	thanks for your time	train
wash your hands well	lávate bien las manos	lávate bien las manos	wash your hands well	train
sorry i dont follow	perdón pero no entiendo	perdón pero no entiendo	sorry i dont follow	train
this sentence is sad	esta oración es triste	esta oración es triste	this sentence is sad	train
bill was in japan	bill estuvo en japón	bill estaba en japón|bill estuvo en japón	bill was in japan	train
try again	intenta otra vez	intenta otra vez|inténtalo de nuevo|inténtalo otra vez|trata otra vez	try again|try it once more	train
two women sing	dos mujeres cantan	dos mujeres cantan	two women are singing|two women sing	train
not now !	¡ ahora no !	¡ ahora no !	not now !	train
she wrote the word	ella escribió la palabra	ella escribió la palabra	she wrote the word	train
i dont understand french	no entiendo francés	no entiendo francés	i dont understand french	train
tom felt happy	tom se sintió feliz	tom se sintió feliz	tom felt happy	train
tom never had children	tomás nunca tuvo hijos	tomás nunca tuvo hijos	tom never had children	train
you can do it	¡ puedes hacerlo !	podéis hacerlo|puedes hacerlo|¡ puedes hacerlo !	you can do it	train
here is your dog	tu perro está aquí	aquí está tu perro|tu perro está aquí	here is your dog|your dog is here	train
tom can come today	tom puede venir hoy	tom puede venir hoy	tom can come today	train
well meet them there	los encontraremos allá	los encontraremos allá	well meet them there	train
tom doesnt eat fish	tom no come pescado	tom no come pescado	tom doesnt eat fish	train
im awake now	estoy despierto ahora	estoy despierto ahora	im awake now	train
lets sing !	¡ cantemos !	¡ cantemos !	let us sing !|lets sing !	train
were through !	¡ hemos terminado !	¡ hemos terminado !	were through !	train
they mean trouble	ellos quieren decir problemas	ellos quieren decir problemas	they mean trouble	train
it was quiet again	volvió la calma	volvió la calma	it was quiet again	train
dont be sad	no estés triste	no estés triste	dont be sad	train
its dark in here	está oscuro aquí	está oscuro aquí	its dark in here	train
i love god	yo amo a dios	yo amo a dios	i love god	train
tom has my keys	tom tiene mis llaves	tom tiene mis llaves	tom has my keys	train
one must always study	siempre hay que estudiar	siempre hay que estudiar	one must always study	train
its now your turn	ahora es tu turno	ahora es tu turno	its now your turn|now its your turn	train
they didnt say anything	ellos no dijeron nada	ellos no dijeron nada	they didnt say anything	train
go wait outside	ve a esperar afuera	ve a esperar afuera	go wait outside	train
fire !	¡ fuego !	¡ fuego !	fire !|shoot !	train
go ahead !	adelante	adelante	go ahead|go ahead !	train
i dont like tom	no me gusta tom	no me gusta tom	i dont like tom	train
he likes snow	le gusta la nieve	le gusta la nieve	he likes snow|she likes snow	train
give me time	dame tiempo	dame tiempo	give me time	train
for me its important	para mí es importante	para mí es importante	for me its important|to me its important	train
theres something in here	aquí hay algo	aquí hay algo|hay algo aquí	theres something in here	train
theyre waiting outside	ellos están esperando afuera	ellos están esperando afuera	theyre waiting outside	train
nobody can know it	nadie puede saberlo	nadie puede saberlo	nobody can know it	train
im very sorry	lo lamento mucho	lo lamento mucho|lo siento mucho	i am very sorry|im very sorry	train
they understand us	nos entienden	nos entienden	they understand us	train
i think so too	yo también lo pienso	también lo creo|también pienso igual|yo también lo creo|yo también lo pienso	i think so too	train
the room was warm	la habitación estaba caliente	la habitación estaba caliente	the room was hot|the room was warm	train
im a human	soy un ser humano	soy un humano|soy un ser humano	im a human	train
i play baseball	juego al béisbol	juego al béisbol	i play baseball	train
i shouldnt drink	no debería beber	no debería beber	i shouldnt drink	train
hes short and fat	es bajo y gordo	es bajo y gordo	hes short and fat	train
ill pay for this	pagaré por esto	pagaré por esto	ill pay for this	train
quiet please	por favor silencio	por favor silencio	quiet please	train
its this book	es este libro	es este libro	its this book	train
they were also asked	también se les preguntó	también se les preguntó	they were also asked	train
my brother did	lo hizo mi hermano	lo hizo mi hermano	my brother did	train
there isnt any mistake	no hay ningún error	no hay ningún error	there isnt any mistake|theres no mistake	train
now were talking	ahora estamos hablando	ahora estamos hablando	now were talking	train
i have lost count	he perdido la cuenta	he perdido la cuenta	i have lost count|ive lost count	train
it rained yesterday	llovió ayer	llovió ayer	it rained yesterday	train
get out !	¡ fuera !	¡ fuera !	get away !|get lost !|get out !|go !|out !	train
i see a man	veo a un hombre	veo a un hombre	i see a man	train
i became first	quedé primero	quedé primero	i became first	train
this woman is blind	esta mujer es ciega	esta mujer es ciega	this woman is blind	train
i felt bad	me sentía mal	me sentí mal|me sentía mal	i felt bad	train
you know too much	sabes demasiado	sabes demasiado	you know too much	train
the hat is yours	el sombrero es tuyo	el sombrero es tuyo	the hat is yours	train
youd better go home	mejor vete a casa	mejor vete a casa	youd better go home	train
do it monday	hazlo el lunes	hazlo el lunes	do it monday	train
he also saw it	él también lo vio	él también lo vio	he also saw it|he saw it too	train
you just need help	tan solo necesitas ayuda	tan solo necesitas ayuda	you just need help	train
tom laughed	tom se rio	tom se rio	tom laughed	train
are they students ?	¿ son estudiantes ?	¿ son estudiantes ?	are they students ?|are you students ?	train
im crazy	estoy loco	estoy loco	im crazy	train
i wasnt busy today	hoy no estuve ocupado	hoy no estuve ocupado	i wasnt busy today	train
it isnt that important	no es tan importante	no es tan importante	it isnt that important|its not that important	train
do it right away	hágalo ahora mismo	hágalo ahora mismo	do it right away	train
its a hard question	es una pregunta difícil	es una pregunta difícil	its a difficult question|its a hard question	train
clean your hands	lávate las manos	lávate las manos	clean your hands|wash up|wash your hands	train
it sounds great	parece genial	parece genial	it sounds great	train
i know that girl	conozco a esa chica	conozco a esa chica	i know that girl	train
that made me laugh	eso me hizo reír	eso me hizo reír	that made me laugh	train
tom was lucky	tom tuvo suerte	tom fue afortunado|tom tuvo suerte	tom was lucky	train
im going to start	voy a empezar	voy a empezar	im going to start	train
a terrible thing happened	una terrible cosa pasó	algo terrible pasó|una terrible cosa pasó	a terrible thing happened	train
its raining outside	fuera está lloviendo	afuera está lloviendo|fuera está lloviendo	its raining outside	train
he did not come	no ha venido	no ha venido|él no vino	he did not come	train
you were totally right	tenías toda la razón	tenías toda la razón	you were totally right	train
she got married yesterday	ella se casó ayer	ella se casó ayer	she got married yesterday	train
youre dead	estás muerto	estás muerto	you dead|youre dead	train
meat please	carne por favor	carne por favor	meat please	train
they were hungry	ellos tenían hambre	ellos tenían hambre	they were hungry	train
its full	está lleno	está lleno	its full	train
hes japanese	él es japonés	él es japonés	he is japanese|hes japanese	train
im not tired	no estoy cansado	no estoy cansada|no estoy cansado	im not tired|no im tired	train
lets talk outside	vamos a hablar afuera	vamos a hablar afuera	lets talk outside	train
hes a little crazy	está un poco loco	está un poco loco	hes a little crazy	train
this is my son	este es mi hijo	este es mi hijo|él es mi hijo	this is my son	train
your mother died yesterday	tu madre murió ayer	tu madre murió ayer	your mother died yesterday	train
i saw one yesterday	ayer vi una	ayer vi una|ayer vi uno	i saw one yesterday	train
where were we ?	¿ dónde estábamos ?	¿ dónde estábamos ?	where were we ?	train
thats even better	tanto mejor	tanto mejor	thats even better	train
this is my problem	este es mi problema	este es mi problema	this is my problem	train
are you dead ?	¿ estás muerto ?	¿ estás muerto ?	are you dead ?	train
im going to pay	voy a pagar	voy a pagar	im going to pay	train
i feel very good	me siento muy bien	me siento muy bien	i feel very good	train
thats my dictionary	ése es mi diccionario	ése es mi diccionario	that is my dictionary|thats my dictionary	train
tom stopped writing	tom dejó de escribir	tom dejó de escribir	tom stopped writing	train
you may go there	puedes ir allí	puedes ir allí	you may go there	train
mary is really pretty	mary es muy bonita	mary es muy bonita	mary is really pretty	train
youre my friends	sois mis amigos	sois mis amigos	youre my friends	train
stand up tom	levántate tom	levántate tom	stand up tom	train
take my hand	toma mi mano	toma mi mano	take my hand	train
absolutely !	¡ por supuesto !	¡ por supuesto !	absolutely !|of course !	train
spanish is easy	el español es fácil	el español es fácil	spanish is easy	train
we arrived home late	llegamos tarde a casa	llegamos tarde a casa	we arrived home late	train
thanks to her	gracias a ella	gracias a ella	thanks to her	train
hes a good boy	es un buen chico	es un buen chico	hes a good boy	train
its the law	es la ley	es la ley	its the law|thats the law	train
every person is different	cada persona es diferente	cada persona es diferente	every person is different	train
no my love	no amor mío	no amor mío|no mi amor	no my love	train
were just looking around	solo estamos mirando	solo estamos mirando	were just looking around	train
he is always scared	siempre tiene miedo	siempre tiene miedo	he is always scared	train
well meet right here	nos encontraremos aquí mismo	nos encontraremos aquí mismo	well meet right here	train
the rain is wonderful	la lluvia es maravillosa	la lluvia es maravillosa	rain is wonderful|the rain is wonderful	train
spring has come	la primavera ha llegado	ha llegado la primavera|la primavera ha llegado|la primavera llegó|llegó la primavera	spring has come	train
its not funny	no es gracioso	no es divertido|no es gracioso	its not funny	train
yes thats right	sí es correcto	sí es correcto	yes thats right	train
theyre fine	ellos están bien	ellos están bien|están perfectamente	theyre fine	train
we want to help	queremos ayudar	queremos ayudar	we want to help	train
i count on him	cuento con él	cuento con él	i count on him	train
the cat drinks milk	el gato bebe leche	el gato bebe leche	the cat drinks milk	train
you must come in	debes entrar	debes entrar	you must come in	train
i didnt see anybody	no vi a nadie	no vi a nadie	i didnt see anybody	train
tom loves his work	tom ama su trabajo	tom ama su empleo|tom ama su trabajo	tom loves his job|tom loves his work	train
he has left now	ha salido ahora	ha salido ahora	he has left now|it is gone now	train
tom eats too much	tom come demasiado	tom come demasiado	tom eats too much	train
follow that car	siga a ese coche	siga a ese coche	follow that car	train
i started talking	empecé a hablar	empecé a hablar	i started talking	train
did i win ?	¿ gané ?	¿ gané ?|¿ yo gané ?	did i win ?	train
these apples are big	estas manzanas son grandes	estas manzanas son grandes	these apples are big	train
yours are better	los tuyos son mejores	los tuyos son mejores	yours are better	train
this is just wrong	esto está realmente mal	esto está realmente mal	this is just wrong	train
i speak german	yo hablo alemán	yo hablo alemán	i speak german	train
you have one minute	tienes un minuto	tenés un minuto|tienes un minuto	you have one minute	train
arent you listening ?	¿ estás escuchando ?	¿ estás escuchando ?	are you listening ?|arent you listening ?	train
its a bad time	es un mal momento	es un mal momento	its a bad time	train
i like dogs	me gustan los perros	los perros me gustan|me gustan los perros	i like dogs	train
i am ready	estoy listo	estoy listo|yo estoy listo	i am ready|im ready	train
im not her friend	no soy su amiga	no soy su amiga	im not her friend|im not his friend	train
he wrote one letter	él escribió una carta	él escribió una carta	he wrote a letter|he wrote one letter	train
i miss my sister	extraño a mi hermana	extraño a mi hermana	i miss my sister	train
he seems hungry	él se ve hambriento	él se ve hambriento	he seems hungry	train
im sorry !	¡ lo siento !	lo siento|¡ lo siento !	im sorry !	train
im not lying now	no estoy mintiendo ahora	no estoy mintiendo ahora	im not lying now	train
tom just ate lunch	tom acaba de almorzar	tom acaba de almorzar	tom just ate lunch	train
dont touch that book	no toques ese libro	no toques ese libro	dont touch that book	train
its alive	está vivo	está vivo	its alive	train
its not difficult	no es difícil	no es difícil	its not difficult	train
somebody laughed	alguien se rio	alguien se rio	somebody laughed	train
hes already left	él ya se fue	él ya se fue	hes already left	train
they drink a lot	beben mucho	beben mucho	they drink a lot	train
im not tall	no soy alto	no soy alto	im not tall	train
i feel alive	me siento viva	me siento viva|me siento vivo	i feel alive	train
im not lying	no estoy mintiendo	no estoy mintiendo	im not lying	train
this dog is yours	este perro es tuyo	este perro es tuyo	this dog is yours	train
keep the dog out	deja al perro fuera	deja al perro fuera	keep the dog out	train
i finally understand	finalmente entiendo	finalmente entiendo	i finally understand	train
tom wasnt interested	tom no estaba interesado	tom no estaba interesado	tom wasnt interested	train
everyone is here now	todos están aquí ahora	todos están aquí ahora	everyone is here now	train
that is a dog	eso es un perro	eso es un perro	that is a dog|this is a dog	train
no one likes tom	nadie quiere a tom	nadie quiere a tom	no one likes tom|nobody likes tom	train
we need more sugar	necesitamos más azúcar	necesitamos más azúcar	we need more sugar	train
ive done ok	lo hice bien	lo hice bien	i did all right|i did ok|ive done ok	train
a fish can swim	un pez puede nadar	un pez puede nadar	a fish can swim	train
i cant drive	yo no puedo conducir	yo no puedo conducir	i cant drive	train
this isnt australia	esto no es australia	esto no es australia	this isnt australia	train
were reading	estamos leyendo	estamos leyendo	were reading	train
tom is brave	tom es valiente	tom es valiente	tom is brave	train
i was very drunk	estaba muy borracho	estaba muy borracho	i was very drunk	train
he is coming tonight	viene esta noche	viene esta noche	he is coming tonight	train
its snowing hard	está nevando bastante	está nevando bastante	its snowing hard	train
i need one more	necesito una más	necesito una más|necesito uno más	i need one more	train
no one knows anything	nadie sabe nada	nadie sabe nada	no one knows anything	train
that house is big	aquella casa es grande	aquella casa es grande	that house is big	train
she loves to walk	le encanta pasear	le encanta pasear	he loves to walk|she loves to walk	train
i waited and waited	esperé y esperé	esperé y esperé	i waited and waited	train
the baby is crying	el bebé está llorando	el bebé está llorando	the baby is crying	train
impossible !	¡ imposible !	¡ imposible !	impossible !|no way !	train
she finally fell asleep	ella finalmente se durmió	ella finalmente se durmió	she finally fell asleep	train
he ran	él corrió	él corrió	he did run|he ran	train
tom waited his turn	tom esperó su turno	tom esperó su turno	tom waited his turn	train
i should stay here	debo estar aquí	debo estar aquí	i should stay here	train
this is a joke	esta es una broma	esta es una broma	this is a joke	train
everybody hates him	todos lo odian	todos lo odian	everybody hates him	train
let me come in	déjame entrar	déjame entrar	let me back in|let me come in|let me in	train
i like watching tv	me gusta ver televisión	me gusta ver televisión	i like watching tv	train
ill be right there	voy enseguida	voy enseguida	be right there|ill be right there|im leaving right now	train
i am hungry	estoy hambriento	estoy hambriento|me pica el bagre|tengo hambre|ya tengo hambre|¡ tengo hambre !	i am hungry|im hungry !	train
are you afraid ?	¿ tienes miedo ?	¿ tienes miedo ?	are you afraid ?|youre afraid ?	train
everything can be dangerous	todo puede ser peligroso	todo puede ser peligroso	everything can be dangerous	train
theres a difference	hay una diferencia	hay una diferencia	theres a difference	train
no one understands you	nadie te entiende	nadie te entiende	no one understands you	train
good night sweet dreams	buenas noches dulces sueños	buenas noches dulces sueños	good night sweet dreams	train
its fine today	hoy hace bueno	hoy hace bueno	its fine today|its nice today	train
how ?	¿ cómo ?	¿ cómo ?	how ?	train
she let her go	la dejó ir	la dejó ir	she let her go	train
tom can help	tom puede ayudar	tom puede ayudar	tom can help	train
nobody understands it	nadie lo entiende	nadie lo entiende	nobody understands it	train
we did everything together	hicimos todo juntos	hicimos todo juntos	we did everything together	train
she found it	ella lo encontró	ella lo encontró	she found it	train
this ones yours	esta es tuya	esta es tuya	this ones yours	train
tom felt lonely	tom se sintió solo	tom se sintió solo	tom felt lonely	train
im free tonight	estaré libre esta noche	estaré libre esta noche	ill be free tonight|im free tonight	train
i love chicken	me gusta el pollo	me encanta el pollo|me gusta el pollo	i like chicken|i love chicken	train
look back	mirad atrás	mira atrás|mirad atrás|mire atrás	look back	train
everyone was drinking	todos estaban bebiendo	todos estaban bebiendo	everyone was drinking	train
hes not stupid	no es tonto	no es estúpido|no es tonto|no es un tonto|él no es estúpido	he is not stupid|hes not an idiot|hes not stupid	train
it wasnt easy	no fue fácil	no fue fácil	it wasnt easy	train
its sad	es triste	es triste	its sad	train
the window opened	la ventana se abrió	la ventana se abrió	the window opened	train
tom gave up hope	tom abandonó la esperanza	tom abandonó la esperanza	tom gave up hope	train
he likes singing	le gusta cantar	le gusta cantar	he likes singing|he loves singing|she likes to sing	train
he is still angry	él sigue enojado	él aún está enojado|él está enfadado todavía|él sigue enojado	he is still angry	train
i havent met him	no lo encontré	no lo encontré	i havent met him	train
i cant remember	no me acuerdo	no me acuerdo	i cant remember|i dont remember	train
this works every time	esto funciona siempre	esto funciona siempre	this works every time	train
tom looks bored	tom parece estar aburrido	tom parece estar aburrido|tom se ve aburrido	tom looks bored|tom seems bored	train
we are brothers	somos hermanos	somos hermanos	we are brothers|were brothers	train
you must leave	tienes que irte	tienes que irte	you have to go|you must leave|youve got to go	train
youve made your choice	has hecho tu elección	has hecho tu elección	youve made your choice	train
i wasnt very sleepy	no tenía mucho sueño	no tenía mucho sueño	i wasnt very sleepy	train
toms alive	tom está vivo	tom está vivo	toms alive	train
dont go in	no entre usted	no entre usted	dont go in	train
here we are	aquí estamos	aquí estamos	here we are	train
i know its early	sé que es temprano	sé que es temprano	i know its early	train
i like to work	me gusta trabajar	me gusta trabajar	i like to work|i like working	train
be good	sed buenas	sea buena|sea bueno|sed buenas|sed buenos|sé buena|sé bueno	be good	train
tom needed the money	tom necesitaba el dinero	tom necesitaba el dinero	tom needed the money	train
im trying to sleep	estoy intentando dormir	estoy intentando dormir	im trying to sleep	train
thank you youre welcome	gracias de nada	gracias de nada	thank you youre welcome|thanks youre welcome	train
i just ate	acabo de comer	acabo de comer	i just ate	train
i talk to you	te hablo a ti	te hablo a ti	i talk to you	train
youre fired	está despedido	está despedido|estás despedido	youre fired	train
go !	¡ ya !	¡ fuera !|¡ sal !|¡ ve !|¡ ya !	go !	train
does he work ?	¿ él trabaja ?	¿ él trabaja ?	does he work ?	train
theyre back	ellas están de vuelta	ellas están de vuelta	theyre back|theyre coming back	train
you look great	te ves genial	te ves genial	you look great	train
im from australia	soy de australia	soy de australia	im from australia	train
he can swim	él sabe nadar	él sabe nadar	he can swim	train
tom kept reading	tom siguió leyendo	tom siguió leyendo	tom kept reading	train
theyre about to leave	ellos están por partir	ellos están por partir	theyre about to leave	train
tom was very sleepy	tom tenía mucho sueño	tom tenía mucho sueño	tom was very sleepy	train
i do it too	yo también lo hago	yo también lo hago	i do it too	train
you were handsome	eras guapo	eras guapo	you were handsome	train
you have meat	tienes carne	tienes carne|tú tienes carne	you have meat	train
theyre mine	son míos	ellos son míos|son míos	theyre mine	train
i was just reading	solo estaba leyendo	solo estaba leyendo|yo solo estaba leyendo	i was just reading	train
shes got a question	tiene una pregunta	ella tiene una pregunta|tiene una pregunta	he has a question|hes got a question|she has a question|shes got a question	train
this book is small	este libro es pequeño	este libro es pequeño	this book is small	train
im fine thank you	yo estoy bien gracias	estoy bien gracias|yo estoy bien gracias	im fine thank you|im fine thanks	train
we need more	necesitamos más	necesitamos más	we need more	train
come into the room	entra a la habitación	entra a la habitación|entra en la habitación	come into the room	train
i wasnt thirsty	yo no tenía sed	yo no tenía sed	i wasnt thirsty	train
this is perfect	esto es perfecto	esto es perfecto	this is perfect	train
tom is working there	tom está trabajando allí	tom está trabajando allí	tom is working there	train
she bought chicken	ella compró pollo	ella compró pollo	she bought chicken	train
i eat bread	como pan	como pan	i eat bread	train
lets sing a song	vamos cantemos una canción	vamos cantemos una canción	lets sing a song	train
i felt scared	yo me sentí asustado	yo me sentí asustado	i felt scared	train
i can speak french	puedo hablar francés	puedo hablar francés	i can speak french	train
tom is his brother	tom es su hermano	tom es su hermano	tom is his brother	train
come here fast !	ven deprisa	ven deprisa	come here fast !	train
weve got a problem	tenemos un problema	tenemos un problema	weve got a problem|weve got trouble	train
mary has her problems	maría tiene sus problemas	maría tiene sus problemas	mary has her problems	train
fix the clock	arregla el reloj	arregla el reloj	fix the clock	train
i am you	soy tú	soy tú|yo soy tú	i am you	train
tom was happy	tom era feliz	tom era feliz|tom estaba feliz|tom fue feliz	tom was happy	train
bad luck !	¡ mala suerte !	¡ mala suerte !	bad luck !	train
tom doesnt seem interested	tom no parece interesado	tom no parece interesado	tom doesnt seem interested	train
she kept working	siguió trabajando	siguió trabajando	he continued to work|she kept working	train
well do it live	lo haremos en vivo	lo haremos en vivo	well do it live	train
here is your lunch	aquí está su almuerzo	aquí está su almuerzo	here is your lunch	train
dont look over there	no mires por ahí	no mires por ahí	dont look over there	train
his shoes are brown	sus zapatos son marrones	sus zapatos son marrones	his shoes are brown	train
i talked to tom	hablé con tom	hablé con tom	i talked to tom	train
there was nobody	no había nadie	no había nadie	there was nobody	train
can you read ?	¿ puedes leer ?	¿ puedes leer ?	can you read ?	train
tom does that too	tom también hace eso	tom también hace eso	tom does that too	train
you need a lawyer	necesitas un abogado	necesitas un abogado	you need a lawyer	train
much water is needed	se necesita mucha agua	se necesita mucha agua	much water is needed	train
very well thank you	muy bien gracias	muy bien gracias	very good thank you|very well thank you	train
someone gave you something	alguien te dio algo	alguien te dio algo	someone gave you something	train
tom died	tom ha muerto	tom ha muerto	tom died|tom is dead|toms dead|toms died	train
tom loved me	tom me amaba	tom me amaba	tom loved me	train
ill call you	te llamaré	te llamaré	ill call you|ill phone you	train
tom has lost control	tom perdió el control	tom perdió el control	tom has lost control	train
i made him go	yo lo hice ir	yo lo hice ir	i made him go	train
it was pretty dark	estaba bastante oscuro	estaba bastante oscuro	it was pretty dark	train
get out	sal	sal	get out	train
dont come in	no entrar	no entrar	dont come in|keep out	train
they look very tired	parecen estar muy cansados	parecen estar muy cansados	they look very tired	train
ok ! thanks	¡ vale ! gracias	¡ vale ! gracias	ok ! thanks	train
nobody saw it coming	nadie lo vio venir	nadie lo vio venir	nobody saw it coming	train
she wants more	ella quiere más	ella quiere más	she wants more	train
she betrayed you	ella te traicionó	ella les traicionó|ella os traicionó|ella te traicionó	she betrayed you	train
he was very nervous	estaba muy nervioso	estaba muy nervioso	he was very nervous	train
its him or me	es él o yo	es él o yo	its him or me	train
i dont sing	yo no canto	yo no canto	i do not sing|i dont sing	train
they can help	ellos pueden ayudar	ellas pueden ayudar|ellos pueden ayudar	they can help	train
come on in	entre	entre	come in|come on in|go on in	train
he walks slowly	él camina despacio	él camina despacio	he walks slowly	train
i found it !	¡ lo encontré !	¡ lo encontré !	i found it|i found it !	train
this school is ours	esta escuela es nuestra	esta escuela es nuestra	this school is ours	train
toms right	tom tiene razón	tom tiene razón	tom is correct|tom is right|toms right	train
im eating now	estoy comiendo ahora	ahora estoy comiendo|estoy comiendo ahora	im eating now	train
its your book	es tu libro	es tu libro	its your book|that is your book	train
put away your things	guarda tus cosas	guarda tus cosas	put away your things	train
im not from boston	no soy de boston	no soy de boston	im not from boston	train
im really nervous	soy bastante nervioso	soy bastante nervioso	im really nervous	train
he died of cancer	él murió de cáncer	él murió de cáncer	he died of cancer	train
i worry about him	me preocupo por él	me preocupo por él	i worry about him	train
tom finally ate something	tom finalmente comió algo	tom finalmente comió algo	tom finally ate something	train
i know its wrong	sé que está mal	sé que está mal	i know its wrong	train
it isnt over yet	aún no se termina	aún no se termina	it isnt over yet	train
i am going too	yo también voy	yo también me voy|yo también voy	i am going too	train
this is a window	esto es una ventana	esto es una ventana	this is a window	train
we will fight	vamos a luchar	vamos a luchar	we will fight|well fight|were going to fight	train
get your mother	llama a tu madre	llama a tu madre	get your mother	train
yes i love it	sí me gusta	sí me gusta	yes i love it	train
lets watch tv here	veamos la televisión aquí	veamos la televisión aquí	lets watch tv here	train
were looking into that	en eso estamos	en eso estamos	were looking into that	train
well done	¡ bien hecho !	bien hecho|¡ bien hecho !	good job !|well done|well done !	train
sing !	¡ canta !	¡ canta !	sing !	train
id rather not sing	prefiero no cantar	prefiero no cantar	id rather not sing	train
mary is mine	mary es mía	mary es mía	mary is mine	train
i dont quite know	no sé bien	no sé bien	i dont quite know	train
were watching a movie	estamos viendo una película	estamos viendo una película	were watching a movie	train
yes im coming !	sí voy para allá	sí voy para allá	yes im coming|yes im coming !	train
she has nice legs	tiene buenas piernas	tiene buenas piernas	she has nice legs	train
they eat and drink	comen y beben	comen y beben	they eat and drink	train
you cant sleep here	no puedes dormir aquí	no puedes dormir aquí	you cant sleep here	train
the cake tastes sweet	la tarta sabe dulce	la tarta sabe dulce	the cake tastes sweet	train
its a beautiful picture	es una bonita foto	es una bonita foto	its a beautiful picture	train
peace	paz	paz	peace	train
this is boring	esto es aburrido	es aburrido|esto es aburrido	its boring|this is boring	train
i am new here	soy nuevo aquí	soy nuevo aquí	i am new here|im new here	train
he is my friend	él es mi amigo	es mi amigo|él es mi amigo	he is my friend	train
this car is small	este auto es pequeño	este auto es pequeño|este coche es chico	this car is small	train
im doing fine	estoy bien	estoy bien	i am good|i am okay|i am well|im cool|im doing fine|im doing okay|im doing well|im fine|im ok|im okay|im well	train
is he right ?	¿ está bien ?	¿ está bien ?	is he right ?|is that okay ?	train
its almost midnight here	es casi medianoche aquí	es casi medianoche aquí	its almost midnight here	train
drive on	continúa	continúa	drive on|go on	train
we need rules !	¡ necesitamos reglas !	¡ necesitamos reglas !	we need rules !	train
the book is yours	el libro es vuestro	el libro es tuyo|el libro es vuestro	the book is yours|the books yours	train
i think hes angry	creo que está enfadado	creo que está enfadado	i think hes angry	train
we have a plan	tenemos un plan	tenemos un plan	we have a plan	train
ill see you later	te veo luego	te veo luego	ill see you later	train
i go to school	voy a la escuela	voy a la escuela	i go to school	train
tom wanted mary	tom quería a mary	tom quería a mary	tom wanted mary	train
im in boston now	estoy en boston ahora	estoy en boston ahora	im in boston now	train
he died yesterday	él murió ayer	murió ayer|se murió ayer|él murió ayer	he died yesterday	train
hes not here	no está aquí	no está aquí|él no está aquí	he is not here|he is not in|hes not here|hes not in|it isnt here|she is not here|shes not here	train
it will be easy	será fácil	será fácil	it will be easy|itll be easy	train
leave the door open	deja la puerta abierta	deja la puerta abierta	keep the door open|leave the door open	train
these books are ours	estos libros son nuestros	estos libros son nuestros	these books are ours	train
you were scared	tenías miedo	tenías miedo	you were scared	train
you were happy	estabas feliz	estaban felices|estabas feliz	you were happy	train
i speak fast	hablo rápido	hablo rápido	i speak fast|speak fast	train
he stopped talking	él paró de hablar	él paró de hablar	he stopped talking	train
see you soon	hasta pronto	hasta pronto	see you soon	train
just think of that	sólo piensa en eso	sólo piensa en eso	just think of that	train
are you canadian ?	¿ eres canadiense ?	¿ eres canadiense ?	are you canadian ?	train
you speak quickly	tú hablas rápido	tú hablas rápido	you speak quickly	train
the computer broke	se rompió el ordenador	se rompió el ordenador|se rompió la computadora	the computer broke	train
its not a fish	no es un pez	no es un pez	it isnt a fish|its not a fish	train
he doesnt like swimming	no le gusta nadar	no le gusta nadar	he doesnt like swimming	train
thats your job	ese es tu trabajo	ese es tu trabajo	thats your job	train
i lost my key	he perdido mi llave	he perdido la llave|he perdido mi llave|perdí mi clave	i lost my key	train
like mother like daughter	tal madre tal hija	tal madre tal hija	like mother like daughter	train
this book is red	éste libro es rojo	éste libro es rojo	this book is red	train
its done !	¡ está listo !	¡ está listo !|¡ listo !	its done !	train
hey relax	hey cálmate	hey cálmate	hey relax	train
whats happened ?	¿ qué ocurrió ?	¿ qué ocurrió ?	what happened ?|whats happened ?	train
i eat japanese food	como comida japonesa	como comida japonesa	i eat japanese food	train
i dont know french	no sé francés	no sé francés	i dont know french	train
bring the key	trae la llave	trae la llave	bring the key	train
tom left right away	tom se fue enseguida	tom se fue enseguida	tom left right away	train
tom will help	tom ayudará	tom ayudará	tom will help	train
it is cold today	hace frío hoy	hace frío hoy	it is cold today|its cold today	train
say nothing	no digas nada	no digas nada	say nothing	train
dont say that word	no digas esa palabra	no digas esa palabra	dont say that word	train
see you tonight	nos vemos esta noche	nos vemos esta noche	see you tonight	train
i cant wait anymore	ya no puedo esperar	ya no puedo esperar	i cant wait anymore	train
ill call tom tomorrow	llamaré a tom mañana	llamaré a tom mañana	ill call tom tomorrow	train
were only friends	solo somos amigos	solo somos amigos|somos solo amigos	we are just friends|were just friends|were only friends	train
close the door	cierra la puerta	cierra la puerta	close the door|shut the door	train
the girl is beautiful	la niña es guapa	la chica es guapa|la niña es guapa	the girl is beautiful	train
i like music	me gusta la música	me gusta la música	i like music	train
i must learn japanese	tengo que aprender japonés	tengo que aprender japonés	i must learn japanese	train
she opened her mouth	ella abrió la boca	ella abrió la boca	she opened her mouth	train
im going to sleep	voy a dormir	voy a dormir	im going to sleep	train
i want another chance	quiero otra oportunidad	quiero otra oportunidad	i want another chance	train
the man ate bread	el hombre comió pan	el hombre comió pan	the man ate bread	train
get up !	¡ párate !	¡ levanta !|¡ levántate !|¡ párate !	get up !|stand up !	train
you dont need anything	no necesitas nada	no necesitas nada	you dont need anything|you need nothing	train
they hate me	ellas me odian	ellas me odian|ellos me odian	they hate me	train
television lies	la televisión miente	la televisión miente	television lies	train
we arrived first	llegamos primero	llegamos primero	we arrived first	train
let me say	déjame decir	déjame decir	let me say	train
tom knows things	tom sabe cosas	tom sabe cosas	tom knows things	train
are you single ?	¿ estás soltero ?	¿ estás soltero ?	are you single ?	train
he is the law	él es la ley	él es la ley	he is the law	train
tom died happy	tom murió feliz	tom murió feliz	tom died happy	train
it sounds very beautiful	suena muy hermoso	suena muy hermoso	it sounds very beautiful	train
i count on tom	cuento con tom	cuento con tom	i count on tom	train
all is one	todo es uno	todo es uno	all is one	train
thanks youre welcome	gracias de nada	gracias de nada	thank you youre welcome|thanks youre welcome	train
im not fat	no soy gorda	no soy gorda	im not fat	train
we have two kids	tenemos dos hijos	tenemos dos hijos|tenemos dos niños	we have two children|we have two kids|we have two sons	train
everything is going well	todo va bien	todo va bien	all is well|everything is fine|everything is going well	train
i doubt his words	dudo de sus palabras	dudo de sus palabras	i doubt her words|i doubt his words	train
tom has a horse	tom tiene un caballo	tom tiene un caballo	tom has a horse	train
both dogs are asleep	los dos perros duermen	ambos perros duermen|los dos perros duermen	both dogs are asleep	train
i am to blame	es culpa mía	es culpa mía|la culpa es mía|yo tengo la culpa	i am to blame	train
we are learning arabic	nosotros estamos aprendiendo árabe	nosotros estamos aprendiendo árabe	we are learning arabic	train
she was dying	ella estaba muriendo	ella estaba muriendo	she was dying	train
he accepted our offer	él aceptó nuestra oferta	él aceptó nuestra oferta	he accepted our offer	train
i am only joking	sólo estoy bromeando	sólo estoy bromeando	i am only joking	train
heres one for you	aquí hay para vos	aquí hay para vos	heres one for you	train
he cant sing	no puede cantar	no puede cantar	he cant sing	train
where is that ?	¿ dónde es ?	¿ dónde es ?|¿ dónde está ?	where is that ?	train
i bought it	lo compré	lo compré|lo he comprado	i bought it	train
youre a baby	eres un bebé	eres un bebé	youre a baby	train
tom went back inside	tom volvió adentro	tom volvió adentro	tom went back inside	train
shes crazy	ella está loca	ella está loca	she is crazy|shes crazy	train
its not cheap	no es barato	no es barato	its not cheap	train
lets go back	volvamos	volvamos	lets come back|lets go back|lets turn back	train
i must run	tengo que correr	tengo que correr	i must run	train
im on my way	estoy de camino	estoy de camino|voy en camino	im on my way	train
was it cold ?	¿ hacía frío ?	¿ hacía frío ?	was it cold ?	train
keep away from me	estate lejos de mí	estate lejos de mí	keep away from me|stay away from me	train
is he italian ?	¿ es italiano ?	¿ es italiano ?	is he italian ?	train
i study at school	estudio en la escuela	estudio en la escuela	i study at school	train
lying is wrong	mentir está mal	mentir está mal	lying is wrong	train
someones talking	alguien está hablando	alguien está hablando|alguien habla|hay alguien hablando	someones talking	train
i know the girl	conozco a esta niña	conozco a esta niña|conozco a la chica	i know the girl	train
this is serious	esto es grave	esto es grave	this is serious	train
you wont die	no vas a morir	no vas a morir	you wont die	train
look at that !	¡ mira eso !	¡ mira eso !	look at that !	train
she made me smile	me hizo sonreír	me hizo sonreír	he made me smile|it made me smile|she made me smile	train
we worked for him	trabajamos para él	trabajamos para él	we worked for him	train
someone broke the window	alguien rompió la ventana	alguien rompió la ventana	someone broke the window	train
show me the way	muéstrame el camino	muéstrame el camino	show me the way	train
those flowers have died	esas flores han muerto	esas flores han muerto|esas flores murieron	those flowers have died	train
i hate milk	odio la leche	odio la leche	i hate milk	train
they all sing together	todos cantan juntos	todos cantan juntos	everyone sings together|they all sing together	train
shes watching me	ella me está observando	ella me está observando	shes watching me	train
im pregnant	estoy embarazada	estoy embarazada	i am pregnant|im pregnant	train
you have cancer	tienes cáncer	tenés cáncer|tienes cáncer|usted tiene cáncer|ustedes tienen cáncer	you have cancer|youve got cancer	train
your car is fast	vuestro coche es rápido	vuestro coche es rápido	your car is fast	train
tom ran	tom corrió	tom corrió	tom ran	train
hes too drunk	está demasiado borracho	está demasiado borracho	hes too drunk	train
im calling you	te estoy llamando	te estoy llamando	im calling you	train
tom has three dogs	tom tiene tres perros	tom tiene tres perros	tom has three dogs	train
sit down !	¡ siéntate !	¡ sentate !|¡ siéntate !	sit down !	train
hold on a second	espera un minuto	espera un minuto	hold on a minute|hold on a second|wait a minute	train
tom studies french	tom estudia francés	tom estudia francés	tom studies french	train
lets be friends	seamos amigos	seamos amigos	lets be friends	train
tom is nervous	tom está nervioso	tom está nervioso	tom is nervous	train
she went out	ella salió	ella salió	she has gone out|she went out	train
i do like tom	sí me gusta tom	sí me gusta tom	i do like tom	train
you seem pretty nice	pareces muy simpático	pareces muy simpático	you seem pretty nice	train
i teach spanish	yo enseño español	yo enseño español	i teach spanish	train
ill pay later	pagaré más tarde	pagaré más tarde	ill pay later	train
its not that important	no es tan importante	no es tan importante	it isnt that important|its not that important	train
i lost my watch	perdí mi reloj	perdí mi reloj	i lost my watch|i lost the watch	train
its boring	esto es aburrido	es aburrido|esto es aburrido	its boring|this is boring	train
be fair	sé justo	sé justo	be fair	train
tom is naked	tom está desnudo	tom está desnudo	tom is naked	train
i cant remember now	no lo recuerdo ahora	no lo recuerdo ahora	i cant remember now	train
im speaking	estoy hablando	estoy hablando	im speaking|im talking	train
tom wanted to live	tom quería vivir	tom quería vivir	tom wanted to live	train
turn around !	¡ date vuelta !	¡ date vuelta !	turn around !	train
i feel their pain	comparto su dolor	comparto su dolor	i feel her pain|i feel their pain|i feel your pain	train
were here now tom	estamos aquí tom	estamos aquí tom	were here now tom	train
its not a game	no es un juego	no es un juego	its not a game	train
i am often depressed	a menudo estoy deprimido	a menudo estoy deprimido	i am often depressed	train
he always plays well	él siempre juega bien	él siempre juega bien	he always plays well	train
you must rest	tenés que descansar	tenés que descansar	you must rest	train
she can speak spanish	sabe hablar español	sabe hablar español	she can speak spanish	train
i cannot read french	no sé leer francés	no sé leer francés	i cannot read french|i cant read french	train
yes please come	sí ven por favor	sí ven por favor	yes please come	train
wait for us tom	espera por nosotros tom	espera por nosotros tom	wait for us tom	train
toms not french	tom no es francés	tom no es francés	toms not french	train
theres no food	no hay comida	no hay comida	theres no food	train
he plays very well	juega muy bien	juega muy bien	he plays very well	train
im sorry im late	lamento llegar tarde	lamento llegar tarde	im sorry im late|sorry to be late	train
youre really strong	eres realmente fuerte	eres realmente fuerte	youre really strong	train
i miss him	lo extraño	lo extraño	i miss him	train
she runs very fast	ella corre muy rápido	ella corre muy rápido	she runs very fast	train
im thirsty	tengo sed	tengo sed	i am thirsty|im thirsty	train
ive been waiting	he estado esperando	he estado esperando	ive been waiting	train
stay away	fuera de aquí	fuera|fuera de aquí	get out of here|stay away	train
i was satisfied	quedé satisfecho	quedé satisfecho	i was satisfied	train
so can you	tú también puedes	tú también puedes	so can you	train
you are not here	no estás aquí	no estás aquí	you are not here	train
wait for us	espera por nosotros	espera por nosotros	wait for us	train
tom tried	tomás lo intentó	tomás lo intentó	tom tried	train
these flowers are dying	estas flores están muriendo	estas flores están muriendo	these flowers are dying	train
i speak three languages	hablo tres idiomas	hablo tres idiomas	i speak three languages	train
this tea smells nice	este té huele bien	este té huele bien	this tea smells good|this tea smells nice	train
go that way	ve por allí	ve por ahí|ve por allí	go that way	train
youre my child	tú eres mi hijo	tú eres mi hijo	youre my child	train
im alone here	estoy sola acá	estoy sola acá	im alone here	train
it is too expensive	es tan caro	es demasiado caro|es tan caro	it is too expensive	train
danger danger !	¡ peligro peligro !	¡ peligro peligro !	danger danger !	train
oh dont worry	oh no te preocupes	oh no te preocupes	oh dont worry	train
i wasnt busy	no estaba ocupado	no estaba ocupado	i wasnt busy	train
i think youre lying	creo que estás mintiendo	creo que estás mintiendo	i think youre lying	train
dont stop him	no lo pares	no lo pares	dont stop him	train
he has come !	¡ ha venido !	¡ ha venido !	he has come !	train
she looked excited	ella parecía emocionada	ella parecía emocionada	she looked excited	train
hes afraid of him	tiene miedo de él	tiene miedo de él	hes afraid of him	train
she hardly ate anything	ella apenas comió	ella apenas comió|ella apenas comió nada	she hardly ate anything	train
tom didnt know anything	tom no sabía nada	tom no sabía nada	tom didnt know anything	train
we havent lost much	no hemos perdido mucho	no hemos perdido mucho	we havent lost much	train
help yourself please	adelante por favor	adelante por favor	help yourself please	train
is it clean ?	¿ está limpia ?	¿ está limpia ?|¿ está limpio ?	is it clean ?	train
this bird can fly	este pájaro puede volar	este pájaro puede volar	this bird can fly	train
ill come tomorrow	iré mañana	iré mañana	ill come tomorrow|im going tomorrow	train
he isnt here now	ahora no está aquí	ahora no está aquí	he isnt here now	train
we have to talk	tenemos que hablar	tenemos que hablar	we have to talk|we must speak|we need to talk	train
thats dangerous	eso es peligroso	eso es peligroso	thats dangerous	train
i know french	yo sé francés	yo sé francés	i know french	train
dont speak in japanese	no hables en japonés	no hables en japonés	dont speak in japanese	train
i am from france	vengo de francia	soy de francia|vengo de francia	i am from france|im from france	train
he wants to go	quiere ir	quiere ir	he wants to go	train
they said that	dijeron eso	dijeron eso|ellos dijeron eso	they said that	train
toms trapped	tom está atrapado	tom está atrapado	tom is trapped|toms trapped	train
toms shy	tom es tímido	tom es tímido	tom is shy|toms shy	train
they like mary	les agrada mary	les agrada mary	they like mary	train
tom is always serious	tom siempre está serio	tom siempre está serio	tom is always serious	train
you work too hard	trabajas demasiado	trabajas demasiado|trabajas demasiado duro|trabajas muy duro	you work too hard|you work too much	train
lets sing	cantemos	cantemos	lets sing	train
ill be free	seré libre	seré libre|voy a estar libre	ill be free	train
yanni returned	yanni volvió	yanni volvió	yanni returned	train
thats an excellent wine	es un vino excelente	es un vino excelente	its an excellent wine|thats an excellent wine|this is excellent wine	train
someone came	alguien llegó	alguien llegó|ha venido alguien	somebody came|someone came	train
weve got enough	tenemos bastante	tenemos bastante	weve got enough	train
its healthy and normal	es saludable y normal	es saludable y normal	its healthy and normal	train
i believe in god	yo creo en dios	yo creo en dios	i believe in god	train
i am well	estoy bien	estoy bien	i am good|i am okay|i am well|im cool|im doing fine|im doing okay|im doing well|im fine|im ok|im okay|im well	train
stop doing that	deja de hacer eso	deja de hacer eso|para de hacer eso	stop doing that	train
everybody loves her	todos la aman	todos la aman	everybody loves her	train
tom seems intelligent	tom parece inteligente	tom parece inteligente	tom seems intelligent	train
i love you both	los quiero a ambos	los quiero a ambos	i love you both	train
the coffee is cold	el café está helado	el café está frío|el café está helado	the coffee is cold|this coffee is cold	train
this is her book	éste es su libro	éste es su libro	this is her book	train
he left this	él dejó esto	él dejó esto	he left this	train
quiet down	baja la voz	baja la voz	quiet down	train
is that important ?	¿ es importante ?	¿ es importante ?	is it important ?|is that important ?	train
the water is green	el agua es verde	el agua es verde	the water is green	train
we werent hiding	no nos estábamos ocultando	no nos estábamos ocultando	we werent hiding	train
thanks for your patience	gracias por su paciencia	gracias por su paciencia	thanks for your patience	train
im more famous	soy más famoso	soy más famoso	im more famous	train
dont stop playing	no dejes de tocar	no dejes de tocar	dont stop playing	train
she is not beautiful	no es bonita	no es bonita	she is not beautiful	train
nobody knew	nadie lo sabía	nadie lo sabía	no one knew it|nobody knew	train
he seems angry	parece enfadada	parece enfadada	he seems angry	train
he denied everything	negó todo	negó todo|él lo negó todo	he denied everything|she denied everything	train
theyre family	son familia	ellas son familia|ellos son familia|son familia	theyre family	train
theres a bus here	hay un bus aquí	hay un bus aquí	theres a bus here	train
the horse is black	el caballo es negro	el caballo es negro	the horse is black	train
he kept singing	él siguió cantando	él siguió cantando	he kept on singing|he kept singing	train
i love you	te amo	la amo|os amo|te amo|te quiero|¡ te amo !	i love you	train
lets begin !	¡ comencemos !	¡ comencemos !	lets begin !|lets get started !	train
we have wine	tenemos vino	tenemos vino	we have wine	train
his english is perfect	su inglés es perfecto	su inglés es perfecto	her english is perfect|his english is perfect	train
im still waiting	todavía estoy esperando	todavía estoy esperando	im still waiting	train
we were always together	siempre estábamos juntos	siempre estábamos juntos	we were always together	train
tom must be sick	tom debe estar enfermo	tom debe estar enfermo	tom must be sick	train
were leaving soon !	¡ iremos pronto !	¡ iremos pronto !	were leaving soon !	train
i hate dogs	odio los perros	odio a los perros|odio los perros	i hate dogs	train
i was surprised	me sorprendió	me sorprendió	i was surprised	train
thats even worse	eso es aún peor	eso es aún peor	thats even worse	train
john isnt here	john no está aquí	john no está aquí	john isnt here	train
you are completely right	tienes toda la razón	tienes toda la razón	you are absolutely correct|you are absolutely right|you are completely right|youre absolutely correct|youre absolutely right !|youre completely right	train
tom looks angry	tom parece estar enojado	tom parece estar enojado	tom looks angry	train
she said something	ella dijo algo	ella dijo algo	she said something	train
tom is very naive	tomás es muy ingenuo	tomás es muy ingenuo	tom is very naive	train
tom felt cold	tom tiene frío	tom tiene frío	tom felt cold	train
no one will come	nadie va a venir	nadie va a venir|nadie vendrá	no one will come	train
im tired of boston	estoy cansado de boston	estoy cansado de boston	im tired of boston	train
i won !	¡ he ganado !	¡ he ganado !	i won !	train
youre safe	estás a salvo	estás a salvo	youre safe	train
its not fake	no es falso	no es falso	its not fake	train
its easy to read	es fácil leer	es fácil leer	its easy to read	train
unfortunately that is true	desafortunadamente es verdad	desafortunadamente es verdad	it is unfortunately true|unfortunately its true|unfortunately that is true	train
tom seems reasonable	tom parece razonable	tom parece razonable	tom seems reasonable	train
i didnt like it	no me gustaba	no me gustaba|no me gustó	i didnt like it	train
she helped him	ella le ayudó	ella le ayudó	she helped him	train
you got very drunk	estás muy borracho	estás muy borracho	you got very drunk	train
a horse runs quickly	un caballo corre rápidamente	un caballo corre rápidamente	a horse runs quickly	train
she looked ill	ella parecía enferma	ella parecía enferma	she looked ill	train
love your parents	ama a tus padres	ama a tus padres	love your parents	train
she hates the rules	ella odia las normas	ella odia las normas	she hates the rules	train
please relax	por favor cálmate	por favor cálmate	please calm down|please relax	train
i dont eat cheese	no como queso	no como queso	i dont eat cheese	train
im really not hungry	si no tengo hambre	si no tengo hambre	im really not hungry	train
i want some more	quiero un poco más	quiero un poco más	i want some more	train
just have a seat	siéntate	siéntate	just have a seat|sit down	train
i have a family	tengo una familia	tengo una familia	i have a family	train
we arent married	no estamos casados	no estamos casados	we arent married|were not married	train
im weak	estoy débil	estoy débil	i am weak|im weak	train
tom came here yesterday	tom vino aquí ayer	tom vino aquí ayer	tom came here yesterday	train
they are happy	ellos están felices	ellos están felices	they are happy	train
it tastes really good	esto sabe muy bien	esto sabe muy bien	it tastes really good	train
my wife looked surprised	mi esposa parecía sorprendida	mi esposa parecía sorprendida	my wife looked surprised	train
look about you	mira alrededor tuyo	mira alrededor tuyo	look about you	train
dont be stupid	no seas tonto	no seas estúpido|no seas tonto	dont be stupid	train
come back soon	vuelve pronto	vuelve pronto	come back soon|come soon	train
we have two children	tenemos dos niños	tenemos dos hijos|tenemos dos niños	we have two children|we have two kids	train
am i right ?	¿ tengo razón ?	¿ tengo razón ?	am i right ?	train
ill be back	volveré	volveré	ill be back|ill come back	train
im a good teacher	soy una buena profesora	soy un buen profesor|soy una buena profesora	im a good teacher	train
tom lost his umbrella	tom perdió su paraguas	tom perdió su paraguas	tom lost his umbrella	train
she shot a gun	ella disparó un arma	ella disparó un arma	she shot a gun	train
i am here	estoy aquí	estoy aquí	i am here|im here	train
keep talking	continúa hablando	continúa hablando	keep talking	train
she heard him cry	le oyó llorar	le oyó llorar	she heard him cry	train
she was always different	ella siempre fue diferente	ella siempre fue diferente	she was always different	train
everything is over	se acabó todo	se acabó todo	everything is over|everythings done	train
we study chinese	estudiamos chino	estudiamos chino	we study chinese	train
theyre waiting for us	nos están esperando	nos están esperando	theyre waiting for us	train
thats so sweet	eso es tan dulce	eso es tan dulce	thats so sweet	train
the brother writes	el hermano escribe	el hermano escribe	the brother writes	train
thinking hurts	pensar duele	pensar duele	thinking hurts	train
thats ridiculous	eso es ridículo	eso es ridículo	thats ridiculous|this is ridiculous	train
they love that	les encanta eso	les encanta eso	they love that	train
we can go	podemos irnos	nos podemos marchar|podemos ir|podemos irnos	we can go	train
this bed is cold	esta cama está fría	esta cama está fría	this bed is cold	train
this is his opinion	esta es su opinión	esta es su opinión	this is his opinion	train
its mine not his	es mío no suyo	es mío no suyo	its mine not his|its mine not its	train
you are pregnant	estás embarazada	estás embarazada	you are pregnant	train
this is broken	esto está roto	esto está roto	this is broken	train
i was lonely	estaba solo	estaba solo	i was lonely	train
the baby is asleep	el bebé está dormido	el bebé está dormido	the baby is asleep	train
hold on a minute	espera un minuto	espera un minuto	hold on a minute|hold on a second|wait a minute	train
they were dead	estaban muertos	estaban muertos	they were dead	train
come at two oclock	ven a las dos	ven a las dos|vengan a las dos	come at two oclock	train
speak slowly and clearly	hable despacio y claramente	hable despacio y claramente	speak slowly and clearly	train
tom called me today	tom me llamó hoy	tom me llamó hoy	tom called me today	train
he has gone out	él salió	él salió	he has gone out	train
that girl is mary	esa chica es maría	esa chica es maría	that girl is mary	train
it was snowing	estaba nevando	estaba nevando	it was snowing	train
yanni is a man	yanni es un hombre	yanni es un hombre	yanni is a man	train
they have nothing	no tienen nada	no tienen nada	they have nothing	train
we need fire	necesitamos fuego	necesitamos fuego	we need fire	train
this book seemed interesting	este libro parecía interesante	este libro parecía interesante	this book seemed interesting	train
i am tired	estoy cansada	estoy cansada|estoy cansado|¡ estoy cansado !	i am tired|i am tired !|im sleepy !|im tired|im tired !	train
tom isnt sure	tom no está seguro	tom no está seguro	tom isnt sure	train
whats done is done	lo hecho hecho está	lo hecho hecho está	whats done is done	train
tom can swim	tom puede nadar	tom puede nadar	tom can swim	train
stay put	no te muevas	no te muevas	be still|dont move|stay put|stay right there|stay still|stop moving	train
go get help	ve a pedir ayuda	ve a pedir ayuda	go get help	train
more tea ?	¿ más té ?	¿ más té ?	more tea ?	train
dont go my friends	no se vayan amigos	no se vayan amigos	dont go my friends	train
she was alone there	ella estaba allí sola	ella estaba allí sola	she was alone there	train
she hardly speaks english	ella apenas habla inglés	ella apenas habla inglés	she hardly speaks english	train
he touched my hand	me tocó la mano	me tocó la mano	he touched my hand	train
they eat meat	ellos comen carne	ellos comen carne	they eat meat	train
shes eating fruit	ella está comiendo fruta	ella está comiendo fruta	shes eating fruit	train
tom is sad	tom está triste	tom está triste	tom is sad|toms sad	train
tom doesnt want anything	tom no quiere nada	tom no quiere nada	tom doesnt want anything	train
i love speaking spanish	me encanta hablar español	me encanta hablar español	i love speaking spanish	train
those are my children	ellos son mis hijos	ellos son mis hijos	those are my children	train
tom seems naive	tomás parece ingenuo	tomás parece ingenuo	tom seems naive	train
were looking for her	la estamos buscando	la estamos buscando	were looking for her	train
its a dangerous world	es un mundo peligroso	es un mundo peligroso	its a dangerous world	train
i need to work	necesito trabajar	necesito trabajar	i need to work	train
i am studying now	ahora estoy estudiando	ahora estoy estudiando	i am studying now	train
the pen is broken	el bolígrafo está roto	el bolígrafo está roto	the pen is broken	train
ill study a lot	voy a estudiar mucho	voy a estudiar mucho	ill study a lot	train
toms young	tom es joven	tom es joven	toms young	train
everything seemed normal	todo parecía normal	todo parecía normal	everything seemed normal	train
i feel fine	me siento bien	me siento bien	i feel all right|i feel fine|i feel good|i feel well	train
remain seated !	¡ sigan sentados !	¡ siga sentado !|¡ sigan sentados !|¡ sigue sentado !	remain seated !	train
start	empieza	empieza	get started|start	train
tom could be canadian	tom podía ser canadiense	tom podía ser canadiense	tom could be canadian	train
you arent stupid	no eres estúpido	no eres estúpida|no eres estúpido|no sos estúpida|no sos estúpido	you arent stupid|youre not stupid	train
