film_id,title,year,reviews,funniness
f0001,Night Tower,2006,That long hallway shot is droll. The sound design is hilarious. The score is delightful. The premise is not raunchy. The soundtrack is doing a lot of work. The director clearly loves the genre.,8.1
f0002,Cold Field,2021,The final scene is unfunny. The trailer gives away too much. The ending is delightful. The pacing is uproarious. The premise is riotous.,8.3
f0003,Deep Signal,2016,The trailer gives away too much. The pacing is bawdy. The premise is laboured. That long hallway shot is not especially droll. The atmosphere is hysterical. The final scene is delightful.,6.3
f0004,Green Woods,2020,The final scene is unfunny. The director clearly loves the genre.,4.9
f0005,Pale Chapel,2000,Worth seeing with an audience. Every beat is never delightful. The premise is raunchy. The sound design is never vulgar. The pacing is hilarious. Shot on 16mm and it shows.,5.6
f0006,Red Market,2023,The sound design is never smug. The cast is doing real work here. The pacing is laboured. The soundtrack is doing a lot of work.,5.3
f0007,Red Chapel,2014,The first half is riotous. The third act is uproarious. The ending is never once raunchy. The cast is doing real work here.,6.7
f0008,Hollow Hour,2001,"The whole thing is never witty. The final scene is deadpan. The first half is hardly uproarious. The premise is never once bawdy. Ninety minutes, no padding. Shot on 16mm and it shows.",3.7
f0009,Quiet Harbour,2013,"The cast play it vulgar. Ninety minutes, no padding. The whole thing is not especially laboured. The first half is deadpan. Shot on 16mm and it shows. The atmosphere is never crass.",7.5
f0010,Bitter House,2013,The trailer gives away too much. The sound design is never once deadpan. The cast is doing real work here.,4.6
f0011,Pale Orchard,2008,The sound design is tired. The cast is doing real work here. Shot on 16mm and it shows.,3.4
f0012,Bitter Orchard,2008,The sound design is not especially witty. The third act is laboured. The score is hysterical. The cast is doing real work here. The whole thing is unfunny.,4.4
f0013,The Tower,2010,"The middle hour is hardly witty. The soundtrack is doing a lot of work. I saw it in a full theatre, which helped. The final scene is delightful. The ending is tired.",5.0
f0014,Cold Coast,2007,"The director clearly loves the genre. I saw it in a full theatre, which helped. The third act is riotous. The first half is tired.",5.9
f0015,Black Tower,1998,The atmosphere is never witty. Shot on 16mm and it shows. The pacing is never filthy. The third act is not hilarious. Every beat is delightful.,4.2
f0016,Blue Room,2003,"The first half is twee. The pacing is vulgar. The score is unfunny. I saw it in a full theatre, which helped. Ninety minutes, no padding. The third act is deadpan.",5.2
f0017,Wild Tower,2015,The middle hour is not especially smug. That long hallway shot is never laboured. The trailer gives away too much. The atmosphere is bawdy.,6.6
f0018,Night Chapel,2000,"Ninety minutes, no padding. The middle hour is hysterical. I saw it in a full theatre, which helped.",6.0
f0019,Winter Market,2006,"The sound design is not especially smug. The first half is hardly raunchy. Ninety minutes, no padding. The atmosphere is hardly bawdy.",4.9
f0020,Winter Valley,2019,Shot on 16mm and it shows. The premise is smug. The score is hardly twee. The first half is not riotous.,4.5
f0021,Low Mirror,2016,"The pacing is not especially laboured. That long hallway shot is raunchy. Ninety minutes, no padding.",5.1
f0022,Bitter Garden,2002,The atmosphere is hardly vulgar. The cast play it hardly riotous. The sound design is crass. Worth seeing with an audience. Shot on 16mm and it shows.,4.1
f0023,Red Harbour,2020,The pacing is never deadpan. The ending is hysterical. The cast play it not remotely tired. The sound design is smug. The cast is doing real work here. The atmosphere is hardly vulgar. The premise is not uproarious. Every beat is crass.,4.2
f0024,Far Light,2013,Every beat is delightful. The atmosphere is hardly droll. The final scene is laboured. The soundtrack is doing a lot of work. The ending is not raunchy.,4.1
f0025,Bright Light,1999,"The third act is uproarious. The trailer gives away too much. I saw it in a full theatre, which helped. The cast play it delightful.",7.3
f0026,Quiet Mirror,2012,The cast play it witty. The trailer gives away too much. The director clearly loves the genre. The final scene is delightful. The premise is droll.,7.9
f0027,Cold Signal,2013,The third act is laboured. The soundtrack is doing a lot of work. The cast play it hysterical. The first half is twee. The sound design is not remotely hilarious. The atmosphere is vulgar.,4.4
f0028,Quiet House,2004,"The cast play it unfunny. Ninety minutes, no padding. The third act is not remotely bawdy. The atmosphere is not remotely hilarious.",3.3
f0029,Small Bridge,2005,Every beat is vulgar. The score is crass. The director clearly loves the genre. That long hallway shot is not especially witty. The middle hour is riotous. The final scene is hardly unfunny. The cast is doing real work here.,6.7
f0030,The Well,2024,"The sound design is hysterical. Every beat is never filthy. The first half is not remotely droll. I saw it in a full theatre, which helped. Shot on 16mm and it shows. That long hallway shot is not especially vulgar.",4.6
f0031,Bitter Coast,2001,The trailer gives away too much. The first half is not remotely hilarious. The cast is doing real work here. The final scene is not remotely smug. That long hallway shot is hysterical.,5.9
f0032,Long Chapel,2014,"Ninety minutes, no padding. The pacing is not witty. The first half is crass. The sound design is deadpan. Shot on 16mm and it shows.",5.9
f0033,Pale Station,1999,The premise is never once bawdy. That long hallway shot is hardly hysterical. The pacing is vulgar. The score is never smug. Worth seeing with an audience.,5.0
f0034,Blue Garden,2001,"The whole thing is not unfunny. The middle hour is bawdy. Ninety minutes, no padding. The pacing is hilarious. The ending is filthy. That long hallway shot is hysterical. Shot on 16mm and it shows. The score is uproarious. The final scene is laboured.",8.8
f0035,Hollow Well,2019,The sound design is laboured. The score is never droll. The third act is riotous. The cast is doing real work here. The pacing is tired. The atmosphere is vulgar. The whole thing is witty.,4.6
f0036,Near Station,1998,"The score is tired. The middle hour is never once vulgar. The atmosphere is not remotely witty. I saw it in a full theatre, which helped. The whole thing is not especially laboured.",3.8
f0037,Winter Field,2003,The score is hysterical. The ending is not especially smug. The premise is unfunny. The soundtrack is doing a lot of work. The third act is droll.,7.1
f0038,Old Tide,2007,"The cast play it tired. The soundtrack is doing a lot of work. Every beat is never hilarious. I saw it in a full theatre, which helped. The final scene is delightful. The third act is hardly deadpan. The premise is filthy.",3.8
f0039,Pale Door,1999,The score is never witty. That long hallway shot is crass. Worth seeing with an audience. The first half is hardly laboured.,5.0
f0040,Deep Hollow,2005,Worth seeing with an audience. The middle hour is laboured.,4.2
f0041,Cold Woods,2010,"The score is filthy. Ninety minutes, no padding.",5.6
f0042,Cold Station,2014,The middle hour is twee. The score is laboured. Shot on 16mm and it shows.,3.8
f0043,Wild Bridge,2005,The third act is never filthy. The pacing is raunchy. The soundtrack is doing a lot of work. That long hallway shot is never once unfunny.,5.5
f0044,Winter House,1999,The cast play it droll. The cast is doing real work here. The ending is unfunny. The atmosphere is twee. Worth seeing with an audience.,4.8
f0045,Night Garden,2009,Worth seeing with an audience. The pacing is deadpan. That long hallway shot is never once riotous. Every beat is never droll.,4.2
f0046,Small Ferry,2022,"I saw it in a full theatre, which helped. The ending is smug. The premise is never twee. That long hallway shot is riotous.",5.8
f0047,Night Valley,2021,"The middle hour is smug. I saw it in a full theatre, which helped. That long hallway shot is crass. The ending is raunchy.",5.1
f0048,Night Well,2016,The atmosphere is raunchy. Shot on 16mm and it shows. The middle hour is riotous.,7.5
f0049,Winter Light,1998,The atmosphere is not remotely raunchy. The middle hour is bawdy. The whole thing is not especially hilarious. Every beat is hysterical. The ending is droll. The trailer gives away too much.,6.7
f0050,Hollow Field,2019,The director clearly loves the genre. The premise is deadpan. Shot on 16mm and it shows. The first half is witty.,7.2
f0051,The Bridge,1998,The ending is witty. The director clearly loves the genre. Worth seeing with an audience.,5.8
f0052,Low Room,2012,Worth seeing with an audience. The sound design is unfunny. The middle hour is witty. The first half is not especially hysterical. The atmosphere is riotous.,5.4
f0053,Low Tower,2016,"The whole thing is bawdy. Ninety minutes, no padding. The premise is hardly uproarious.",4.7
f0054,Deep Garden,2013,"Shot on 16mm and it shows. I saw it in a full theatre, which helped.",4.5
f0055,Bitter Bridge,2020,Every beat is unfunny. Shot on 16mm and it shows. The first half is deadpan. The cast play it crass. The middle hour is raunchy.,6.6
f0056,Red Orchard,2012,Worth seeing with an audience. The final scene is not remotely twee. The atmosphere is uproarious. The whole thing is not especially smug. The soundtrack is doing a lot of work. The score is deadpan. The ending is delightful.,9.4
f0057,Black Signal,2020,The director clearly loves the genre. The premise is unfunny. Every beat is not remotely hilarious.,3.8
f0058,Wild Mirror,2000,The ending is never riotous. The trailer gives away too much. The sound design is droll.,5.5
f0059,Night Coast,2006,The ending is never once deadpan. Worth seeing with an audience.,4.3
f0060,Night Field,2003,The score is droll. The ending is vulgar. The soundtrack is doing a lot of work. Worth seeing with an audience. The first half is uproarious. The sound design is smug. The premise is bawdy.,7.8
f0061,Grey Signal,2014,The atmosphere is twee. The pacing is crass. Worth seeing with an audience. That long hallway shot is not especially raunchy. The director clearly loves the genre. The score is hardly laboured.,5.3
f0062,Grey Signal II,2019,The trailer gives away too much. The atmosphere is not remotely laboured. The first half is hardly twee. Every beat is not remotely vulgar.,5.3
f0063,Low Hour,2009,"I saw it in a full theatre, which helped. The ending is uproarious. The third act is hysterical.",7.7
f0064,Hollow Hollow,2006,"Ninety minutes, no padding. The middle hour is bawdy. The sound design is not remotely laboured. That long hallway shot is uproarious. Shot on 16mm and it shows. Every beat is not remotely witty. The cast play it droll.",7.1
f0065,Red Valley,2004,The trailer gives away too much. That long hallway shot is not remotely bawdy. The whole thing is hilarious.,6.0
f0066,Night Field Returns,2002,Shot on 16mm and it shows. The cast play it tired. The first half is not remotely droll. The middle hour is witty.,4.3
f0067,Red Well,2004,The director clearly loves the genre. The atmosphere is raunchy.,5.4
f0068,Winter Chapel,2019,"I saw it in a full theatre, which helped. The pacing is not remotely riotous. Ninety minutes, no padding. Every beat is hysterical. The middle hour is witty.",6.4
f0069,Green Garden,2014,The pacing is delightful. The cast is doing real work here. The atmosphere is hardly laboured. The whole thing is riotous.,7.6
f0070,Hollow Garden,1999,"That long hallway shot is never droll. The first half is unfunny. Ninety minutes, no padding. The premise is tired. The soundtrack is doing a lot of work. The sound design is hilarious.",3.9
f0071,Deep Market,1998,The soundtrack is doing a lot of work. That long hallway shot is hardly smug. The middle hour is hardly hilarious. The cast is doing real work here. The score is twee.,4.3
f0072,Wild Hour,2015,Shot on 16mm and it shows. The first half is unfunny.,4.1
f0073,Bright Tower,2002,Every beat is tired. The score is not raunchy. The soundtrack is doing a lot of work. The cast play it not especially crass.,4.9
f0074,Night Station,2015,The cast play it witty. The cast is doing real work here. The atmosphere is deadpan. The sound design is uproarious.,8.7
f0075,Night Woods,1998,"The premise is vulgar. Ninety minutes, no padding. I saw it in a full theatre, which helped. The middle hour is bawdy. The ending is tired. The score is deadpan.",6.8
f0076,Hollow Garden Redux,2003,"The sound design is hysterical. Every beat is laboured. Ninety minutes, no padding. The director clearly loves the genre. The pacing is hardly uproarious. The final scene is smug.",3.7
f0077,Cold Garden,2021,"The atmosphere is never once witty. Ninety minutes, no padding. The score is delightful. The pacing is never hysterical.",4.0
f0078,Black Mirror,2023,"Every beat is unfunny. Ninety minutes, no padding. The whole thing is filthy. The cast is doing real work here. The third act is raunchy.",5.0
f0079,Salt Station,2008,"The third act is droll. I saw it in a full theatre, which helped. The ending is hysterical.",7.3
f0080,Green House,2001,Worth seeing with an audience. The first half is hilarious. The final scene is smug. The middle hour is droll. The score is riotous. Shot on 16mm and it shows.,7.3
f0081,Old Station,2013,The premise is hardly bawdy. The first half is twee. The pacing is laboured. The soundtrack is doing a lot of work.,3.8
f0082,Black Tide,2009,The cast is doing real work here. The third act is laboured. The premise is not especially unfunny.,5.9
f0083,Deep Tide,2011,The whole thing is never once witty. The third act is unfunny. Shot on 16mm and it shows. Every beat is droll.,4.2
f0084,Night Signal,2021,The ending is hardly uproarious. The cast is doing real work here.,3.5
f0085,Far Chapel,2024,The whole thing is not especially tired. The cast is doing real work here. The soundtrack is doing a lot of work. The score is not especially smug. The pacing is not remotely riotous.,5.3
f0086,Small Ferry Redux,2020,The whole thing is crass. The trailer gives away too much. The premise is witty. The ending is deadpan. Worth seeing with an audience.,7.3
f0087,Last Harbour,2021,The soundtrack is doing a lot of work. That long hallway shot is not remotely crass. The score is hilarious.,4.9
f0088,Night Signal Redux,2007,Shot on 16mm and it shows. Worth seeing with an audience. The ending is filthy. The pacing is bawdy. The cast play it not especially deadpan.,5.1
f0089,Hollow Signal,2009,Every beat is not remotely bawdy. The middle hour is twee. That long hallway shot is not remotely raunchy. The ending is hysterical. The cast play it delightful. The first half is not unfunny. The trailer gives away too much. Shot on 16mm and it shows. The score is uproarious.,8.1
f0090,Long Room,2008,"I saw it in a full theatre, which helped. The whole thing is not especially twee. The sound design is smug. The soundtrack is doing a lot of work.",5.3
f0091,Salt Door,1998,"The premise is not especially droll. The soundtrack is doing a lot of work. I saw it in a full theatre, which helped. The third act is never once laboured. The ending is never once riotous.",3.0
f0092,Black Door,2023,"The whole thing is not remotely smug. I saw it in a full theatre, which helped. The atmosphere is raunchy. The first half is vulgar.",6.4
f0093,Bitter Field,2005,Shot on 16mm and it shows. The pacing is deadpan. The atmosphere is not especially filthy. The cast is doing real work here. The whole thing is not hilarious.,4.6
f0094,Red Ferry,2000,Worth seeing with an audience. Shot on 16mm and it shows.,6.0
f0095,Old House,2018,The ending is not especially bawdy. The final scene is witty. The third act is filthy. The cast is doing real work here. That long hallway shot is not remotely uproarious.,5.7
f0096,Near Hour,2021,The sound design is witty. The final scene is never once deadpan. Every beat is never filthy. The cast is doing real work here.,5.3
f0097,Black Ferry,2005,The cast play it never smug. Shot on 16mm and it shows. The trailer gives away too much. That long hallway shot is hysterical. The atmosphere is not especially unfunny. The premise is riotous.,9.1
f0098,Small Bridge Returns,2006,The director clearly loves the genre. The trailer gives away too much.,4.5
f0099,Small House,2014,The final scene is riotous. Every beat is never once droll. The cast is doing real work here. The atmosphere is not remotely twee.,5.9
f0100,Bitter Hour,2024,The cast play it not remotely laboured. The third act is riotous. The director clearly loves the genre. The final scene is never once delightful. The sound design is unfunny.,5.4
f0101,Grey Valley,1999,The premise is filthy. The score is laboured. Shot on 16mm and it shows. The middle hour is uproarious. Every beat is unfunny.,5.0
f0102,Small Station,2023,The atmosphere is unfunny. The first half is never droll. Worth seeing with an audience. The director clearly loves the genre.,3.4
f0103,Grey Valley III,2012,The soundtrack is doing a lot of work. The director clearly loves the genre. The atmosphere is vulgar.,5.7
f0104,Grey Tide,2012,The premise is not uproarious. The atmosphere is vulgar. The cast play it tired. The pacing is raunchy. Shot on 16mm and it shows. The first half is hilarious.,4.9
f0105,Small Bridge II,2005,The third act is deadpan. The sound design is witty. The premise is hardly hysterical. The ending is never smug. The trailer gives away too much. The atmosphere is twee.,7.0
f0106,Pale Well,2012,The premise is not bawdy. The ending is not remotely uproarious. The trailer gives away too much. The first half is not especially delightful. The atmosphere is droll. That long hallway shot is not filthy.,3.3
f0107,Winter Light Redux,2004,The cast is doing real work here. The cast play it not droll. The trailer gives away too much.,4.0
f0108,Night Woods Redux,2012,"The ending is hilarious. I saw it in a full theatre, which helped. Shot on 16mm and it shows. The middle hour is not bawdy. Every beat is delightful.",7.4
f0109,Pale Bridge,2013,"The cast play it never crass. The trailer gives away too much. Ninety minutes, no padding. The pacing is hilarious. The first half is deadpan.",7.3
f0110,Far Lantern,2004,The pacing is not riotous. The trailer gives away too much.,4.2
f0111,Night Chapel III,2022,The trailer gives away too much. The first half is not especially smug. The soundtrack is doing a lot of work. The atmosphere is hilarious. The sound design is droll. The whole thing is never once delightful.,6.6
f0112,Blue Woods,2023,The cast is doing real work here. Worth seeing with an audience. The first half is tired. Every beat is hilarious.,5.8
f0113,Winter Hour,1998,Shot on 16mm and it shows. The director clearly loves the genre. The whole thing is not crass.,4.3
f0114,Deep Market Redux,2009,The final scene is deadpan. Shot on 16mm and it shows.,6.4
f0115,Quiet Tower,2021,The ending is witty. The sound design is crass. The third act is unfunny. The cast is doing real work here. The cast play it smug. The first half is raunchy.,5.0
f0116,Bright Hour,2013,The cast is doing real work here. The final scene is crass. The director clearly loves the genre. That long hallway shot is hilarious.,6.7
f0117,Pale Harbour,2021,"I saw it in a full theatre, which helped. The cast play it never smug. The first half is never hilarious. Shot on 16mm and it shows. The sound design is never once riotous.",3.6
f0118,Old Hour,2011,"Ninety minutes, no padding.",5.0
f0119,Red Valley Redux,2015,"Shot on 16mm and it shows. I saw it in a full theatre, which helped. The middle hour is hysterical.",5.5
f0120,Bitter Garden Returns,2002,"The whole thing is droll. The atmosphere is hilarious. The ending is hysterical. Shot on 16mm and it shows. Ninety minutes, no padding. The third act is twee. The premise is bawdy.",7.7
f0121,Winter Light II,2002,The middle hour is tired. Shot on 16mm and it shows. The whole thing is not remotely crass. The final scene is not witty. The cast is doing real work here. That long hallway shot is riotous.,3.8
f0122,Long Light,2021,Shot on 16mm and it shows. The atmosphere is hysterical. Every beat is never tired.,7.2
f0123,Blue House,2008,The score is smug. The cast is doing real work here. The pacing is riotous. The first half is hardly hysterical.,3.9
f0124,Near Tide,2004,The ending is hilarious. The sound design is vulgar. The cast is doing real work here. Every beat is bawdy. The cast play it never uproarious.,6.0
f0125,Old Orchard,2019,The premise is droll. The atmosphere is never deadpan. The director clearly loves the genre. The ending is hilarious. Shot on 16mm and it shows.,6.6
f0126,Pale Signal,2018,"Every beat is twee. Shot on 16mm and it shows. The ending is uproarious. The pacing is not laboured. The sound design is deadpan. I saw it in a full theatre, which helped.",7.0
f0127,Black Station,2011,"Worth seeing with an audience. The score is not tired. The ending is delightful. Ninety minutes, no padding. The cast play it never witty.",6.5
f0128,Green Door,2020,The whole thing is not hilarious. The ending is delightful. The premise is not bawdy. The first half is deadpan. Shot on 16mm and it shows.,6.1
f0129,Red Garden,2006,"The trailer gives away too much. I saw it in a full theatre, which helped. The premise is not especially smug. That long hallway shot is twee. The ending is never once filthy. The cast play it droll. The score is witty.",6.9
f0130,Blue Orchard,2021,The ending is never once delightful. The third act is hysterical. The sound design is deadpan. The director clearly loves the genre. That long hallway shot is laboured. The cast play it twee.,5.5
f0131,Last Orchard,2017,The first half is witty. The third act is hardly hysterical. The soundtrack is doing a lot of work. The cast play it tired. The whole thing is crass. That long hallway shot is uproarious. The ending is bawdy.,6.2
f0132,Grey Woods,2020,The sound design is witty. The soundtrack is doing a lot of work. The pacing is not especially riotous. The atmosphere is twee. The director clearly loves the genre.,4.9
f0133,Far Well,2021,"I saw it in a full theatre, which helped. The middle hour is not especially vulgar. The third act is not especially hysterical. The final scene is never once droll. The trailer gives away too much. The atmosphere is uproarious. That long hallway shot is unfunny.",3.7
f0134,Hollow Valley,2013,"The whole thing is crass. The third act is never once laboured. I saw it in a full theatre, which helped. That long hallway shot is twee. Every beat is filthy. Worth seeing with an audience.",5.5
f0135,Grey Market,2018,"The sound design is filthy. The premise is smug. The final scene is hardly riotous. The pacing is deadpan. Ninety minutes, no padding. Every beat is tired. Shot on 16mm and it shows.",4.0
f0136,Bright Hour II,2015,The first half is witty. The trailer gives away too much. Shot on 16mm and it shows. The ending is riotous.,6.6
f0137,Wild Signal,2018,The first half is not especially deadpan. Shot on 16mm and it shows. The score is filthy. The sound design is not remotely crass. The middle hour is not especially unfunny. The final scene is hysterical. The whole thing is uproarious.,7.1
f0138,Wild Light,2008,"The soundtrack is doing a lot of work. I saw it in a full theatre, which helped. The first half is droll. The premise is tired.",5.9
f0139,Hollow Coast,1999,The first half is crass. The trailer gives away too much. The cast is doing real work here.,6.1
f0140,Long Tower,2004,"The cast play it not remotely hysterical. The first half is witty. I saw it in a full theatre, which helped. The ending is not remotely bawdy.",4.5
f0141,Near Field,2024,The first half is witty. The atmosphere is smug. The pacing is hardly raunchy. The ending is not laboured. Worth seeing with an audience. That long hallway shot is uproarious.,7.5
f0142,Bright Signal,2016,The pacing is crass. The trailer gives away too much. Every beat is uproarious. The sound design is droll. The middle hour is bawdy.,8.4
f0143,Blue Valley,2009,"The pacing is hilarious. I saw it in a full theatre, which helped. The premise is vulgar. Ninety minutes, no padding. The cast play it witty.",7.6
f0144,Bright Ferry,2009,The third act is delightful. The soundtrack is doing a lot of work. Every beat is riotous. The trailer gives away too much. That long hallway shot is droll. The cast play it never once vulgar.,7.7
f0145,Old Station Redux,2014,"Ninety minutes, no padding. The sound design is laboured. The score is filthy. The trailer gives away too much.",5.4
f0146,Long Mirror,2010,"The director clearly loves the genre. The whole thing is hilarious. Every beat is vulgar. The atmosphere is delightful. The cast play it tired. I saw it in a full theatre, which helped.",7.1
f0147,Cold Station Redux,2002,Worth seeing with an audience. The sound design is not remotely twee. Every beat is tired. The middle hour is not remotely deadpan. The trailer gives away too much.,4.3
f0148,Deep Hollow III,2015,The score is hilarious. The middle hour is witty. The soundtrack is doing a lot of work. The third act is raunchy. The first half is hysterical. The sound design is smug. The pacing is not vulgar. Shot on 16mm and it shows. The final scene is unfunny.,6.4
f0149,Near Woods,2004,The third act is twee. The final scene is not raunchy. Worth seeing with an audience. The cast play it hysterical.,4.9
f0150,Bitter Room,2021,Shot on 16mm and it shows. The director clearly loves the genre. That long hallway shot is riotous. The whole thing is tired.,6.2
f0151,Grey Market II,2002,"Every beat is hardly droll. I saw it in a full theatre, which helped. The whole thing is hysterical. The atmosphere is never twee.",5.5
f0152,Wild Ferry,2021,The first half is hysterical. The sound design is crass. The pacing is bawdy. The trailer gives away too much. Shot on 16mm and it shows. The score is never unfunny. Every beat is not twee. The premise is not remotely deadpan.,7.9
f0153,Cold Door,2000,The first half is never raunchy. The director clearly loves the genre. The atmosphere is hardly tired. The ending is smug. The pacing is vulgar. The third act is riotous. The premise is hysterical.,7.6
f0154,Last Woods,2015,"The whole thing is droll. The trailer gives away too much. That long hallway shot is not especially hilarious. The pacing is deadpan. Ninety minutes, no padding. The first half is not especially unfunny.",7.2
f0155,Hollow Lantern,2020,The director clearly loves the genre. Worth seeing with an audience. The ending is hardly vulgar. The final scene is twee. The score is not hilarious. That long hallway shot is not tired. The middle hour is riotous.,4.7
f0156,Small Mirror,2008,The director clearly loves the genre. The sound design is not especially bawdy. The atmosphere is never crass. The middle hour is not remotely deadpan. The pacing is unfunny. The soundtrack is doing a lot of work.,2.7
f0157,Blue Mirror,2008,The soundtrack is doing a lot of work. The middle hour is filthy. The third act is not especially crass. Shot on 16mm and it shows. The score is smug.,4.2
f0158,Old Station Redux',1998,The premise is deadpan. The first half is not smug. The pacing is uproarious. The whole thing is witty. Shot on 16mm and it shows.,9.0
f0159,Deep Room,2023,The soundtrack is doing a lot of work. The third act is not remotely uproarious. The final scene is smug. The trailer gives away too much. The cast play it not deadpan. The premise is not especially hysterical. Every beat is vulgar.,2.0
f0160,Red Woods,2022,The director clearly loves the genre. The atmosphere is not twee. The final scene is not remotely droll.,4.7
f0161,Quiet Chapel,2014,The soundtrack is doing a lot of work. Every beat is never uproarious. The premise is riotous.,5.6
f0162,Old Harbour,2011,The cast play it hysterical. The middle hour is vulgar. That long hallway shot is not remotely tired. The trailer gives away too much. The premise is uproarious. The ending is never filthy.,7.4
f0163,Long Room Redux,2021,The trailer gives away too much. That long hallway shot is unfunny. The score is laboured. Every beat is delightful.,5.3
f0164,Black Orchard,2019,The first half is hysterical. The third act is not raunchy. Shot on 16mm and it shows. The sound design is bawdy. The final scene is hilarious. That long hallway shot is never once uproarious.,6.0
f0165,Bright Door,2016,Shot on 16mm and it shows. That long hallway shot is never once twee. The director clearly loves the genre. The middle hour is bawdy.,6.4
f0166,Long Coast,2009,The middle hour is never once smug. The pacing is not especially vulgar. The soundtrack is doing a lot of work. The director clearly loves the genre.,5.6
f0167,Quiet Light,1999,The soundtrack is doing a lot of work. The cast play it never once witty. The ending is droll. Worth seeing with an audience. The score is uproarious. The final scene is raunchy.,6.5
f0168,Grey House,2002,"The cast is doing real work here. The atmosphere is riotous. The final scene is vulgar. The ending is raunchy. That long hallway shot is droll. I saw it in a full theatre, which helped.",8.4
f0169,Cold Station III,2011,That long hallway shot is hysterical. The sound design is droll. The director clearly loves the genre. The whole thing is filthy. Shot on 16mm and it shows. Every beat is uproarious.,8.9
f0170,Grey Signal Returns,2007,The middle hour is not remotely filthy. The director clearly loves the genre. The sound design is deadpan. The first half is bawdy. The score is riotous. The pacing is not especially unfunny.,7.7
f0171,Cold Tower,2010,"The pacing is raunchy. I saw it in a full theatre, which helped. The atmosphere is hardly unfunny. The first half is vulgar. The premise is riotous. The ending is hardly delightful. The director clearly loves the genre.",6.3
f0172,Bitter Coast II,2013,The director clearly loves the genre.,4.8
f0173,Grey Hour,2022,The whole thing is delightful. Worth seeing with an audience. The ending is raunchy. The middle hour is smug. The first half is not especially deadpan. The third act is filthy. The sound design is unfunny. The pacing is uproarious.,5.5
f0174,Green Well,2020,"The final scene is twee. Worth seeing with an audience. The whole thing is deadpan. The atmosphere is delightful. I saw it in a full theatre, which helped.",6.4
f0175,Old Bridge,2012,The sound design is hardly twee. The whole thing is riotous. The trailer gives away too much. The soundtrack is doing a lot of work. The premise is delightful. The pacing is never crass.,8.2
f0176,Pale Valley,2004,The cast is doing real work here. The cast play it hardly tired. The third act is twee. The first half is droll. The ending is not especially hilarious. Worth seeing with an audience. The whole thing is never once witty.,4.7
f0177,Deep Well,2021,The whole thing is witty. The ending is droll. Shot on 16mm and it shows. The atmosphere is unfunny. The middle hour is hilarious.,7.8
f0178,Blue Bridge,2019,Shot on 16mm and it shows. The atmosphere is hardly tired. The score is raunchy. The whole thing is crass. Every beat is uproarious. The ending is droll.,8.1
f0179,Bitter Valley,2019,The trailer gives away too much. The middle hour is not remotely hilarious. Shot on 16mm and it shows. That long hallway shot is not especially raunchy. The third act is unfunny. The cast play it vulgar.,3.2
f0180,Pale Signal Returns,2009,The score is hilarious. The middle hour is delightful. Worth seeing with an audience. The pacing is not remotely tired. The ending is unfunny. The trailer gives away too much.,6.9
f0181,Blue Tower,2014,The whole thing is twee. The trailer gives away too much. The pacing is hysterical. The cast play it tired. The soundtrack is doing a lot of work.,5.3
f0182,Far Tower,2020,"The score is not remotely smug. The first half is droll. Ninety minutes, no padding. That long hallway shot is delightful. The director clearly loves the genre.",7.4
f0183,Far Room,2006,Every beat is smug. The pacing is riotous. The soundtrack is doing a lot of work. The cast play it not remotely delightful. The premise is tired. The final scene is never once hilarious.,3.1
f0184,Blue Valley II,2020,The cast is doing real work here. The final scene is delightful. The atmosphere is hysterical. The ending is not especially droll. The trailer gives away too much.,6.5
f0185,Near Valley,2002,"I saw it in a full theatre, which helped. The whole thing is never laboured. The premise is tired. The soundtrack is doing a lot of work.",5.2
f0186,Bitter Harbour,2019,Worth seeing with an audience. The final scene is bawdy. The middle hour is not especially tired. That long hallway shot is delightful. The director clearly loves the genre.,7.2
f0187,Far Market,2016,"The middle hour is deadpan. The trailer gives away too much. The premise is never once hilarious. The atmosphere is delightful. The first half is never laboured. I saw it in a full theatre, which helped. The score is raunchy.",7.6
f0188,Night Lantern,2017,Shot on 16mm and it shows. The director clearly loves the genre.,5.0
f0189,Red Hour,2020,Every beat is not filthy. The cast play it unfunny. The soundtrack is doing a lot of work. The ending is hardly crass. The director clearly loves the genre.,3.4
f0190,Cold Valley,2009,"The ending is hilarious. The atmosphere is twee. I saw it in a full theatre, which helped. The premise is never bawdy. The cast is doing real work here.",4.9
f0191,Old Hour Redux,2005,The whole thing is not especially vulgar. The sound design is hardly deadpan. The score is laboured. The middle hour is tired. The trailer gives away too much. Worth seeing with an audience.,2.2
f0192,Winter Hollow,2024,"Every beat is not especially crass. The pacing is delightful. The premise is not especially smug. The atmosphere is droll. I saw it in a full theatre, which helped. The score is hardly bawdy. The trailer gives away too much. The cast play it not hysterical.",5.8
f0193,Bright Garden,2019,Shot on 16mm and it shows. The whole thing is unfunny.,4.4
f0194,Pale Signal Returns',2003,The cast is doing real work here. The whole thing is never deadpan. That long hallway shot is delightful. The first half is uproarious. Worth seeing with an audience.,5.9
f0195,Low Harbour,2019,"Ninety minutes, no padding. The sound design is hilarious. That long hallway shot is not especially unfunny. The score is droll. The final scene is never riotous.",6.9
f0196,Red Hollow,2001,Shot on 16mm and it shows. The middle hour is laboured. The pacing is bawdy. The cast play it hardly witty. The premise is never deadpan.,2.7
f0197,Bright Bridge,2018,"The pacing is uproarious. That long hallway shot is smug. The ending is hilarious. The soundtrack is doing a lot of work. The whole thing is tired. The atmosphere is not especially vulgar. I saw it in a full theatre, which helped. The final scene is never once filthy.",5.6
f0198,Deep Station,1999,Every beat is not remotely droll. The premise is hysterical. The score is smug. The trailer gives away too much.,4.7
f0199,Pale House,1998,The premise is vulgar. The director clearly loves the genre.,5.3
f0200,Green Hollow,2002,The trailer gives away too much.,5.6
f0201,Bitter House II,2018,"The sound design is crass. The third act is delightful. The soundtrack is doing a lot of work. The whole thing is twee. Ninety minutes, no padding. The first half is bawdy. The score is riotous. The pacing is not droll.",6.6
f0202,Pale Well Redux,2020,"The score is uproarious. I saw it in a full theatre, which helped. The whole thing is not especially deadpan. The middle hour is bawdy. The final scene is riotous.",6.5
f0203,Old Coast,2012,The third act is not hilarious. The trailer gives away too much. The premise is droll. The cast is doing real work here. The score is twee.,5.1
f0204,Green Woods Returns,2005,The soundtrack is doing a lot of work. The whole thing is hardly deadpan. The pacing is riotous. The third act is not especially raunchy. The first half is not smug. The director clearly loves the genre. The middle hour is delightful.,6.0
f0205,Green Woods Redux,2017,"The cast play it crass. Ninety minutes, no padding. The premise is uproarious.",6.7
f0206,Far Signal,2002,The trailer gives away too much. The ending is uproarious. The third act is hardly hilarious. The sound design is hysterical. The director clearly loves the genre.,6.2
f0207,Deep Signal II,2017,The third act is filthy. The pacing is not remotely hilarious. The soundtrack is doing a lot of work.,4.3
f0208,Bright Hollow,2010,"I saw it in a full theatre, which helped. The director clearly loves the genre. That long hallway shot is not remotely uproarious. The atmosphere is crass.",4.9
f0209,Hollow Light,2006,The whole thing is hilarious. The pacing is crass. Worth seeing with an audience. The score is laboured.,5.5
f0210,The Field,2000,"The premise is never bawdy. The pacing is hysterical. The cast play it hardly twee. That long hallway shot is vulgar. I saw it in a full theatre, which helped.",6.6
f0211,Salt Hour,2023,The premise is unfunny. The whole thing is hardly deadpan. Shot on 16mm and it shows. The atmosphere is bawdy. The director clearly loves the genre.,4.1
f0212,Low Lantern,2023,"Ninety minutes, no padding. The whole thing is not smug.",5.5
f0213,Hollow Ferry,2021,Every beat is smug. The soundtrack is doing a lot of work. The premise is witty. The whole thing is not remotely tired. The atmosphere is crass.,6.6
f0214,Long Tower III,2006,The middle hour is witty. The cast play it crass. The score is twee. Worth seeing with an audience. That long hallway shot is laboured.,5.1
f0215,Quiet Market,1999,"The director clearly loves the genre. Ninety minutes, no padding.",4.6
f0216,Wild Harbour,2022,The soundtrack is doing a lot of work. The sound design is tired. Every beat is smug. The trailer gives away too much.,3.8
f0217,Low Harbour II,2001,The soundtrack is doing a lot of work. The cast play it raunchy. That long hallway shot is hysterical. The first half is laboured. The final scene is filthy.,5.7
f0218,Deep Signal Redux,2015,The director clearly loves the genre. Shot on 16mm and it shows. The premise is never vulgar. The sound design is delightful. The pacing is deadpan. That long hallway shot is raunchy. The final scene is droll.,7.5
f0219,Small Market,1999,"The score is hardly smug. The trailer gives away too much. The whole thing is tired. Every beat is vulgar. Ninety minutes, no padding. The third act is not uproarious.",4.5
f0220,Green Field,2007,The cast play it witty. The score is hilarious. The first half is tired. Worth seeing with an audience. The soundtrack is doing a lot of work.,6.7
f0221,Cold Tower Redux,1999,That long hallway shot is hilarious. The soundtrack is doing a lot of work. The final scene is not bawdy. The whole thing is never once tired. The sound design is filthy.,6.3
f0222,Quiet Hour,2017,"I saw it in a full theatre, which helped. The director clearly loves the genre. The premise is droll. The score is vulgar.",6.5
f0223,Black Harbour,2005,"The cast play it twee. The score is filthy. I saw it in a full theatre, which helped. The pacing is never once bawdy. Ninety minutes, no padding. The atmosphere is never once hysterical. Every beat is never once witty.",2.6
f0224,Pale Harbour III,2021,Shot on 16mm and it shows. Every beat is riotous. The atmosphere is deadpan. The ending is never once hilarious. The third act is never once filthy. The cast is doing real work here.,5.7
f0225,Wild Room,2006,That long hallway shot is never twee. The sound design is raunchy. The score is tired. Every beat is vulgar. The director clearly loves the genre.,5.4
f0226,Long Chapel Redux,2008,"The score is hysterical. The pacing is unfunny. The trailer gives away too much. The ending is deadpan. Ninety minutes, no padding.",6.4
f0227,Wild Hour Returns,2023,The soundtrack is doing a lot of work. The atmosphere is delightful. Shot on 16mm and it shows.,6.2
f0228,Quiet Mirror II,2006,The premise is deadpan. The whole thing is never once hysterical. The trailer gives away too much.,5.2
f0229,Quiet Well,2010,The first half is laboured. The atmosphere is hilarious. The pacing is not especially delightful. Shot on 16mm and it shows.,4.1
f0230,Low Harbour Redux,2023,The atmosphere is laboured. The first half is not crass. The premise is hilarious. The whole thing is raunchy. The third act is never uproarious. The sound design is tired. Worth seeing with an audience.,4.6
f0231,Red Door,2020,The ending is not droll. The soundtrack is doing a lot of work. The first half is never hysterical.,3.0
f0232,Small Woods,2024,That long hallway shot is witty. The third act is hilarious. Shot on 16mm and it shows. The cast play it never once deadpan. The sound design is twee.,6.3
f0233,Old Room,1998,The trailer gives away too much. The ending is never smug. The pacing is tired. Every beat is never deadpan. The third act is hardly uproarious.,2.2
f0234,Blue Field,1998,The director clearly loves the genre. The final scene is bawdy. The cast is doing real work here.,6.1
f0235,Bitter Station,2008,"The first half is smug. Ninety minutes, no padding. The pacing is riotous. The third act is never filthy. The cast play it hysterical. The atmosphere is uproarious.",7.0
f0236,Small Room,1999,The sound design is not remotely vulgar. The premise is witty. The cast is doing real work here.,6.1
f0237,Wild Coast,1999,"The final scene is smug. The first half is not tired. Ninety minutes, no padding. The cast play it riotous. That long hallway shot is vulgar. I saw it in a full theatre, which helped.",6.1
f0238,Bright Hollow Redux,2012,The cast play it unfunny. Worth seeing with an audience. The sound design is hardly raunchy.,4.2
f0239,Last Market,1998,The soundtrack is doing a lot of work. The first half is raunchy. The cast play it tired. The final scene is hysterical.,6.1
f0240,Far Market Returns,2008,"The cast play it never once droll. I saw it in a full theatre, which helped. The premise is smug. Every beat is hilarious. Shot on 16mm and it shows.",4.7
f0241,Red Tower,1998,The cast play it hardly riotous. The director clearly loves the genre. That long hallway shot is not remotely hysterical. The sound design is deadpan. Shot on 16mm and it shows.,3.6
f0242,Hollow Garden Returns,2005,"The whole thing is uproarious. The first half is witty. The score is not remotely twee. The third act is unfunny. The cast is doing real work here. I saw it in a full theatre, which helped.",7.2
f0243,Night Mirror,2006,Worth seeing with an audience. The third act is not especially deadpan. The sound design is uproarious. That long hallway shot is tired. The premise is crass. The score is hardly witty. The atmosphere is not unfunny.,4.1
f0244,Small Station II,2022,Every beat is uproarious. The ending is not remotely droll. The pacing is filthy. The whole thing is smug. The cast is doing real work here.,5.6
f0245,Far Mirror,2015,The score is droll. The director clearly loves the genre. The first half is unfunny. The sound design is not smug. The middle hour is filthy.,6.3
f0246,Green Tide,2019,The atmosphere is witty. The cast is doing real work here. The director clearly loves the genre. The premise is filthy. The whole thing is not remotely raunchy.,5.6
f0247,Long Lantern,2001,The ending is not remotely twee. The premise is riotous. Shot on 16mm and it shows. The middle hour is deadpan. The third act is uproarious. The trailer gives away too much.,9.0
f0248,Bitter Station III,2009,Worth seeing with an audience. The first half is never once tired. The pacing is not especially hysterical. The ending is uproarious. The final scene is vulgar. The third act is crass.,6.3
f0249,Hollow Valley Returns,2006,The cast is doing real work here. The whole thing is not delightful. That long hallway shot is deadpan.,5.0
f0250,Cold Hollow,2010,The middle hour is droll. The trailer gives away too much. Shot on 16mm and it shows. That long hallway shot is twee. The score is hilarious.,6.7
f0251,Salt Mirror,2005,The third act is hardly deadpan. The first half is not laboured. Worth seeing with an audience. The sound design is never hilarious. The director clearly loves the genre.,4.5
f0252,Bitter Mirror,2021,"The middle hour is deadpan. The premise is riotous. Ninety minutes, no padding. The final scene is laboured. The pacing is not especially bawdy.",6.0
f0253,Far Station,2013,"Every beat is crass. Ninety minutes, no padding. The premise is never once riotous. The ending is filthy. The cast play it deadpan. That long hallway shot is not remotely hilarious.",4.5
f0254,Long Garden,2005,"The atmosphere is uproarious. I saw it in a full theatre, which helped. Every beat is laboured. Worth seeing with an audience.",5.4
f0255,Bitter Mirror II,2018,The ending is delightful. Shot on 16mm and it shows. The third act is not especially laboured. The middle hour is not especially vulgar. The atmosphere is not remotely crass.,6.3
f0256,Long Bridge,2021,Shot on 16mm and it shows. The director clearly loves the genre. The cast play it not remotely uproarious. The pacing is hardly delightful.,3.5
f0257,Last Harbour II,2013,The sound design is droll. The soundtrack is doing a lot of work. That long hallway shot is delightful. The premise is hardly deadpan. The middle hour is smug.,4.9
f0258,Last Mirror,2019,The premise is delightful. Shot on 16mm and it shows. Every beat is unfunny. The cast is doing real work here. The cast play it raunchy. That long hallway shot is crass. The first half is smug. The middle hour is droll.,6.9
f0259,Wild Coast II,2011,"The score is hilarious. The whole thing is bawdy. Every beat is not remotely riotous. That long hallway shot is smug. The first half is droll. Ninety minutes, no padding. Worth seeing with an audience. The final scene is not especially laboured.",6.5
f0260,Black Garden,2020,The director clearly loves the genre. The atmosphere is uproarious. The ending is hardly laboured. Shot on 16mm and it shows. The first half is not remotely tired.,7.5
f0261,Black Ferry II,2015,The third act is twee. The trailer gives away too much. The cast play it uproarious. The whole thing is never riotous. Shot on 16mm and it shows.,4.1
f0262,Quiet House III,2005,Every beat is delightful. The third act is deadpan. The ending is vulgar. The first half is unfunny. The whole thing is smug. The final scene is filthy. Worth seeing with an audience.,6.7
f0263,Quiet Signal,2020,The third act is never once uproarious. The pacing is raunchy. The director clearly loves the genre. The first half is witty. That long hallway shot is twee. The cast play it never tired. Worth seeing with an audience.,5.3
f0264,Pale Ferry,2022,"The ending is hardly hilarious. The middle hour is smug. The first half is raunchy. The director clearly loves the genre. The cast play it not remotely witty. I saw it in a full theatre, which helped. The pacing is unfunny.",2.9
f0265,Bitter Hollow,2023,The director clearly loves the genre.,5.5
f0266,Winter Tide,2005,The final scene is uproarious. The soundtrack is doing a lot of work. The first half is raunchy. The pacing is hardly deadpan. The score is twee. The middle hour is not remotely delightful.,4.1
f0267,Blue Station,2006,The third act is never riotous. The trailer gives away too much. The pacing is crass.,5.1
f0268,Old Door,2009,The cast play it hardly raunchy. The premise is delightful. The soundtrack is doing a lot of work. The trailer gives away too much. The third act is droll.,6.7
f0269,Winter Market III,2023,The cast play it never once hilarious. The third act is deadpan. The trailer gives away too much.,4.7
f0270,Grey Tide Redux,2000,The third act is vulgar. The trailer gives away too much. The middle hour is hilarious. The first half is delightful. Every beat is laboured. Worth seeing with an audience. The sound design is bawdy.,8.2
f0271,Quiet Valley,2023,The whole thing is deadpan. The first half is filthy. Worth seeing with an audience. The cast is doing real work here.,6.7
f0272,Grey Woods III,1999,Worth seeing with an audience. The whole thing is not especially uproarious. The middle hour is hysterical.,4.7
f0273,Quiet Well II,2008,The ending is tired. Every beat is laboured. That long hallway shot is not especially crass. The soundtrack is doing a lot of work. Shot on 16mm and it shows. The premise is filthy. The final scene is witty.,4.9
f0274,Salt Tide,2000,"The cast play it crass. The trailer gives away too much. The premise is vulgar. The score is not twee. Ninety minutes, no padding. The first half is uproarious.",6.9
f0275,Last Valley,2012,The soundtrack is doing a lot of work. The sound design is not especially crass. The premise is riotous. The atmosphere is vulgar.,6.4
f0276,Long Coast II,2016,"Ninety minutes, no padding. The middle hour is hilarious. The sound design is never once twee. The first half is vulgar. The cast play it not especially crass.",6.7
f0277,Wild Hollow,2014,The cast play it hardly smug. The third act is uproarious. The director clearly loves the genre. The score is raunchy. The sound design is bawdy.,7.5
f0278,Low Bridge,2021,Shot on 16mm and it shows. The premise is never smug. Worth seeing with an audience. The cast play it filthy.,5.8
f0279,Long Valley,2003,Every beat is hysterical. The soundtrack is doing a lot of work.,5.9
f0280,Wild Station,2014,"Ninety minutes, no padding. The first half is droll. The final scene is never unfunny. The cast play it riotous. The atmosphere is never laboured. The premise is vulgar.",9.1
f0281,Deep Signal II',2022,"The sound design is delightful. The pacing is laboured. I saw it in a full theatre, which helped. The whole thing is hilarious. The director clearly loves the genre.",7.3
f0282,Far Door,1998,"The score is bawdy. Ninety minutes, no padding. The atmosphere is deadpan. That long hallway shot is never once filthy.",6.0
f0283,Hollow Ferry III,2011,"The third act is crass. The middle hour is not remotely delightful. The atmosphere is not remotely raunchy. I saw it in a full theatre, which helped. The cast play it laboured. The whole thing is smug.",3.0
f0284,The Chapel,2015,"The ending is not uproarious. The whole thing is never once delightful. Ninety minutes, no padding. Every beat is droll. The cast play it raunchy. The premise is vulgar. Shot on 16mm and it shows.",4.7
f0285,Green Hour,2008,"The soundtrack is doing a lot of work. The whole thing is hardly raunchy. The atmosphere is crass. The third act is riotous. The score is never once witty. I saw it in a full theatre, which helped. The pacing is laboured.",4.8
f0286,Bright Room,2017,"Ninety minutes, no padding. The middle hour is droll. Every beat is hardly witty. That long hallway shot is never once crass. The atmosphere is uproarious.",5.4
f0287,Cold Tower III,2001,"Every beat is twee. The whole thing is crass. That long hallway shot is vulgar. Ninety minutes, no padding. The cast play it hardly laboured. The trailer gives away too much.",6.3
f0288,Grey Light,2000,"The whole thing is filthy. Ninety minutes, no padding. The third act is never witty. Worth seeing with an audience. The first half is unfunny.",3.8
f0289,Black Ferry Returns,2023,"The pacing is hysterical. The middle hour is hilarious. The score is twee. The atmosphere is delightful. Ninety minutes, no padding. The premise is not remotely tired.",8.3
f0290,Old Field,2024,"The final scene is never once unfunny. The atmosphere is delightful. The ending is uproarious. Ninety minutes, no padding. The soundtrack is doing a lot of work.",7.9
f0291,Long Garden III,2020,The final scene is laboured. That long hallway shot is smug. The whole thing is not hilarious. The trailer gives away too much. The soundtrack is doing a lot of work. The cast play it deadpan. The ending is riotous.,4.6
f0292,Last Coast,2013,"Ninety minutes, no padding.",5.1
f0293,Hollow Garden III,2000,Shot on 16mm and it shows. That long hallway shot is crass. The whole thing is unfunny. The atmosphere is uproarious. The cast is doing real work here. The sound design is bawdy.,6.2
f0294,Cold Garden II,1999,The final scene is witty. The director clearly loves the genre. The first half is droll. Every beat is bawdy. The score is raunchy. The third act is never tired. Shot on 16mm and it shows.,9.3
f0295,Night Harbour,2006,The first half is crass. The premise is uproarious. The sound design is filthy. The cast is doing real work here.,6.7
f0296,Winter Well,2012,"I saw it in a full theatre, which helped. The whole thing is not especially delightful. The trailer gives away too much. The sound design is never once smug. The first half is not remotely bawdy. That long hallway shot is uproarious. The middle hour is unfunny.",4.9
f0297,Low Coast,2000,The first half is smug. The middle hour is never twee. The pacing is witty. The soundtrack is doing a lot of work. The cast play it hilarious.,7.2
f0298,Near Tower,2006,Every beat is not unfunny. The sound design is not remotely crass. The final scene is delightful. Worth seeing with an audience. The trailer gives away too much.,6.5
f0299,Pale Room,2005,"The atmosphere is never once unfunny. The whole thing is smug. Ninety minutes, no padding. The middle hour is never droll. I saw it in a full theatre, which helped.",3.9
f0300,Far Well II,2010,"The third act is never once tired. Every beat is crass. Ninety minutes, no padding. The ending is never once unfunny. Shot on 16mm and it shows.",6.7
f0301,Salt Field,2002,"Shot on 16mm and it shows. Ninety minutes, no padding.",5.6
f0302,Small Garden,2017,The atmosphere is twee. The premise is filthy. Shot on 16mm and it shows. The sound design is vulgar. The score is laboured. The pacing is never uproarious. The director clearly loves the genre. The ending is hilarious.,4.8
f0303,Red Light,2021,The director clearly loves the genre. The final scene is droll. The third act is never hilarious. Every beat is twee. The sound design is smug. The ending is not especially hysterical.,2.9
f0304,Quiet Lantern,2008,"The sound design is not especially vulgar. I saw it in a full theatre, which helped. The trailer gives away too much. That long hallway shot is not remotely filthy.",4.1
f0305,Bitter Woods,2020,"The soundtrack is doing a lot of work. Ninety minutes, no padding. The sound design is laboured. The third act is twee. That long hallway shot is witty. The middle hour is vulgar.",5.0
f0306,Last Bridge,2009,The ending is crass. The director clearly loves the genre. Every beat is not especially bawdy. The middle hour is not especially hysterical. Worth seeing with an audience.,3.9
f0307,Green Garden Redux,2013,The cast is doing real work here. The trailer gives away too much. The whole thing is not especially bawdy.,5.3
f0308,Hollow Hour III,2019,The third act is laboured. The cast play it hysterical. The score is uproarious. The soundtrack is doing a lot of work. The whole thing is hardly unfunny.,7.1
f0309,Long Chapel Redux',2010,The pacing is never once twee. The trailer gives away too much. The final scene is raunchy.,6.2
f0310,Hollow Chapel,2017,"The soundtrack is doing a lot of work. Ninety minutes, no padding. The first half is hysterical. The pacing is delightful. The final scene is never raunchy.",6.7
f0311,Quiet Bridge,2024,"The third act is not remotely hysterical. The premise is riotous. The cast is doing real work here. The whole thing is hardly vulgar. The first half is hardly droll. The final scene is not remotely smug. Ninety minutes, no padding.",4.0
f0312,Far Signal II,2023,The soundtrack is doing a lot of work. That long hallway shot is smug. The first half is not especially tired. The atmosphere is deadpan. The whole thing is never witty. The premise is not crass.,5.3
f0313,Grey Tower,2023,The score is not filthy. The premise is crass. The soundtrack is doing a lot of work. The first half is twee.,4.2
f0314,Pale Station Redux,2017,The cast play it hysterical. The whole thing is hilarious. The trailer gives away too much.,7.4
f0315,Winter Station,2017,That long hallway shot is deadpan. Shot on 16mm and it shows. The third act is laboured. The cast is doing real work here. The premise is delightful. The cast play it raunchy. The score is bawdy. The atmosphere is unfunny.,6.4
f0316,Night Harbour Returns,2004,That long hallway shot is hysterical. Worth seeing with an audience.,6.6
f0317,Pale Mirror,2024,"The score is not remotely filthy. The atmosphere is not remotely riotous. The first half is hilarious. The trailer gives away too much. The whole thing is smug. The final scene is not remotely uproarious. I saw it in a full theatre, which helped. The cast play it laboured. The sound design is bawdy.",3.0
f0318,Night Tower Returns,2005,"The premise is filthy. I saw it in a full theatre, which helped. Worth seeing with an audience. The final scene is crass.",6.2
f0319,Near Harbour,2007,"The score is raunchy. The cast play it hilarious. The middle hour is riotous. Ninety minutes, no padding. I saw it in a full theatre, which helped.",6.9
f0320,Small Chapel,2015,The cast is doing real work here. That long hallway shot is delightful. The middle hour is smug.,6.1
f0321,Deep Door,2000,The soundtrack is doing a lot of work. The final scene is crass. Worth seeing with an audience. The third act is riotous. The middle hour is not especially smug.,7.9
f0322,Small Door,2007,Worth seeing with an audience. The pacing is not remotely vulgar. The cast play it never witty. The score is tired. The ending is not especially filthy. Shot on 16mm and it shows.,3.1
f0323,Bright Tower III,2008,The third act is riotous. The sound design is not especially raunchy. The cast is doing real work here. Shot on 16mm and it shows. The first half is unfunny.,5.5
f0324,Far Coast,2004,The premise is never crass. The ending is deadpan. The final scene is unfunny. The atmosphere is hysterical. The cast is doing real work here. The pacing is not especially hilarious. The whole thing is never once vulgar.,4.6
f0325,Hollow Chapel II,2016,The final scene is hysterical. The premise is not remotely twee. The whole thing is crass. Shot on 16mm and it shows. Worth seeing with an audience.,7.0
f0326,Small Bridge Redux,2005,The final scene is hysterical. The ending is laboured. Worth seeing with an audience. The premise is unfunny. The whole thing is delightful. Shot on 16mm and it shows. The third act is hardly droll.,5.3
f0327,The Station,2019,"Ninety minutes, no padding. Every beat is not remotely tired.",5.4
f0328,Small Chapel Redux,2004,The atmosphere is filthy. The sound design is hardly vulgar. Every beat is delightful. The director clearly loves the genre. The score is droll.,7.4
f0329,Last Tide,2004,"Ninety minutes, no padding. The first half is vulgar.",5.0
f0330,Hollow Room,2006,"The score is tired. Shot on 16mm and it shows. Ninety minutes, no padding. The premise is crass. The ending is riotous. The cast play it delightful. The first half is not especially droll. The third act is never smug.",6.1
f0331,Grey Chapel,2004,"The middle hour is laboured. The first half is filthy. The sound design is bawdy. Ninety minutes, no padding.",4.8
f0332,Low Bridge II,2011,The premise is twee. The score is uproarious. The pacing is unfunny. The trailer gives away too much. The third act is bawdy. The whole thing is delightful.,6.2
f0333,Old Market,2008,"I saw it in a full theatre, which helped. The premise is never once crass. The first half is never once bawdy. The trailer gives away too much. The ending is twee.",3.9
f0334,Red Coast,2024,The cast is doing real work here. The cast play it droll. That long hallway shot is delightful. The pacing is uproarious. The final scene is laboured.,7.8
f0335,Blue Harbour,2017,The ending is droll. The middle hour is hysterical. The first half is filthy. The trailer gives away too much.,7.4
f0336,Cold Station III',2017,"Ninety minutes, no padding. The soundtrack is doing a lot of work. The pacing is hysterical.",6.0
f0337,Deep Hollow III',2011,The director clearly loves the genre. The third act is twee. Worth seeing with an audience. The ending is smug. The premise is filthy.,4.0
f0338,Wild Coast Redux,2020,The soundtrack is doing a lot of work. The cast play it hysterical. The final scene is hardly witty.,5.3
f0339,Night Well III,2006,The pacing is never riotous. The cast play it delightful. Shot on 16mm and it shows. The director clearly loves the genre. The middle hour is tired. The third act is not remotely hilarious. The score is unfunny.,2.8
f0340,Green Station,2006,"The pacing is tired. I saw it in a full theatre, which helped. The soundtrack is doing a lot of work. The cast play it witty. The middle hour is hardly raunchy. The ending is laboured.",5.1
f0341,The Door,1999,The atmosphere is tired. The director clearly loves the genre.,4.6
f0342,Red Bridge,2001,The pacing is not especially witty. The whole thing is unfunny. Every beat is deadpan. The soundtrack is doing a lot of work. The sound design is crass. That long hallway shot is tired. The atmosphere is hysterical. The cast play it filthy.,5.9
f0343,Hollow Tide,2010,The cast is doing real work here. That long hallway shot is unfunny. The third act is crass. The whole thing is deadpan. Worth seeing with an audience. Every beat is delightful. The pacing is never once uproarious.,6.2
f0344,The Market,2011,Every beat is smug. Shot on 16mm and it shows. The trailer gives away too much.,4.5
f0345,Bitter Bridge II,2015,"That long hallway shot is bawdy. The premise is raunchy. Shot on 16mm and it shows. The pacing is hilarious. Ninety minutes, no padding.",6.8
f0346,Cold Bridge,2020,The ending is not remotely witty. The soundtrack is doing a lot of work. The director clearly loves the genre. The premise is crass.,5.1
f0347,Black Mirror III,2001,The whole thing is never once uproarious. The ending is twee. The sound design is hysterical. The cast play it riotous. The pacing is not remotely smug. The trailer gives away too much.,6.9
f0348,Red Hour II,2014,The ending is twee. That long hallway shot is bawdy. The middle hour is vulgar. Worth seeing with an audience. The final scene is hardly tired.,5.4
f0349,Winter Station Redux,2021,"The soundtrack is doing a lot of work. The first half is delightful. The premise is raunchy. The final scene is never droll. The cast play it hilarious. Ninety minutes, no padding.",7.6
f0350,Hollow Chapel III,2024,"The score is deadpan. The premise is never droll. The first half is vulgar. The cast play it hysterical. I saw it in a full theatre, which helped.",6.7
f0351,Deep Bridge,2000,"Every beat is crass. The middle hour is bawdy. Ninety minutes, no padding. The whole thing is hilarious.",7.1
f0352,Quiet Orchard,2017,"That long hallway shot is crass. Ninety minutes, no padding. The cast play it never bawdy. The premise is laboured. The whole thing is witty.",5.7
f0353,Blue Well,2002,"I saw it in a full theatre, which helped.",4.8
f0354,Hollow Door,2001,"The middle hour is witty. The cast play it not deadpan. I saw it in a full theatre, which helped. The atmosphere is not unfunny. The third act is hardly smug.",6.3
f0355,Long Door,2022,Worth seeing with an audience. The final scene is uproarious. The middle hour is unfunny. That long hallway shot is delightful. The soundtrack is doing a lot of work.,6.9
f0356,Winter Coast,2002,"The first half is delightful. I saw it in a full theatre, which helped. The atmosphere is hardly uproarious. The score is never once unfunny.",5.5
f0357,Red Valley Redux',2011,The director clearly loves the genre. Every beat is crass. The cast play it uproarious. The atmosphere is riotous.,7.4
f0358,Low Lantern Returns,2021,"Ninety minutes, no padding. Worth seeing with an audience.",5.2
f0359,Old Door Returns,2024,"The final scene is riotous. I saw it in a full theatre, which helped. The ending is bawdy. Worth seeing with an audience.",6.1
f0360,Wild Light Redux,2018,Shot on 16mm and it shows. The director clearly loves the genre. The third act is hilarious.,6.0
f0361,Salt Room,2024,The middle hour is deadpan. The atmosphere is vulgar. The ending is delightful. Shot on 16mm and it shows. Worth seeing with an audience. The first half is riotous.,8.7
f0362,Near Field II,2017,Every beat is hilarious. The score is deadpan. The cast is doing real work here. The third act is hardly twee. Worth seeing with an audience. The first half is laboured.,7.5
f0363,Salt Tower,2006,"The cast play it not remotely riotous. The premise is hardly delightful. Every beat is smug. Ninety minutes, no padding. The middle hour is droll. The atmosphere is never once bawdy.",3.2
f0364,Wild Station II,2009,The final scene is not bawdy. The third act is witty. The sound design is not delightful. The middle hour is deadpan. Shot on 16mm and it shows.,6.2
f0365,Salt Garden,2020,"The final scene is never once riotous. Every beat is witty. The score is not remotely filthy. The soundtrack is doing a lot of work. I saw it in a full theatre, which helped.",4.3
f0366,Winter Light Redux',1998,Shot on 16mm and it shows. Worth seeing with an audience. The pacing is smug.,5.0
f0367,Low Tide,2004,The middle hour is droll. The ending is crass. Every beat is hilarious. Shot on 16mm and it shows. That long hallway shot is deadpan.,8.9
f0368,Winter Door,2019,"I saw it in a full theatre, which helped. That long hallway shot is not remotely crass.",5.5
f0369,Small Orchard,2017,The trailer gives away too much. The ending is hardly bawdy. The whole thing is not especially droll. The premise is uproarious. The cast is doing real work here. The first half is riotous. The pacing is never once laboured. The sound design is vulgar.,7.0
f0370,Deep Signal Redux',2018,The premise is not unfunny. The trailer gives away too much. The director clearly loves the genre. Every beat is hysterical. The first half is riotous. The third act is deadpan.,8.8
f0371,Bitter Valley Redux,2001,The premise is deadpan. The sound design is riotous. The score is crass. Worth seeing with an audience.,7.5
f0372,Low Market,2004,"The atmosphere is hardly vulgar. The score is deadpan. The third act is hysterical. The cast play it raunchy. The ending is uproarious. I saw it in a full theatre, which helped. The cast is doing real work here.",8.4
f0373,Black Ferry II',2006,The cast play it hardly hilarious. The cast is doing real work here. The sound design is vulgar. The score is crass. The whole thing is witty. The third act is not remotely delightful.,5.5
f0374,Hollow Light Redux,2024,"Shot on 16mm and it shows. The sound design is not hysterical. Ninety minutes, no padding. The ending is unfunny. Every beat is witty. The atmosphere is hardly smug. That long hallway shot is filthy. The final scene is riotous.",6.3
f0375,Salt Ferry,2016,"The cast play it vulgar. The atmosphere is not remotely crass. The pacing is not witty. Ninety minutes, no padding.",4.0
f0376,Green Woods II,2017,"Ninety minutes, no padding. Worth seeing with an audience. The middle hour is vulgar. The third act is droll. The premise is hardly unfunny. Every beat is never once riotous.",6.3
f0377,Low House,2002,"I saw it in a full theatre, which helped. The pacing is hardly twee. Ninety minutes, no padding.",5.7
f0378,Salt Station Returns,2003,Every beat is vulgar. The pacing is smug. The director clearly loves the genre.,4.6
f0379,Long Ferry,2002,The sound design is raunchy. The cast is doing real work here. That long hallway shot is droll. The atmosphere is witty. The director clearly loves the genre. The whole thing is hardly uproarious.,6.0
f0380,Red House,2015,The third act is hysterical. Shot on 16mm and it shows. The trailer gives away too much. The ending is bawdy.,6.0
f0381,Near Signal,2015,The trailer gives away too much. The director clearly loves the genre.,4.9
f0382,Low Hour Returns,2008,The ending is bawdy. The final scene is delightful. The sound design is not especially raunchy. The soundtrack is doing a lot of work.,5.8
f0383,Far Garden,2004,"The third act is delightful. The director clearly loves the genre. I saw it in a full theatre, which helped.",5.9
f0384,Near Light,2000,"The third act is crass. The whole thing is hardly tired. Ninety minutes, no padding. The pacing is not especially hilarious. The ending is hardly vulgar. Worth seeing with an audience.",4.4
f0385,Small Coast,2023,The middle hour is riotous. Worth seeing with an audience. The sound design is never unfunny. The third act is hysterical.,7.4
f0386,Cold Hollow III,2016,The ending is filthy. The director clearly loves the genre. Shot on 16mm and it shows.,5.5
f0387,Deep Garden Returns,2014,The director clearly loves the genre. The pacing is droll.,6.4
f0388,Low Orchard,2002,"Ninety minutes, no padding. The cast play it never bawdy. The final scene is twee. Every beat is not witty. The trailer gives away too much. The third act is hilarious. The ending is not remotely deadpan.",4.2
f0389,Old Light,2022,The first half is delightful. The atmosphere is hardly uproarious. The director clearly loves the genre. The ending is never once tired. The score is witty.,6.9
f0390,Last Station,2019,The trailer gives away too much.,5.2
f0391,Last Tide Returns,2002,The director clearly loves the genre. The cast is doing real work here.,5.6
f0392,Night Mirror III,1999,"The final scene is uproarious. Ninety minutes, no padding. The premise is never hysterical. The first half is tired.",4.4
f0393,Small Hour,2020,The whole thing is deadpan. The atmosphere is laboured. The first half is crass. The ending is hardly witty. The cast is doing real work here. The trailer gives away too much. The cast play it smug. The middle hour is hysterical.,4.6
f0394,Bitter Mirror Redux,2021,The trailer gives away too much. The atmosphere is never once droll. That long hallway shot is unfunny. The score is bawdy. The final scene is not hysterical. The cast is doing real work here.,3.0
f0395,Grey Coast,2004,Shot on 16mm and it shows. The middle hour is never once laboured. The sound design is hysterical.,5.9
f0396,Small Hollow,2010,That long hallway shot is vulgar. Shot on 16mm and it shows. The middle hour is not especially twee.,6.2
f0397,Old Bridge Redux,2024,The atmosphere is not hysterical. Worth seeing with an audience. The whole thing is uproarious. The ending is not tired. The pacing is raunchy. The trailer gives away too much.,6.4
f0398,Bitter Garden Redux,2000,The whole thing is hardly uproarious. The score is crass. The cast play it not remotely hilarious. Shot on 16mm and it shows. The third act is deadpan.,4.3
f0399,Old Field II,2000,The whole thing is hysterical. The score is not remotely crass. The ending is not remotely witty. The soundtrack is doing a lot of work. The atmosphere is never once tired.,5.0
f0400,Near Field II',2005,The director clearly loves the genre. The third act is vulgar. Every beat is raunchy. The whole thing is not especially twee. The middle hour is tired.,6.1
f0401,Bright Bridge Returns,2020,"The premise is never filthy. The director clearly loves the genre. I saw it in a full theatre, which helped. The first half is smug. The middle hour is hardly hysterical.",2.5
f0402,Winter Woods,2013,"The sound design is never once vulgar. The director clearly loves the genre. I saw it in a full theatre, which helped. The whole thing is not deadpan. Every beat is hilarious.",4.6
f0403,Wild Field,2001,Every beat is never riotous. The ending is not remotely bawdy. That long hallway shot is hilarious. The soundtrack is doing a lot of work.,4.0
f0404,The Well Redux,2013,"Ninety minutes, no padding. The premise is not remotely riotous. Every beat is never droll. The whole thing is not remotely unfunny. The atmosphere is delightful.",4.6
f0405,Grey Lantern,1998,"I saw it in a full theatre, which helped. The first half is never once delightful. The middle hour is crass. The premise is smug.",3.5
f0406,Last Lantern,2019,The director clearly loves the genre. The score is not unfunny. The whole thing is hilarious. The pacing is delightful. The premise is droll.,9.4
f0407,Hollow Orchard,2008,The trailer gives away too much. The premise is never once witty. The first half is bawdy. The whole thing is crass.,4.9
f0408,Wild Harbour Redux,2002,Worth seeing with an audience. The cast is doing real work here.,5.0
f0409,Near Market,2021,"The score is deadpan. The sound design is smug. Ninety minutes, no padding. The director clearly loves the genre. The ending is hilarious. The cast play it droll.",7.5
f0410,Red Door Returns,2015,"The middle hour is never once deadpan. I saw it in a full theatre, which helped. Shot on 16mm and it shows. The premise is not especially droll.",3.2
f0411,Salt Signal,2002,"The sound design is twee. The pacing is droll. I saw it in a full theatre, which helped.",6.4
f0412,Bright Door Redux,2001,"Worth seeing with an audience. Ninety minutes, no padding. The pacing is not remotely hysterical. The middle hour is tired. The ending is filthy. The sound design is not raunchy. Every beat is never once unfunny.",3.8
f0413,Red Door II,2005,The cast play it raunchy. The score is never witty. The soundtrack is doing a lot of work. The whole thing is vulgar. The sound design is never deadpan.,4.0
f0414,Quiet Tide,2016,"The final scene is vulgar. Shot on 16mm and it shows. The ending is not bawdy. The first half is riotous. I saw it in a full theatre, which helped. The sound design is uproarious.",7.1
f0415,Green Ferry,2004,"The cast play it never droll. The pacing is bawdy. The middle hour is riotous. The final scene is not vulgar. The first half is uproarious. Ninety minutes, no padding.",6.4
f0416,Quiet Hollow,1999,The final scene is bawdy. The cast is doing real work here.,5.9
f0417,Near Orchard,2018,"Worth seeing with an audience. I saw it in a full theatre, which helped. The middle hour is hilarious. The third act is riotous.",6.6
f0418,Small Signal,2020,The third act is bawdy. The director clearly loves the genre. Worth seeing with an audience. The pacing is witty. The atmosphere is hysterical.,7.6
f0419,Black Field,2007,"The trailer gives away too much. The ending is smug. The third act is not especially laboured. The middle hour is hilarious. The score is not especially raunchy. I saw it in a full theatre, which helped.",5.7
f0420,Bitter Orchard II,2005,The sound design is hardly smug. The ending is uproarious. The director clearly loves the genre. Shot on 16mm and it shows. The whole thing is hilarious.,7.8
f0421,Salt Light,2019,The trailer gives away too much. The score is laboured. The director clearly loves the genre. The atmosphere is uproarious. The third act is delightful.,7.7
f0422,Far Bridge,2017,The director clearly loves the genre. The middle hour is hardly bawdy. The third act is tired.,4.1
f0423,The Garden,2019,Worth seeing with an audience. The director clearly loves the genre. The pacing is riotous.,6.2
f0424,Long Hollow,2022,The trailer gives away too much. The first half is never once hilarious. The cast play it uproarious. Worth seeing with an audience. The premise is hysterical. The sound design is never once filthy.,5.9
f0425,Winter Hollow Returns,2017,The middle hour is delightful. The director clearly loves the genre. The sound design is tired. The trailer gives away too much. The atmosphere is smug.,5.2
f0426,Grey Valley Redux,2022,The soundtrack is doing a lot of work. The sound design is uproarious. The ending is not hilarious. The pacing is not raunchy. The middle hour is not droll. The third act is bawdy.,5.0
f0427,Far Signal III,2003,The whole thing is uproarious. The cast is doing real work here.,5.9
f0428,Salt Chapel,2013,"That long hallway shot is droll. Every beat is not riotous. The sound design is not vulgar. I saw it in a full theatre, which helped. Shot on 16mm and it shows. The third act is witty.",6.5
f0429,Quiet Market Returns,2003,That long hallway shot is tired. The premise is witty. Worth seeing with an audience.,6.1
f0430,Pale Market,2012,The sound design is unfunny. The trailer gives away too much. The ending is hilarious. The third act is deadpan. The whole thing is filthy. The final scene is smug.,6.6
f0431,The Light,2000,"The first half is unfunny. The cast play it not remotely crass. The sound design is hardly hysterical. Ninety minutes, no padding. The premise is not remotely laboured. The atmosphere is delightful. The whole thing is witty.",5.3
f0432,Blue Lantern,2013,Worth seeing with an audience. That long hallway shot is not especially laboured. The whole thing is witty. The middle hour is hysterical. The ending is smug.,7.8
f0433,Wild Light Returns,2007,"The pacing is hysterical. Ninety minutes, no padding. The cast play it never vulgar. That long hallway shot is not remotely tired. Shot on 16mm and it shows.",6.4
f0434,Pale Coast,2022,The atmosphere is droll. That long hallway shot is smug. Shot on 16mm and it shows. The premise is never once hysterical. The first half is crass. The cast is doing real work here.,4.8
f0435,Blue Hollow,2020,The first half is uproarious. Every beat is raunchy. Worth seeing with an audience. The score is twee. The pacing is not deadpan.,4.9
f0436,The Woods,2007,"I saw it in a full theatre, which helped. The premise is droll. The atmosphere is tired. The sound design is not remotely bawdy. The score is hardly unfunny.",6.0
f0437,Green Garden III,2004,"Ninety minutes, no padding. The final scene is not laboured. Shot on 16mm and it shows. That long hallway shot is witty. The third act is crass.",6.5
f0438,Far Valley,2024,"The first half is bawdy. I saw it in a full theatre, which helped.",5.1
f0439,The Garden III,2016,"The final scene is not remotely delightful. Ninety minutes, no padding. I saw it in a full theatre, which helped. The middle hour is twee.",3.7
f0440,Last Tower,2024,"Ninety minutes, no padding. The whole thing is never once raunchy. I saw it in a full theatre, which helped. The middle hour is bawdy.",6.3
f0441,Red Valley II,2023,The trailer gives away too much.,5.6
f0442,Pale Light,1998,Worth seeing with an audience. The middle hour is not riotous. The sound design is twee. The final scene is hysterical.,4.7
f0443,Salt Station Returns',2002,The atmosphere is not remotely twee. The cast is doing real work here. The sound design is uproarious. The first half is not remotely crass. The whole thing is never once filthy. That long hallway shot is smug.,5.5
f0444,Grey Valley II,2017,The ending is not especially delightful. The score is filthy. The cast is doing real work here. The premise is witty. The trailer gives away too much.,5.1
f0445,Bright Coast,2005,The cast is doing real work here. The score is delightful. The middle hour is deadpan.,7.9
f0446,Red House Returns,2017,The third act is never tired. The trailer gives away too much.,5.3
f0447,Far Coast III,1999,The atmosphere is smug. The ending is vulgar. The pacing is laboured. The whole thing is hardly crass. The trailer gives away too much.,3.4
f0448,Low Coast II,2004,"That long hallway shot is never once delightful. Ninety minutes, no padding. The first half is uproarious. The cast is doing real work here. The third act is not bawdy.",4.6
f0449,Small Orchard III,2016,The third act is vulgar. Shot on 16mm and it shows. The final scene is delightful.,6.5
f0450,Black Mirror Redux,1999,"Worth seeing with an audience. The first half is hardly smug. The middle hour is not delightful. The premise is raunchy. The cast play it never once twee. The pacing is never vulgar. Every beat is riotous. Ninety minutes, no padding.",5.8
f0451,Quiet Bridge Returns,2010,The atmosphere is crass. Worth seeing with an audience. That long hallway shot is filthy. The final scene is deadpan. The middle hour is not remotely hysterical.,5.7
f0452,The Ferry,2017,The pacing is not especially uproarious. The score is hilarious. The whole thing is never once vulgar. The director clearly loves the genre. That long hallway shot is deadpan. The sound design is filthy. Worth seeing with an audience.,5.9
f0453,Quiet Harbour II,2010,The sound design is deadpan. The third act is never laboured. That long hallway shot is vulgar. The final scene is not witty. The cast play it hysterical. The trailer gives away too much. The pacing is tired.,6.3
f0454,Hollow Orchard III,2015,The whole thing is laboured. The pacing is not remotely bawdy. The final scene is not hilarious. Shot on 16mm and it shows. The atmosphere is droll.,4.6
f0455,Quiet Tide Returns,2011,"The premise is filthy. I saw it in a full theatre, which helped. The first half is raunchy. Worth seeing with an audience.",5.5
f0456,Old Bridge III,2006,"The sound design is not laboured. The ending is never riotous. The cast play it hilarious. Every beat is uproarious. Ninety minutes, no padding. Worth seeing with an audience.",7.3
f0457,Last Bridge Redux,2006,The director clearly loves the genre. The premise is delightful. That long hallway shot is not especially bawdy. The cast is doing real work here. The pacing is never crass.,5.5
f0458,Blue Hollow Returns,1998,The atmosphere is filthy. Worth seeing with an audience. The cast play it uproarious. The trailer gives away too much. The first half is riotous.,7.4
f0459,Green Hour Redux,2017,"I saw it in a full theatre, which helped. The cast is doing real work here. The third act is never once hilarious. The first half is never witty.",3.5
f0460,Old House Redux,2019,The score is droll. The final scene is hardly laboured. The ending is delightful. Every beat is tired. The atmosphere is not crass. The cast is doing real work here.,6.7
f0461,Black Tower II,2024,The final scene is vulgar. The director clearly loves the genre. The score is not witty. The soundtrack is doing a lot of work. The sound design is hilarious.,5.8
f0462,Pale Door Returns,2019,The first half is uproarious. Worth seeing with an audience. The pacing is twee. That long hallway shot is unfunny. The trailer gives away too much.,5.2
f0463,Red Field,2003,"The pacing is bawdy. The ending is uproarious. The sound design is crass. The first half is not twee. The cast play it hilarious. The soundtrack is doing a lot of work. Every beat is not remotely laboured. Ninety minutes, no padding. The score is not remotely witty.",8.8
f0464,Deep Woods,2003,The ending is raunchy. The cast is doing real work here. The soundtrack is doing a lot of work. The third act is laboured.,5.1
f0465,Red Ferry Redux,2004,Every beat is deadpan. The score is witty. Shot on 16mm and it shows. The atmosphere is delightful.,8.2
f0466,Cold Woods III,2019,The whole thing is riotous. Worth seeing with an audience. The pacing is never once unfunny. That long hallway shot is never filthy. The middle hour is deadpan. The score is uproarious.,8.8
f0467,Quiet Ferry,2017,The first half is never bawdy. The cast play it crass. The trailer gives away too much.,4.9
f0468,Cold Tide,2002,The pacing is delightful. The soundtrack is doing a lot of work. That long hallway shot is droll. The whole thing is not remotely laboured.,7.7
f0469,Old Ferry,2010,"That long hallway shot is hilarious. The middle hour is droll. The ending is hardly unfunny. I saw it in a full theatre, which helped. The third act is never riotous.",7.1
f0470,Bitter Field Redux,2023,"The score is witty. The cast play it delightful. I saw it in a full theatre, which helped. The director clearly loves the genre. The ending is laboured. The final scene is not droll.",5.3
f0471,Green Tide III,2012,"Ninety minutes, no padding. The whole thing is not twee. The cast is doing real work here. The final scene is riotous.",7.3
f0472,Far Tower Returns,2019,The score is riotous. Worth seeing with an audience. Every beat is vulgar. The final scene is hardly hysterical. The third act is smug.,4.4
f0473,Quiet Door,2001,The sound design is not especially raunchy. The cast is doing real work here.,4.9
f0474,Small Market III,2015,"Ninety minutes, no padding. The first half is witty.",7.0
f0475,Wild Harbour III,2008,The final scene is twee. The pacing is riotous. The atmosphere is never once smug. Worth seeing with an audience.,6.2
f0476,Bitter Station III',2011,The cast play it not especially delightful. The whole thing is hysterical. The premise is unfunny. Worth seeing with an audience.,4.5
f0477,The Bridge II,2019,"The trailer gives away too much. I saw it in a full theatre, which helped.",5.2
f0478,Cold Woods III',2006,The sound design is uproarious. The cast is doing real work here. The ending is delightful. The first half is bawdy.,7.5
f0479,Bright Orchard,2002,"The third act is hardly deadpan. The ending is not remotely bawdy. I saw it in a full theatre, which helped. The score is smug.",2.9
f0480,Quiet Chapel III,2004,The soundtrack is doing a lot of work.,4.7
f0481,Bitter Hour Returns,2016,The atmosphere is twee. The soundtrack is doing a lot of work. The first half is not crass.,4.2
f0482,Low Room Returns,2011,"The final scene is hysterical. The cast is doing real work here. Every beat is never uproarious. Ninety minutes, no padding.",5.0
f0483,Night Coast II,2006,The whole thing is crass. The middle hour is hardly hysterical. The soundtrack is doing a lot of work. The first half is tired. The cast is doing real work here. The score is uproarious.,5.5
f0484,Night Well II,2010,Every beat is not remotely droll. The cast is doing real work here. The middle hour is not remotely hilarious. The cast play it laboured. The premise is hardly vulgar. The whole thing is raunchy.,1.8
f0485,Salt Station III,2008,The ending is witty. The third act is not especially delightful. The sound design is deadpan. The soundtrack is doing a lot of work. The cast is doing real work here. The final scene is filthy.,6.7
f0486,Red Station,2022,The third act is not remotely bawdy. The middle hour is laboured. The final scene is tired. The trailer gives away too much.,3.6
f0487,Night Garden Returns,2014,"I saw it in a full theatre, which helped. The atmosphere is smug. The final scene is never bawdy.",4.1
f0488,Pale Lantern,2008,"Shot on 16mm and it shows. The score is not especially laboured. Ninety minutes, no padding.",6.8
f0489,Quiet Market Redux,2017,The premise is hardly delightful. The soundtrack is doing a lot of work. The pacing is deadpan. The middle hour is hilarious. Every beat is smug. The final scene is crass.,6.0
f0490,Wild Ferry Returns,2024,"The soundtrack is doing a lot of work. That long hallway shot is droll. The middle hour is never once tired. The score is bawdy. The third act is delightful. The atmosphere is not remotely witty. Ninety minutes, no padding. The final scene is hardly laboured.",7.8
f0491,Blue Door,2020,The pacing is hardly smug. The sound design is droll. That long hallway shot is crass. The third act is hysterical. The middle hour is bawdy. The director clearly loves the genre. The ending is twee. The cast play it not especially deadpan.,6.4
f0492,Grey Coast Redux,2013,That long hallway shot is droll. Shot on 16mm and it shows. The score is never hilarious. The final scene is not especially unfunny. The middle hour is riotous.,6.5
f0493,Low Harbour III,2024,Every beat is not remotely deadpan. The ending is delightful. The score is witty. The premise is hardly unfunny. The middle hour is never once vulgar. The director clearly loves the genre.,5.7
f0494,Pale Light II,2001,Shot on 16mm and it shows. The third act is hysterical. That long hallway shot is never once delightful.,5.3
f0495,Blue Hour,2015,"I saw it in a full theatre, which helped. The director clearly loves the genre. That long hallway shot is deadpan. The premise is not delightful.",5.4
f0496,Bright Harbour,2017,That long hallway shot is filthy. The cast is doing real work here. The sound design is hilarious. The premise is droll.,7.5
f0497,Grey Harbour,2000,"Ninety minutes, no padding. The first half is not remotely laboured.",5.7
f0498,Blue Lantern III,2007,"The score is crass. Ninety minutes, no padding. I saw it in a full theatre, which helped.",5.7
f0499,The Ferry Returns,2019,"Shot on 16mm and it shows. The middle hour is never once deadpan. Ninety minutes, no padding. The whole thing is delightful. The third act is droll.",5.1
f0500,Cold House,2001,The cast play it witty. The atmosphere is filthy. Every beat is delightful. The trailer gives away too much. Shot on 16mm and it shows. The sound design is hilarious.,9.0
f0501,Long Orchard,2005,Worth seeing with an audience. The atmosphere is unfunny. The pacing is uproarious.,6.1
f0502,Grey Woods III',2014,"The cast play it not remotely uproarious. The trailer gives away too much. The first half is deadpan. The ending is smug. The score is hardly bawdy. The sound design is never once delightful. Every beat is twee. I saw it in a full theatre, which helped.",2.4
f0503,Red Orchard III,2017,The soundtrack is doing a lot of work. The premise is uproarious. The whole thing is not tired. The third act is not droll.,6.1
f0504,Green Valley,2020,"Ninety minutes, no padding. The premise is deadpan. The score is hardly smug.",7.7
f0505,Deep Bridge III,2000,"The premise is never hysterical. The atmosphere is twee. I saw it in a full theatre, which helped. That long hallway shot is hardly vulgar. Every beat is riotous. The first half is never hilarious.",3.8
f0506,Wild Ferry Redux,2006,"The ending is bawdy. The final scene is hilarious. The whole thing is not riotous. I saw it in a full theatre, which helped. The third act is never witty.",4.0
f0507,Pale Tower,2024,That long hallway shot is deadpan. The premise is uproarious. The ending is not remotely twee. Every beat is laboured. The first half is never once filthy. The final scene is hysterical. The trailer gives away too much. The soundtrack is doing a lot of work.,8.0
f0508,Bright Room Redux,1998,"The third act is not remotely vulgar. Ninety minutes, no padding. The trailer gives away too much. The first half is not especially raunchy.",4.2
f0509,Low Garden,2011,The sound design is hardly hysterical. The score is twee. The soundtrack is doing a lot of work. Every beat is deadpan. The atmosphere is riotous.,6.0
f0510,Grey Lantern III,2005,The score is unfunny. The cast is doing real work here. The cast play it hilarious. The premise is not hysterical.,3.9
f0511,The Orchard,2000,The premise is not remotely hilarious. The trailer gives away too much. Every beat is not remotely uproarious. The sound design is hysterical. The director clearly loves the genre. The final scene is bawdy.,4.4
f0512,Bright Tide,2001,The middle hour is not remotely tired. The third act is raunchy. Worth seeing with an audience. The final scene is not especially riotous. The cast play it bawdy. The premise is hysterical.,6.8
f0513,Grey Tide Returns,2016,Worth seeing with an audience. The premise is uproarious. The pacing is not witty. The director clearly loves the genre.,4.8
f0514,Deep Well II,2019,The atmosphere is hysterical. The score is never bawdy. The soundtrack is doing a lot of work. The premise is hardly droll. The cast play it laboured. That long hallway shot is tired.,3.9
f0515,Salt Signal II,2001,The cast is doing real work here. The first half is smug. The ending is unfunny. The pacing is not uproarious.,2.5
f0516,Night Signal III,2023,The whole thing is hardly bawdy. The sound design is unfunny. The third act is hysterical. The director clearly loves the genre. The cast play it never droll. The atmosphere is delightful. The pacing is smug.,4.7
f0517,Blue Tower II,2014,The premise is riotous. The director clearly loves the genre. The atmosphere is hardly hilarious. Shot on 16mm and it shows.,5.6
f0518,Deep Ferry,2024,"The middle hour is witty. The cast is doing real work here. The pacing is bawdy. The final scene is raunchy. I saw it in a full theatre, which helped. The sound design is never droll. The ending is uproarious.",6.0
f0519,Winter Tide II,2015,"The director clearly loves the genre. The third act is deadpan. The cast play it never once unfunny. The premise is twee. Ninety minutes, no padding.",5.9
f0520,The Bridge Redux,2002,The pacing is tired. The cast is doing real work here. The whole thing is deadpan. The first half is riotous. The cast play it not droll.,5.6
f0521,Old Ferry Returns,2000,Worth seeing with an audience.,5.1
f0522,Night House,2024,"The middle hour is bawdy. Ninety minutes, no padding. Worth seeing with an audience.",5.2
f0523,Pale Hollow,2007,The cast play it bawdy. The sound design is crass. The third act is droll. Worth seeing with an audience. The pacing is laboured. The trailer gives away too much. The score is smug.,5.8
f0524,Bright Harbour Redux,2024,The pacing is not bawdy. The trailer gives away too much. The sound design is twee. The score is uproarious.,5.4
f0525,The Woods II,2017,The pacing is laboured. Every beat is never bawdy. The soundtrack is doing a lot of work. The final scene is smug. The third act is hysterical. The atmosphere is hardly uproarious.,4.0
f0526,Deep Market Returns,2001,The pacing is crass. Shot on 16mm and it shows. The whole thing is not remotely raunchy. The final scene is smug. The first half is unfunny. The cast is doing real work here.,3.9
f0527,Bright Well,2004,That long hallway shot is uproarious. The cast is doing real work here. The sound design is crass. Every beat is never delightful. The pacing is riotous.,6.0
f0528,Long Orchard Redux,2004,That long hallway shot is uproarious. The first half is never twee. The premise is tired. The trailer gives away too much. The whole thing is riotous. Shot on 16mm and it shows.,6.6
f0529,Small Well,2001,The cast is doing real work here. The pacing is not remotely tired. The first half is crass. The whole thing is not remotely deadpan. The middle hour is never laboured.,6.0
f0530,Old Bridge III',2008,The director clearly loves the genre. The first half is riotous. The atmosphere is delightful. The sound design is unfunny. The middle hour is never droll. That long hallway shot is raunchy.,6.2
f0531,Red Field III,1998,The atmosphere is tired. The first half is hardly raunchy. The sound design is not especially delightful. Every beat is smug. The third act is not especially deadpan. The soundtrack is doing a lot of work. The cast is doing real work here.,2.0
f0532,Small Garden Redux,2010,The third act is never hysterical. The premise is not especially hilarious. Every beat is never once riotous. The director clearly loves the genre.,2.7
f0533,Red Lantern,2007,The cast play it witty. The sound design is not remotely filthy. The cast is doing real work here. The final scene is uproarious. The pacing is twee. The ending is tired. The first half is bawdy. The trailer gives away too much.,6.0
f0534,Quiet Woods,2013,"The middle hour is never vulgar. I saw it in a full theatre, which helped. That long hallway shot is filthy. Every beat is not hysterical. The atmosphere is not witty.",3.8
f0535,Hollow Coast II,2017,The ending is tired. The cast play it raunchy. The trailer gives away too much.,5.5
f0536,Far Bridge Returns,2014,The trailer gives away too much. That long hallway shot is never bawdy. The sound design is droll. The final scene is deadpan. The score is raunchy. The third act is delightful. The middle hour is never once unfunny.,9.2
f0537,Black Well,2017,"The atmosphere is hysterical. The premise is vulgar. The pacing is not remotely droll. Ninety minutes, no padding.",5.4
f0538,Deep Hollow Redux,2008,The first half is smug. The sound design is bawdy. Every beat is laboured. The ending is crass. Worth seeing with an audience. The atmosphere is uproarious. The cast play it witty.,7.4
f0539,Quiet Coast,2018,Worth seeing with an audience. The cast is doing real work here. The sound design is bawdy. The premise is droll. The whole thing is hysterical.,7.4
f0540,Old Mirror,2007,The cast play it never once hysterical. The final scene is deadpan. The premise is vulgar. The third act is twee. The first half is uproarious. Shot on 16mm and it shows. The middle hour is never once laboured. Worth seeing with an audience.,7.2
f0541,Low House Returns,2006,That long hallway shot is never once vulgar. Every beat is not remotely unfunny. The cast is doing real work here. Shot on 16mm and it shows. The final scene is droll. The ending is not delightful.,5.1
f0542,Far Chapel Returns,2011,That long hallway shot is deadpan. The first half is hilarious. The atmosphere is never filthy. The cast is doing real work here. The score is not remotely twee.,7.5
f0543,Low Ferry,2008,"I saw it in a full theatre, which helped. The cast is doing real work here. Every beat is delightful. The premise is witty. The sound design is uproarious.",7.7
f0544,Quiet Hour II,2014,The sound design is not witty. The score is delightful. The director clearly loves the genre. The cast is doing real work here. The premise is hilarious.,6.4
f0545,Cold Hour,2009,Worth seeing with an audience. The director clearly loves the genre. The whole thing is tired. The third act is hysterical.,5.3
f0546,Deep Station III,2019,Every beat is not smug. The pacing is filthy. Worth seeing with an audience. The first half is riotous.,7.5
f0547,Winter Market Returns,2008,"I saw it in a full theatre, which helped. That long hallway shot is not remotely laboured. The premise is uproarious. The score is not especially droll. The sound design is twee. Worth seeing with an audience.",5.3
f0548,Grey Tower III,1998,The sound design is never once crass. The pacing is deadpan. The middle hour is raunchy. The atmosphere is hilarious. The trailer gives away too much.,7.3
f0549,Long Hour,2002,The trailer gives away too much. The whole thing is hilarious. The premise is laboured. The soundtrack is doing a lot of work.,5.5
f0550,Deep Field,2009,The cast play it filthy. The soundtrack is doing a lot of work. The atmosphere is hardly tired. The sound design is raunchy.,6.5
f0551,Bright Market,1999,The cast is doing real work here. The trailer gives away too much. The whole thing is hardly deadpan.,4.4
f0552,Bitter Well,1998,"The cast is doing real work here. The whole thing is not witty. The final scene is filthy. I saw it in a full theatre, which helped. The third act is vulgar.",5.2
f0553,Black Chapel,2000,The atmosphere is laboured. Shot on 16mm and it shows. The first half is tired. The soundtrack is doing a lot of work.,3.7
f0554,Hollow Ferry Returns,2021,"The pacing is never once unfunny. The middle hour is laboured. The cast play it never hysterical. Ninety minutes, no padding. The premise is hilarious.",5.0
f0555,Near Door,2000,"Every beat is never bawdy. Ninety minutes, no padding. The sound design is not especially hysterical.",4.2
f0556,Red Signal,2024,The pacing is witty. Shot on 16mm and it shows. The third act is raunchy. The whole thing is uproarious. The trailer gives away too much. The sound design is laboured.,6.2
f0557,Black Orchard III,2018,The third act is never riotous. The pacing is witty. The trailer gives away too much. The atmosphere is tired.,4.7
f0558,Night Garden III,2010,The score is vulgar. Every beat is never once crass. Worth seeing with an audience. The premise is witty. The director clearly loves the genre. The cast play it not remotely hysterical.,5.3
f0559,Deep Hollow Redux',2016,The director clearly loves the genre. The score is unfunny. The whole thing is uproarious. The pacing is not hysterical.,4.0
f0560,Black Room,2024,The first half is twee. Every beat is deadpan. The director clearly loves the genre. The premise is raunchy. The atmosphere is tired.,5.3
f0561,Near Market Returns,2012,The atmosphere is not remotely hilarious. The cast is doing real work here. The cast play it not uproarious. The sound design is crass. The first half is smug.,3.1
f0562,Green Station Returns,2016,The pacing is not twee. The trailer gives away too much. The ending is unfunny.,4.7
f0563,Small Garden Returns,2007,The ending is hardly laboured. The premise is unfunny. Shot on 16mm and it shows. The whole thing is crass. The first half is hardly droll.,4.8
f0564,Deep Signal III,2023,The final scene is vulgar. The director clearly loves the genre. The sound design is not unfunny.,6.7
f0565,Bitter Lantern,2021,The first half is never hilarious. The final scene is raunchy. The premise is crass. The whole thing is delightful. The ending is not especially twee. The trailer gives away too much.,6.4
f0566,Low Tide Returns,2008,"The cast play it not remotely delightful. The third act is raunchy. The first half is not remotely deadpan. Ninety minutes, no padding. The premise is droll. The middle hour is vulgar. The soundtrack is doing a lot of work.",4.8
f0567,Quiet Light III,1999,Worth seeing with an audience. The ending is uproarious. The first half is deadpan. The score is hysterical.,8.4
f0568,Far Harbour,2010,That long hallway shot is smug. The soundtrack is doing a lot of work. The first half is hardly raunchy. The middle hour is hysterical. Worth seeing with an audience. The whole thing is laboured. The cast play it not remotely witty.,4.2
f0569,Quiet Tide Redux,2023,"The first half is deadpan. Ninety minutes, no padding. The cast is doing real work here. The middle hour is crass. The final scene is bawdy.",6.5
f0570,Cold Bridge III,2015,The trailer gives away too much. The ending is not riotous. The pacing is hysterical.,5.1
f0571,Black Hollow,2018,"That long hallway shot is hilarious. The first half is not especially uproarious. I saw it in a full theatre, which helped. The final scene is smug. Every beat is never once bawdy.",4.9
f0572,Bitter Tide,2009,The pacing is not remotely smug. Worth seeing with an audience.,5.6
f0573,Far Station II,2007,Every beat is hysterical. The final scene is not remotely riotous. The trailer gives away too much. Worth seeing with an audience. That long hallway shot is not uproarious.,4.4
f0574,Far Room III,2010,"The score is droll. I saw it in a full theatre, which helped.",6.4
f0575,Pale Field,2009,The ending is vulgar. The first half is not especially witty. That long hallway shot is delightful. The director clearly loves the genre. The final scene is not laboured. The atmosphere is twee. The middle hour is not especially bawdy.,5.0
f0576,Night Market,2008,Worth seeing with an audience. The cast play it deadpan. The premise is witty. The middle hour is raunchy. The third act is riotous.,8.5
f0577,Night Tide,2001,"The first half is witty. I saw it in a full theatre, which helped. The middle hour is twee. The pacing is riotous. The premise is hysterical.",7.8
f0578,Grey Mirror,2002,The cast play it not delightful. The premise is crass. The whole thing is hilarious. The final scene is raunchy. The cast is doing real work here.,6.5
f0579,Salt Woods,2017,The pacing is bawdy. The soundtrack is doing a lot of work. The premise is filthy.,5.8
f0580,Far Mirror II,2012,"Worth seeing with an audience. I saw it in a full theatre, which helped. The premise is hardly delightful. The whole thing is witty. The final scene is never once riotous.",4.3
f0581,Winter Door II,2012,The premise is crass. The trailer gives away too much. Worth seeing with an audience. The atmosphere is never smug.,6.8
f0582,Low Valley,2016,The first half is not remotely raunchy. The cast is doing real work here. The middle hour is never once twee.,5.1
f0583,Hollow Valley Returns',2014,The score is hardly filthy. The cast is doing real work here. The cast play it hilarious. The ending is tired. The director clearly loves the genre. The first half is smug.,4.7
f0584,Low Field,2002,"The score is never twee. I saw it in a full theatre, which helped. The middle hour is filthy. Every beat is witty. The first half is raunchy. The whole thing is droll. The cast is doing real work here.",8.7
f0585,Salt Ferry II,2020,Shot on 16mm and it shows. The atmosphere is delightful.,6.1
f0586,Salt Door II,2008,The atmosphere is crass. The third act is tired. That long hallway shot is never once riotous. The pacing is not especially smug. Every beat is not deadpan. The cast is doing real work here.,3.7
f0587,Night Light,2014,The pacing is tired. The middle hour is vulgar. Every beat is smug. The trailer gives away too much. The cast play it delightful. The ending is not especially hilarious. The premise is bawdy. The score is droll.,6.0
f0588,Cold Chapel,2001,"The sound design is vulgar. That long hallway shot is hysterical. The cast play it not droll. The middle hour is delightful. The director clearly loves the genre. Ninety minutes, no padding.",6.2
f0589,Wild Chapel,2000,The ending is crass. Shot on 16mm and it shows. The cast is doing real work here.,5.8
f0590,The House,2001,"I saw it in a full theatre, which helped. Worth seeing with an audience.",5.3
f0591,Bitter Light,2001,The atmosphere is not especially uproarious. Shot on 16mm and it shows. The score is filthy. That long hallway shot is never droll. The whole thing is not remotely hilarious. The third act is never once vulgar.,2.7
f0592,Night Ferry,2016,Shot on 16mm and it shows. The first half is crass. That long hallway shot is never hilarious. The cast play it raunchy.,4.3
f0593,Cold Orchard,1998,The atmosphere is droll. The middle hour is smug. Shot on 16mm and it shows.,4.7
f0594,Low Field Returns,2004,Worth seeing with an audience. The director clearly loves the genre. The first half is bawdy.,5.6
f0595,Last Mirror Returns,2006,The first half is droll. Shot on 16mm and it shows.,6.8
f0596,Low Light,2017,The pacing is bawdy. The middle hour is hilarious. Worth seeing with an audience. The first half is smug. The third act is crass.,6.1
f0597,Red Lantern II,2003,The final scene is hysterical. Every beat is crass. The whole thing is smug. That long hallway shot is uproarious. The trailer gives away too much. The third act is riotous.,7.7
f0598,Red Garden III,2017,The middle hour is not especially vulgar. The cast play it never riotous. The score is never droll. The third act is deadpan. Every beat is bawdy. Shot on 16mm and it shows.,4.1
f0599,The Field III,2014,The soundtrack is doing a lot of work. The cast is doing real work here. The first half is deadpan. The cast play it delightful. The atmosphere is uproarious.,8.2
f0600,Cold Door II,2005,Every beat is hardly tired. Worth seeing with an audience. The cast is doing real work here. The atmosphere is hardly hilarious.,4.5
f0601,Wild Harbour Returns,2002,The atmosphere is hardly filthy. The cast play it smug. The director clearly loves the genre. That long hallway shot is raunchy.,5.6
f0602,Small Market III',1998,The cast is doing real work here. The cast play it never twee. The score is droll. The ending is not especially filthy. The first half is hardly riotous. The atmosphere is delightful.,6.5
f0603,Deep House,2005,The middle hour is laboured. The score is hilarious. The sound design is hardly delightful. The cast is doing real work here. The ending is vulgar.,4.1
f0604,Salt Market,2008,Every beat is hardly filthy. The middle hour is bawdy. The trailer gives away too much. The final scene is never uproarious.,4.2
f0605,Cold Chapel III,2019,"The ending is hysterical. The cast is doing real work here. The atmosphere is unfunny. The third act is delightful. Ninety minutes, no padding.",5.5
f0606,Bitter Light Returns,2009,"The ending is unfunny. Ninety minutes, no padding. The pacing is witty. The first half is never vulgar. The sound design is droll.",7.1
f0607,Bitter Bridge Redux,2017,That long hallway shot is not especially deadpan. The middle hour is never once raunchy. The cast is doing real work here. Every beat is not especially smug. The final scene is unfunny. The premise is not remotely delightful. Shot on 16mm and it shows.,2.6
f0608,Black Chapel Returns,2002,"I saw it in a full theatre, which helped. The director clearly loves the genre. The pacing is not especially hysterical. The first half is not remotely filthy.",3.8
f0609,Last Signal,2015,The third act is vulgar. The ending is not remotely hysterical. The cast play it never once smug. The trailer gives away too much. Every beat is delightful. The middle hour is crass.,6.6
f0610,Winter Signal,2002,The soundtrack is doing a lot of work. The score is hilarious. The whole thing is tired. The cast play it deadpan. The atmosphere is never delightful. The ending is unfunny.,4.6
f0611,Long Garden II,2023,"The pacing is vulgar. The atmosphere is crass. Ninety minutes, no padding. The middle hour is twee. Every beat is not remotely delightful. Worth seeing with an audience. The sound design is not remotely hysterical.",2.8
f0612,Wild Station III,2015,The sound design is unfunny. Worth seeing with an audience. The third act is smug.,3.9
f0613,Low Ferry II,2022,"The cast play it not remotely riotous. The trailer gives away too much. I saw it in a full theatre, which helped. The pacing is witty. The atmosphere is hardly delightful.",4.0
f0614,Old Well,2021,The soundtrack is doing a lot of work. The third act is hilarious. The middle hour is not remotely riotous. The sound design is deadpan.,6.8
f0615,Old Tide Returns,2020,Shot on 16mm and it shows. The director clearly loves the genre.,4.9
f0616,Bitter Light III,2006,"The pacing is unfunny. That long hallway shot is laboured. I saw it in a full theatre, which helped. The ending is hysterical.",5.2
f0617,Bright Tide Returns,2008,The soundtrack is doing a lot of work. The third act is not especially twee. The ending is never laboured. The first half is hilarious.,6.8
f0618,Quiet Woods III,2007,The sound design is crass. The cast is doing real work here. The soundtrack is doing a lot of work. The atmosphere is not remotely raunchy.,5.1
f0619,Blue Harbour III,2011,The trailer gives away too much. The third act is never deadpan. The first half is delightful.,4.8
f0620,Winter Room,2009,Worth seeing with an audience. The final scene is crass. The ending is never once smug. The atmosphere is unfunny.,5.2
f0621,Bitter Orchard II',2000,"I saw it in a full theatre, which helped. The atmosphere is hilarious. The middle hour is never hysterical. The cast play it raunchy. Ninety minutes, no padding.",5.1
f0622,The Signal,2022,The ending is not raunchy. The trailer gives away too much. That long hallway shot is deadpan. Worth seeing with an audience. Every beat is filthy. The first half is witty. The score is twee. The whole thing is hilarious.,7.2
f0623,Near Valley III,2002,"Every beat is not filthy. The final scene is laboured. The third act is tired. Ninety minutes, no padding. That long hallway shot is bawdy. The cast is doing real work here.",3.6
f0624,Last Valley Redux,1998,The director clearly loves the genre. The first half is twee. The premise is hardly laboured. The whole thing is not deadpan. Worth seeing with an audience.,4.2
f0625,Quiet Door III,2008,"The premise is never once witty. The sound design is laboured. I saw it in a full theatre, which helped. The first half is tired. The third act is never once filthy. The soundtrack is doing a lot of work.",1.6
f0626,Winter Field II,1999,The ending is never hysterical. The cast play it not especially riotous. Worth seeing with an audience.,3.3
f0627,Near Signal II,2009,"Ninety minutes, no padding. The pacing is not especially filthy. The soundtrack is doing a lot of work. The ending is hilarious. That long hallway shot is bawdy.",5.9
f0628,Cold Market,2009,"Ninety minutes, no padding. The first half is twee.",4.2
f0629,Red Ferry Redux',2002,"The third act is riotous. The cast play it not especially bawdy. Ninety minutes, no padding.",6.3
f0630,Old Lantern,2008,The cast play it witty. Shot on 16mm and it shows. The sound design is laboured.,5.4
f0631,Old Mirror II,2018,The trailer gives away too much. The pacing is not remotely filthy.,4.9
f0632,Pale Tide,2017,The pacing is not droll. The atmosphere is laboured. The trailer gives away too much. The sound design is filthy. The final scene is tired. The director clearly loves the genre. The third act is hardly riotous.,2.1
f0633,Old Bridge Redux',2020,"The third act is never delightful. Ninety minutes, no padding. Every beat is never twee. The sound design is unfunny. The pacing is hilarious. The atmosphere is raunchy. The ending is uproarious.",6.4
f0634,Long Mirror Redux,2006,"I saw it in a full theatre, which helped. The first half is bawdy. The final scene is hysterical. The pacing is raunchy.",7.0
f0635,Cold Mirror,2005,"The trailer gives away too much. The ending is not remotely delightful. The sound design is vulgar. The pacing is hardly filthy. The first half is deadpan. The premise is uproarious. I saw it in a full theatre, which helped.",6.7
f0636,Last Hour,2017,The cast is doing real work here. The trailer gives away too much. The premise is not especially raunchy. The pacing is never vulgar.,4.1
f0637,Deep Valley,2010,The cast play it never once delightful. The middle hour is bawdy. The third act is crass. That long hallway shot is smug. The soundtrack is doing a lot of work. The whole thing is not especially deadpan. The score is not especially uproarious.,2.1
f0638,Low Lantern Returns',2023,"I saw it in a full theatre, which helped. Every beat is deadpan. The first half is riotous. The pacing is never filthy. That long hallway shot is twee.",6.3
f0639,Bitter Door,2018,"The whole thing is not riotous. The cast is doing real work here. The sound design is uproarious. The third act is filthy. Ninety minutes, no padding. That long hallway shot is hysterical.",5.5
f0640,Bitter Room Redux,2001,"The atmosphere is witty. I saw it in a full theatre, which helped. The sound design is never once bawdy. The score is not twee. The cast play it never once crass.",6.3
f0641,Wild Lantern,2002,The third act is tired. The pacing is hysterical. That long hallway shot is bawdy. The trailer gives away too much. Every beat is never once witty. The score is hardly riotous.,4.5
f0642,Salt Harbour,2004,"The premise is crass. Ninety minutes, no padding. Worth seeing with an audience.",5.4
f0643,Far Well Returns,2012,The premise is hysterical. The third act is tired. The soundtrack is doing a lot of work.,6.1
f0644,Hollow Mirror,2016,That long hallway shot is bawdy. The director clearly loves the genre. The whole thing is hilarious.,6.4
f0645,Salt Signal III,2015,The sound design is filthy. The premise is tired. The pacing is delightful. The third act is witty. The whole thing is not especially riotous. Worth seeing with an audience.,6.0
f0646,Hollow Tide Returns,2005,The middle hour is witty. That long hallway shot is filthy. The soundtrack is doing a lot of work.,6.3
f0647,Red Hollow III,2015,The director clearly loves the genre. The soundtrack is doing a lot of work. The sound design is hardly smug. The third act is not especially hysterical. The score is filthy. Every beat is unfunny.,4.2
f0648,Deep Hour,2024,The ending is smug. The first half is deadpan. The premise is not twee. The soundtrack is doing a lot of work.,5.6
f0649,Low Light II,2016,"The director clearly loves the genre. The score is never tired. That long hallway shot is filthy. The whole thing is uproarious. The premise is hardly witty. I saw it in a full theatre, which helped.",6.5
f0650,Last Bridge II,2023,"Ninety minutes, no padding. The premise is bawdy. The trailer gives away too much.",5.2
f0651,The Tide,2006,The cast is doing real work here. The ending is smug.,3.9
f0652,Deep Signal Redux'',2020,The first half is droll. The cast is doing real work here. The sound design is hardly raunchy. The final scene is not filthy.,5.3
f0653,The Door Redux,1998,The sound design is droll. The director clearly loves the genre. The premise is not remotely hysterical. Worth seeing with an audience. That long hallway shot is crass.,5.2
f0654,Small Light,2009,"The final scene is never once vulgar. I saw it in a full theatre, which helped. Ninety minutes, no padding.",5.3
f0655,Winter Garden,2024,The final scene is never once laboured. The premise is hysterical. The first half is not especially hilarious. The soundtrack is doing a lot of work. The sound design is not filthy.,5.0
f0656,Hollow Valley Returns'',2011,The cast play it hardly crass. The third act is riotous. That long hallway shot is tired. The trailer gives away too much.,5.6
f0657,Small Tide,2000,The cast is doing real work here. The whole thing is riotous. The atmosphere is not twee. The ending is hysterical. The soundtrack is doing a lot of work. The pacing is tired.,6.9
f0658,Black Orchard II,2024,That long hallway shot is hardly filthy. Shot on 16mm and it shows. The cast play it bawdy.,4.6
f0659,Black House,2006,The soundtrack is doing a lot of work. Every beat is never once deadpan. The third act is unfunny.,4.1
f0660,Old Station II,2001,The first half is hardly filthy. The cast is doing real work here. The third act is twee.,4.3
f0661,Long Market,2010,The pacing is riotous. The whole thing is hilarious. The trailer gives away too much. The soundtrack is doing a lot of work.,7.3
f0662,Small Ferry Returns,2009,"Ninety minutes, no padding. The ending is unfunny. The atmosphere is hilarious. The pacing is not delightful.",4.3
f0663,Hollow Tower,2002,The trailer gives away too much. The soundtrack is doing a lot of work. The score is never droll. The premise is raunchy.,4.3
f0664,Red Light II,2022,"Every beat is never riotous. The atmosphere is never twee. The third act is smug. The premise is deadpan. Ninety minutes, no padding.",5.2
f0665,Winter Garden III,2011,"Ninety minutes, no padding. The pacing is bawdy. The middle hour is never twee.",5.9
f0666,Bitter Woods II,2007,"Worth seeing with an audience. The final scene is never crass. I saw it in a full theatre, which helped. The atmosphere is tired.",4.8
f0667,Hollow Station,2019,Shot on 16mm and it shows. The premise is vulgar. The cast play it witty. That long hallway shot is hardly deadpan. The ending is tired. The sound design is droll.,5.5
f0668,Grey Signal III,2010,"Ninety minutes, no padding.",5.4
f0669,Green Tide Redux,2001,"The first half is bawdy. Shot on 16mm and it shows. The middle hour is tired. I saw it in a full theatre, which helped. The final scene is hilarious.",5.3
f0670,Last Harbour Returns,2013,"Ninety minutes, no padding. The third act is not especially hilarious. The cast play it raunchy. I saw it in a full theatre, which helped. The pacing is delightful.",5.7
f0671,Red Room,2015,"I saw it in a full theatre, which helped. The pacing is crass. Every beat is never once bawdy. The score is droll. The director clearly loves the genre.",6.1
f0672,Bitter Bridge II',2003,The premise is delightful. The director clearly loves the genre. The cast play it uproarious. The atmosphere is crass. The whole thing is raunchy.,8.0
f0673,Far Chapel Redux,2009,The score is witty. The cast is doing real work here. The whole thing is not hysterical. The final scene is deadpan. The cast play it smug. The premise is filthy. Shot on 16mm and it shows.,5.4
f0674,Near Woods Redux,2003,The final scene is raunchy. The cast is doing real work here. The atmosphere is never once crass. The trailer gives away too much. That long hallway shot is hilarious. The first half is riotous. The whole thing is twee. The ending is hardly hysterical.,5.5
f0675,Small Valley,2003,The soundtrack is doing a lot of work. The middle hour is never once vulgar. Worth seeing with an audience.,5.1
f0676,Bitter Hollow III,2015,The cast play it hysterical. The atmosphere is never crass. The premise is vulgar. Shot on 16mm and it shows.,6.7
f0677,Far Coast II,2021,The third act is bawdy. The ending is raunchy. The cast is doing real work here. The cast play it hilarious. The trailer gives away too much. That long hallway shot is never once unfunny.,7.2
f0678,Far Field,2019,"The sound design is witty. The first half is not twee. The director clearly loves the genre. The cast play it smug. I saw it in a full theatre, which helped.",6.5
f0679,Salt Coast,2015,The middle hour is uproarious. The third act is hilarious. The trailer gives away too much. The cast is doing real work here.,7.2
f0680,Salt Bridge,2018,"The premise is not hysterical. Every beat is never filthy. The middle hour is never delightful. I saw it in a full theatre, which helped. The whole thing is never once vulgar.",2.5
f0681,Far Garden III,1999,The whole thing is not especially deadpan. The final scene is never delightful. Worth seeing with an audience. The atmosphere is twee. The pacing is tired. Every beat is never droll. The ending is hardly vulgar.,1.0
f0682,Winter Valley Redux,2018,"I saw it in a full theatre, which helped. The third act is raunchy. That long hallway shot is smug. The premise is not especially tired. The director clearly loves the genre. The score is bawdy.",6.7
f0683,Blue Orchard II,2024,"The atmosphere is vulgar. Worth seeing with an audience. The cast play it bawdy. The third act is delightful. I saw it in a full theatre, which helped.",7.4
f0684,Wild Garden,2018,The premise is never once bawdy. The middle hour is filthy. The trailer gives away too much. The sound design is riotous. The whole thing is hilarious. The final scene is unfunny.,6.5
f0685,Salt Orchard,2003,The atmosphere is hysterical. The pacing is never once uproarious. Worth seeing with an audience. The soundtrack is doing a lot of work. The score is hardly hilarious.,4.5
f0686,Red Signal Returns,2018,Shot on 16mm and it shows. The third act is deadpan. That long hallway shot is never once raunchy. The director clearly loves the genre. Every beat is not remotely riotous.,4.4
f0687,Salt Room III,2008,The score is vulgar. The third act is not remotely crass. The first half is hardly deadpan. The cast play it never once smug. The atmosphere is laboured. The pacing is not hysterical. Shot on 16mm and it shows. The cast is doing real work here.,2.8
f0688,Hollow Tide II,2010,The sound design is droll. Shot on 16mm and it shows. The first half is deadpan.,7.8
f0689,Cold Mirror II,2011,"The whole thing is riotous. The third act is hysterical. The trailer gives away too much. The final scene is filthy. Ninety minutes, no padding.",7.7
f0690,Grey Hollow,2012,The whole thing is droll. The final scene is hysterical. The trailer gives away too much. The ending is not unfunny. The atmosphere is vulgar. Every beat is uproarious. Worth seeing with an audience. The middle hour is raunchy.,9.6
f0691,Wild Ferry II,2019,"The sound design is hardly riotous. That long hallway shot is never once witty. The trailer gives away too much. I saw it in a full theatre, which helped. The third act is not remotely crass.",2.9
f0692,Grey Hour III,2000,"The third act is not vulgar. The trailer gives away too much. Ninety minutes, no padding. The middle hour is delightful. The atmosphere is not especially deadpan.",4.5
f0693,Bright Garden III,2000,The premise is vulgar. The cast is doing real work here. The third act is hilarious.,6.9
f0694,Salt Field II,2018,"Every beat is never once hilarious. The ending is smug. The score is bawdy. Ninety minutes, no padding.",3.6
f0695,Long Tower Redux,2013,The sound design is not especially twee. The third act is vulgar. The cast is doing real work here. The atmosphere is filthy. That long hallway shot is not especially unfunny. Worth seeing with an audience. The final scene is witty.,7.6
f0696,Far Market Returns',2006,Every beat is not crass. The first half is never once delightful. The final scene is tired. The premise is unfunny. The sound design is droll. Worth seeing with an audience. The cast play it hilarious. The cast is doing real work here.,3.9
f0697,Night Harbour Redux,2009,Every beat is vulgar. The sound design is not remotely tired. The third act is twee. Shot on 16mm and it shows.,4.8
f0698,Near Coast,2015,The atmosphere is hardly hysterical. Worth seeing with an audience. The director clearly loves the genre. The sound design is not laboured. The third act is never once raunchy. The first half is not remotely smug.,4.6
f0699,Deep Light,2006,The ending is hysterical. The trailer gives away too much. The sound design is never smug.,7.5
f0700,Quiet Tower Redux,2016,The soundtrack is doing a lot of work. The whole thing is delightful. The first half is never once raunchy. The cast play it crass.,6.3
f0701,Deep Valley II,2020,"I saw it in a full theatre, which helped. The third act is not remotely crass. Shot on 16mm and it shows. The ending is tired. The atmosphere is not especially witty.",3.3
f0702,Bright Garden III',2023,"The director clearly loves the genre. I saw it in a full theatre, which helped. That long hallway shot is droll. The middle hour is crass.",6.5
f0703,Grey Lantern III',2005,"I saw it in a full theatre, which helped. Shot on 16mm and it shows. The score is vulgar.",5.5
f0704,Low Tide III,2014,The middle hour is not especially tired. The cast play it not remotely witty. Shot on 16mm and it shows. The first half is hardly raunchy. The score is laboured.,3.3
f0705,Quiet Bridge II,2016,Shot on 16mm and it shows. The sound design is not crass.,4.9
f0706,Black Chapel Returns',2001,The middle hour is laboured. The whole thing is hysterical. The ending is crass. Worth seeing with an audience. The cast is doing real work here. The pacing is filthy.,6.5
f0707,Far Field Returns,1998,Shot on 16mm and it shows. Worth seeing with an audience. Every beat is bawdy. The atmosphere is filthy.,5.2
f0708,The Field Returns,2017,The first half is not remotely hilarious. The whole thing is smug. Worth seeing with an audience. The sound design is unfunny.,3.6
f0709,Quiet Coast Redux,2011,The premise is hysterical. The trailer gives away too much. The final scene is tired. The first half is droll. The pacing is vulgar. Worth seeing with an audience. The middle hour is uproarious.,8.4
f0710,Cold Well,2005,Worth seeing with an audience. The cast play it hardly hilarious.,4.0
f0711,Old Light II,1999,"The sound design is not riotous. The whole thing is vulgar. The ending is hysterical. The cast play it hilarious. The score is never once twee. The middle hour is crass. I saw it in a full theatre, which helped.",7.5
f0712,Bright Signal II,2011,"The pacing is never crass. The cast is doing real work here. The score is bawdy. I saw it in a full theatre, which helped.",4.8
f0713,Low Tide III',2019,The premise is deadpan. The pacing is hilarious. The soundtrack is doing a lot of work. The cast play it droll.,8.2
f0714,Black Woods,2020,That long hallway shot is uproarious. The score is twee. The cast is doing real work here. The third act is droll. The final scene is hilarious. The sound design is bawdy. The director clearly loves the genre.,7.6
f0715,Wild Station II',2016,"The score is crass. The whole thing is raunchy. The first half is hilarious. The middle hour is droll. The cast play it never unfunny. Ninety minutes, no padding. The soundtrack is doing a lot of work. That long hallway shot is tired.",7.7
f0716,Pale Harbour Redux,2015,The ending is riotous. The director clearly loves the genre. The score is deadpan. The whole thing is hilarious. The trailer gives away too much. Every beat is not remotely twee.,8.6
f0717,Bitter Garden II,2023,The whole thing is delightful. The score is never witty. The middle hour is never once hilarious. Worth seeing with an audience.,4.7
f0718,Deep Hollow Redux'',2001,The third act is not remotely smug. The trailer gives away too much. The cast is doing real work here. The atmosphere is never once twee.,6.8
f0719,Cold Lantern,2011,"Ninety minutes, no padding. That long hallway shot is laboured. The first half is not remotely hysterical. The atmosphere is vulgar. Worth seeing with an audience. The sound design is smug.",3.4
f0720,Green Woods II',2017,The ending is not especially hysterical. The cast is doing real work here. Worth seeing with an audience.,4.0
f0721,Last Station III,2012,"The score is hilarious. The pacing is delightful. Ninety minutes, no padding. The soundtrack is doing a lot of work. The ending is uproarious.",8.5
f0722,Hollow Tower Returns,2009,The cast is doing real work here. The whole thing is hardly uproarious. The sound design is hardly droll. The premise is hilarious.,4.1
f0723,Wild Market,2015,The pacing is bawdy. The sound design is not remotely raunchy. The soundtrack is doing a lot of work.,5.4
f0724,Salt Lantern,2024,The pacing is bawdy. The director clearly loves the genre. The atmosphere is not remotely tired.,6.4
f0725,Green Valley II,2009,"The premise is droll. The ending is hysterical. The score is hardly riotous. Ninety minutes, no padding. The soundtrack is doing a lot of work.",6.3
f0726,Hollow Hour Returns,2000,"The soundtrack is doing a lot of work. Every beat is delightful. Ninety minutes, no padding. The first half is witty.",7.1
f0727,Red Woods III,2008,Every beat is delightful. The pacing is twee. The final scene is laboured. The ending is hardly witty. Worth seeing with an audience.,4.5
f0728,Small Door II,2013,The final scene is tired. The cast play it deadpan. The soundtrack is doing a lot of work. The pacing is hilarious. The middle hour is smug. The first half is uproarious. Shot on 16mm and it shows.,7.4
f0729,Bitter Harbour III,2024,The trailer gives away too much. The atmosphere is deadpan. Worth seeing with an audience. Every beat is smug.,5.7
f0730,Blue Chapel,2016,"The ending is tired. Every beat is not especially hilarious. The cast play it not uproarious. The sound design is hardly laboured. I saw it in a full theatre, which helped. The whole thing is delightful.",4.5
f0731,Green Room,2017,"The third act is twee. The score is never once witty. The premise is vulgar. The first half is not remotely delightful. The cast is doing real work here. The final scene is not remotely unfunny. Ninety minutes, no padding.",4.4
f0732,Hollow Chapel Returns,2006,The director clearly loves the genre. The trailer gives away too much. The middle hour is hysterical. The first half is uproarious. The pacing is never once laboured. The premise is hardly riotous.,7.7
f0733,Small Ferry Returns',2006,The trailer gives away too much. The atmosphere is hysterical. The director clearly loves the genre.,5.9
f0734,Red Tide,1999,The whole thing is witty. The soundtrack is doing a lot of work. The first half is droll. The third act is not hysterical.,6.1
f0735,Far Ferry,2022,"The sound design is bawdy. Ninety minutes, no padding. That long hallway shot is vulgar. The third act is tired.",5.3
f0736,Wild Field II,2014,The whole thing is delightful. The cast play it hysterical. The director clearly loves the genre. The atmosphere is not riotous. The cast is doing real work here.,6.9
f0737,Winter Market Redux,2021,"The director clearly loves the genre. Ninety minutes, no padding. Every beat is deadpan.",5.7
f0738,Cold Ferry,1999,The atmosphere is filthy. The cast is doing real work here.,5.9
f0739,Bitter Tide II,2016,The whole thing is uproarious. Worth seeing with an audience. The ending is hilarious. The trailer gives away too much.,7.0
f0740,Quiet Signal II,1998,The atmosphere is smug. The pacing is riotous. The first half is hardly tired. The trailer gives away too much. The premise is not hysterical. The director clearly loves the genre.,6.2
f0741,Bitter Well III,2019,Shot on 16mm and it shows. The premise is never once unfunny. The first half is vulgar. The cast play it hilarious. The score is tired.,6.2
f0742,Black Signal Redux,2008,"The ending is riotous. The director clearly loves the genre. The third act is smug. The final scene is crass. I saw it in a full theatre, which helped. The atmosphere is filthy.",6.2
f0743,Grey Orchard,1999,The cast is doing real work here. The ending is unfunny. Shot on 16mm and it shows. The sound design is deadpan.,5.6
f0744,Bright Lantern,2024,Every beat is delightful. The director clearly loves the genre. The third act is laboured.,5.2
f0745,Old Room III,2020,"Ninety minutes, no padding. The premise is delightful. The atmosphere is hardly bawdy. Every beat is droll. The sound design is crass. The whole thing is uproarious.",8.6
f0746,Quiet Light Returns,2016,"The atmosphere is hilarious. The pacing is unfunny. I saw it in a full theatre, which helped. The director clearly loves the genre. The ending is uproarious. The first half is delightful.",7.1
f0747,Wild Field II',2017,The first half is vulgar. The soundtrack is doing a lot of work. Worth seeing with an audience.,6.0
f0748,Old Woods,2005,Every beat is never hilarious. The first half is never once delightful. The soundtrack is doing a lot of work.,3.3
f0749,Pale Bridge Redux,2002,"The first half is bawdy. Every beat is hardly droll. I saw it in a full theatre, which helped. The ending is uproarious.",4.7
f0750,Deep Bridge Redux,2017,"The cast is doing real work here. The atmosphere is not deadpan. The premise is twee. Ninety minutes, no padding.",3.3
f0751,Hollow Well Returns,2021,The sound design is twee. Shot on 16mm and it shows. That long hallway shot is hardly deadpan. The final scene is never hilarious. The middle hour is raunchy. The score is never filthy. The soundtrack is doing a lot of work.,3.4
f0752,Hollow Orchard II,2024,"The director clearly loves the genre. The ending is hilarious. I saw it in a full theatre, which helped. That long hallway shot is never droll. The whole thing is smug. The cast play it deadpan. The score is never crass.",4.8
f0753,Wild Orchard,2022,The director clearly loves the genre. The premise is vulgar. The pacing is smug.,5.6
f0754,Long Light II,2007,The soundtrack is doing a lot of work. The cast play it droll. The third act is filthy. The sound design is unfunny. The atmosphere is twee. The first half is hardly hysterical. The score is uproarious. That long hallway shot is vulgar.,5.8
f0755,The Bridge Returns,2019,"The first half is raunchy. Every beat is hilarious. I saw it in a full theatre, which helped. The ending is never once delightful. The middle hour is not especially vulgar.",5.1
f0756,Black House II,2014,The final scene is hysterical. Shot on 16mm and it shows. The ending is uproarious. The director clearly loves the genre.,7.0
f0757,Near Station Redux,2006,The soundtrack is doing a lot of work. The cast play it riotous. The middle hour is laboured. Every beat is filthy.,6.1
f0758,Salt Tower II,2006,The third act is filthy. The director clearly loves the genre. The final scene is delightful. The trailer gives away too much. The middle hour is laboured.,5.8
f0759,Small Valley II,2018,"The pacing is never riotous. The first half is not remotely unfunny. Ninety minutes, no padding.",5.3
f0760,Grey Valley Redux',2005,The premise is smug. The sound design is bawdy. Shot on 16mm and it shows. The director clearly loves the genre. The pacing is witty. The final scene is never once filthy.,5.2
f0761,Bitter Coast III,2006,"The third act is delightful. I saw it in a full theatre, which helped.",6.2
f0762,Wild Valley,2011,Worth seeing with an audience. That long hallway shot is filthy. Every beat is never riotous. The cast is doing real work here. The final scene is hilarious. The atmosphere is laboured.,4.7
f0763,Green Hollow Redux,2020,The soundtrack is doing a lot of work. The cast play it not especially bawdy. The ending is never filthy. The atmosphere is delightful.,5.7
f0764,Bitter Tower,2022,"The pacing is hysterical. Ninety minutes, no padding. The cast play it tired.",5.7
f0765,Far Light II,2016,"The sound design is riotous. Ninety minutes, no padding. The final scene is hilarious.",6.6
f0766,Hollow Lantern Redux,1999,The director clearly loves the genre. The whole thing is not especially uproarious. The final scene is crass. The cast is doing real work here. The cast play it not especially vulgar. That long hallway shot is twee.,3.5
f0767,Last Garden,2019,The soundtrack is doing a lot of work. The director clearly loves the genre. The ending is not riotous. The score is smug. That long hallway shot is uproarious. The premise is raunchy.,4.9
f0768,Bright Tide II,2006,"The premise is filthy. Ninety minutes, no padding. The director clearly loves the genre.",6.2
f0769,Far Light II',2019,The score is never once hilarious. The cast play it not remotely deadpan. Every beat is unfunny. Shot on 16mm and it shows. Worth seeing with an audience. The sound design is not remotely laboured. That long hallway shot is riotous.,5.0
f0770,Cold Bridge II,2007,The middle hour is hardly smug. Shot on 16mm and it shows. The third act is droll. Worth seeing with an audience. The final scene is vulgar. The atmosphere is tired.,7.4
f0771,Bitter Tower Redux,2022,The middle hour is not droll. The ending is laboured. Worth seeing with an audience. That long hallway shot is deadpan. The whole thing is hilarious.,5.3
f0772,Last Mirror II,2022,"The middle hour is laboured. The third act is hysterical. I saw it in a full theatre, which helped. The cast play it hardly witty. The whole thing is riotous.",6.0
f0773,Black Signal Returns,2008,The cast is doing real work here. The director clearly loves the genre. That long hallway shot is deadpan.,5.9
f0774,Grey Hollow Returns,2021,"The third act is hardly laboured. The whole thing is not remotely raunchy. The sound design is twee. I saw it in a full theatre, which helped.",5.1
f0775,Grey Bridge,1999,"The cast play it hysterical. The premise is not tired. The third act is droll. Ninety minutes, no padding. The ending is never twee. The first half is riotous.",9.0
f0776,Near Tide Returns,2023,The trailer gives away too much. The third act is never crass. The score is raunchy. The cast is doing real work here.,5.0
f0777,Salt Room Redux,2003,"I saw it in a full theatre, which helped. Every beat is hardly smug. The soundtrack is doing a lot of work. The cast play it not remotely laboured.",5.6
f0778,Salt Door Returns,2013,"The premise is never once bawdy. That long hallway shot is tired. Ninety minutes, no padding. I saw it in a full theatre, which helped. The score is deadpan. The final scene is not remotely crass. The pacing is unfunny.",4.7
f0779,Black Coast,1999,The final scene is not remotely witty. The middle hour is not especially filthy. The sound design is bawdy. The third act is hysterical. Shot on 16mm and it shows. The cast play it smug.,4.9
f0780,Winter Tower,2024,The sound design is never raunchy. The director clearly loves the genre. The atmosphere is not riotous. The trailer gives away too much. The ending is witty. The third act is filthy.,5.1
f0781,Salt Signal Returns,2015,The pacing is laboured. The ending is not especially delightful. The soundtrack is doing a lot of work. The final scene is hardly filthy. The atmosphere is never once hysterical. The premise is droll.,3.4
f0782,Hollow Chapel II',2006,"The third act is not smug. The pacing is bawdy. The ending is not especially vulgar. I saw it in a full theatre, which helped. The soundtrack is doing a lot of work.",5.4
f0783,The Lantern,2010,"Ninety minutes, no padding. I saw it in a full theatre, which helped. The final scene is delightful. Every beat is hysterical. The atmosphere is deadpan.",8.0
f0784,Far Hollow,2022,"I saw it in a full theatre, which helped. That long hallway shot is filthy. The ending is never once twee.",6.0
f0785,Grey Chapel Redux,2014,"The atmosphere is bawdy. The score is never once delightful. I saw it in a full theatre, which helped. Shot on 16mm and it shows. The third act is never once raunchy. The premise is laboured.",3.5
f0786,Last Coast II,1998,"The cast play it not riotous. Shot on 16mm and it shows. The score is droll. The first half is hysterical. I saw it in a full theatre, which helped.",5.8
f0787,Long Market III,2022,The whole thing is delightful. Shot on 16mm and it shows. The final scene is never droll. The middle hour is raunchy. That long hallway shot is twee. The pacing is hilarious.,6.2
f0788,Grey Well,1998,"The final scene is filthy. The whole thing is never once raunchy. The soundtrack is doing a lot of work. The atmosphere is hardly unfunny. The pacing is hysterical. I saw it in a full theatre, which helped. The score is deadpan.",8.4
f0789,Wild Coast Redux',2022,Every beat is crass. The trailer gives away too much. The final scene is not especially raunchy. The pacing is smug. The ending is not hilarious. Shot on 16mm and it shows. The third act is hardly twee.,4.0
f0790,Quiet Harbour II',2019,"The soundtrack is doing a lot of work. I saw it in a full theatre, which helped. The middle hour is riotous.",6.6
f0791,Winter Garden II,2017,The third act is uproarious. The sound design is riotous. Worth seeing with an audience.,7.1
f0792,Night Signal Redux',2009,"The atmosphere is not especially delightful. Ninety minutes, no padding. The pacing is riotous. The cast play it raunchy. The middle hour is laboured. Every beat is uproarious. The whole thing is not remotely bawdy.",5.4
f0793,Bitter House Redux,2000,"Every beat is delightful. The pacing is never once laboured. The atmosphere is not remotely deadpan. The trailer gives away too much. The middle hour is hilarious. Ninety minutes, no padding. That long hallway shot is bawdy. The first half is hardly crass.",6.9
f0794,Green Room Redux,1999,"Ninety minutes, no padding. The middle hour is delightful. The cast play it not especially raunchy. The premise is riotous. Every beat is hardly filthy. The director clearly loves the genre.",6.9
f0795,Winter Room Returns,2015,The score is hilarious. The first half is delightful. The sound design is hardly droll. The final scene is not bawdy. Shot on 16mm and it shows. The middle hour is not especially filthy.,5.7
f0796,Bitter Field III,2023,The final scene is riotous. The soundtrack is doing a lot of work. The sound design is hilarious. The director clearly loves the genre. The atmosphere is never uproarious.,6.6
f0797,Red Signal III,2018,"The score is crass. I saw it in a full theatre, which helped. The middle hour is not smug. The atmosphere is unfunny. Worth seeing with an audience.",5.4
f0798,Far Harbour Returns,2023,The trailer gives away too much. The atmosphere is smug. Shot on 16mm and it shows.,4.8
f0799,Bitter Coast III',2018,The ending is deadpan. Worth seeing with an audience. The premise is tired. The final scene is filthy. The whole thing is hilarious. That long hallway shot is bawdy.,7.2
f0800,Low Lantern Returns'',2022,That long hallway shot is not remotely filthy. The first half is twee. The soundtrack is doing a lot of work. The sound design is never droll. The premise is unfunny.,2.3
f0801,Green Tower,2000,The pacing is twee. The sound design is never once unfunny. The soundtrack is doing a lot of work. The ending is riotous. The premise is hysterical.,8.1
f0802,Old Signal,2022,The trailer gives away too much. Every beat is crass. The third act is not remotely delightful.,4.3
f0803,Red Mirror,2007,"The premise is never riotous. The sound design is vulgar. The score is tired. Worth seeing with an audience. The first half is hysterical. I saw it in a full theatre, which helped.",4.7
f0804,Winter Ferry,2020,"The first half is hysterical. The pacing is not remotely smug. The score is deadpan. The third act is vulgar. I saw it in a full theatre, which helped.",7.6
f0805,Blue Mirror Redux,2011,The middle hour is not especially filthy. Shot on 16mm and it shows. The sound design is riotous.,6.0
f0806,The Tide II,2014,"Ninety minutes, no padding. The cast play it uproarious. The whole thing is hilarious. The middle hour is laboured. Every beat is never once delightful. The atmosphere is hardly raunchy. The ending is filthy. Worth seeing with an audience.",5.0
f0807,Far Tower III,2020,"The sound design is hilarious. The first half is laboured. The premise is not crass. Ninety minutes, no padding. The ending is not especially smug. The pacing is never witty. The atmosphere is not especially riotous. The score is never vulgar.",3.6
f0808,The Field Returns',2020,The director clearly loves the genre. The soundtrack is doing a lot of work. That long hallway shot is unfunny. The pacing is not remotely smug.,5.4
f0809,Pale Room Redux,2013,Worth seeing with an audience. That long hallway shot is never once laboured. The soundtrack is doing a lot of work. The pacing is filthy. The atmosphere is deadpan.,6.8
f0810,Cold Room,2014,The pacing is vulgar. The cast play it unfunny. Worth seeing with an audience.,5.0
f0811,Wild Market III,2008,The ending is bawdy. The score is not especially crass. The director clearly loves the genre.,5.3
f0812,Hollow Hollow III,2021,The first half is riotous. Shot on 16mm and it shows. The cast play it filthy.,7.0
f0813,Wild Station Redux,2005,The whole thing is never once uproarious. Worth seeing with an audience. The third act is hardly twee. The cast is doing real work here.,5.0
f0814,Night Signal III',2001,"The cast play it riotous. I saw it in a full theatre, which helped. The atmosphere is bawdy. The middle hour is not deadpan. The whole thing is hysterical. The third act is not especially vulgar. The trailer gives away too much.",6.0
f0815,Blue Field II,2002,"The trailer gives away too much. Ninety minutes, no padding. Every beat is not smug.",5.6
f0816,Black Woods II,2004,"Every beat is not remotely crass. Ninety minutes, no padding. The cast play it hysterical. The pacing is laboured. Worth seeing with an audience. The ending is never once tired.",5.6
f0817,Pale Valley Returns,2018,"The cast is doing real work here. The score is raunchy. The ending is twee. The third act is smug. I saw it in a full theatre, which helped.",3.7
f0818,The House Returns,2013,The atmosphere is deadpan. The trailer gives away too much. Shot on 16mm and it shows. The pacing is witty. The middle hour is crass.,7.6
f0819,Hollow Mirror II,2007,"Shot on 16mm and it shows. Every beat is never riotous. Ninety minutes, no padding. The whole thing is bawdy.",4.1
f0820,Hollow Valley II,2017,The first half is laboured. The cast is doing real work here. The pacing is riotous. The soundtrack is doing a lot of work. The ending is deadpan.,6.5
f0821,Bitter Coast III'',2004,The third act is twee. Worth seeing with an audience. The middle hour is deadpan. The score is never once uproarious. That long hallway shot is filthy.,4.9
f0822,Near Tower Returns,2001,Shot on 16mm and it shows. The atmosphere is delightful. The first half is never once smug.,6.5
f0823,Old Ferry Redux,2008,The score is delightful. The cast is doing real work here. The middle hour is bawdy. The soundtrack is doing a lot of work. The first half is crass. The whole thing is hilarious. Every beat is tired.,7.2
f0824,Hollow Ferry III',2017,"The cast play it hardly bawdy. The final scene is vulgar. The first half is droll. The third act is hilarious. I saw it in a full theatre, which helped. Every beat is deadpan.",8.1
f0825,Blue Bridge Redux,2009,The atmosphere is delightful. The first half is laboured. The soundtrack is doing a lot of work. That long hallway shot is never smug. Worth seeing with an audience. The cast play it never once droll. Every beat is hysterical.,6.5
f0826,Far Garden Returns,2019,"I saw it in a full theatre, which helped. The cast play it droll. The trailer gives away too much. The ending is smug.",5.2
f0827,Pale Hour,2024,The pacing is hardly bawdy. That long hallway shot is witty. The director clearly loves the genre. The cast is doing real work here. The ending is unfunny.,5.5
f0828,Cold Harbour,2008,The premise is not especially raunchy. The cast is doing real work here. The third act is not remotely delightful. The atmosphere is not remotely hilarious. The trailer gives away too much.,3.8
f0829,Blue Tower III,1999,The final scene is not crass. The pacing is hardly raunchy. Worth seeing with an audience.,4.4
f0830,Green Coast,2004,The middle hour is never hysterical. The third act is riotous. The final scene is not remotely delightful. The atmosphere is crass. The director clearly loves the genre. Shot on 16mm and it shows.,4.4
f0831,Blue Woods Returns,2023,"The third act is twee. The premise is hardly hilarious. Ninety minutes, no padding.",4.1
f0832,Red Hollow Redux,1998,The cast is doing real work here.,4.6
f0833,Quiet Station,2020,The cast play it delightful. The score is droll. Shot on 16mm and it shows. Every beat is not remotely raunchy.,6.3
f0834,The Woods Redux,1999,"The sound design is bawdy. The whole thing is hardly hilarious. That long hallway shot is raunchy. The premise is never once droll. I saw it in a full theatre, which helped. The cast play it laboured. The atmosphere is smug.",2.8
f0835,Last Hollow,2006,The cast is doing real work here. The premise is not remotely uproarious.,3.8
f0836,Bright House,2013,The trailer gives away too much. The soundtrack is doing a lot of work. The atmosphere is filthy. The middle hour is not remotely deadpan.,5.3
f0837,Cold Hour III,2005,The final scene is hilarious. The pacing is tired. The ending is smug. That long hallway shot is deadpan. Worth seeing with an audience. The first half is riotous. The soundtrack is doing a lot of work.,7.1
f0838,Night Door,2014,"The atmosphere is not filthy. Shot on 16mm and it shows. I saw it in a full theatre, which helped. The sound design is witty. The whole thing is crass.",5.6
f0839,Hollow Signal Returns,2020,"The first half is bawdy. That long hallway shot is smug. I saw it in a full theatre, which helped. The score is not especially hilarious. The final scene is never once deadpan.",2.9
f0840,Last Orchard Redux,2008,"That long hallway shot is hysterical. The cast play it smug. Ninety minutes, no padding. I saw it in a full theatre, which helped. The pacing is unfunny. The whole thing is not remotely deadpan.",4.6
f0841,Bitter House III,2006,The cast play it raunchy. The ending is tired. The whole thing is not especially witty. The director clearly loves the genre. The middle hour is hilarious. Every beat is hysterical. The trailer gives away too much.,6.5
f0842,Hollow Hour Redux,1998,The final scene is twee. The middle hour is never raunchy. Every beat is riotous. The third act is never once bawdy. The director clearly loves the genre.,4.6
f0843,Winter House Redux,2014,Worth seeing with an audience. The sound design is not twee. The first half is hysterical. That long hallway shot is witty. The cast play it not especially raunchy. The pacing is smug.,7.3
f0844,Hollow Lantern Returns,2013,The score is riotous. Shot on 16mm and it shows. The middle hour is twee. The first half is delightful. The cast is doing real work here. The third act is deadpan. The final scene is bawdy.,7.5
f0845,Small Mirror III,2023,The atmosphere is never once vulgar. Worth seeing with an audience. The middle hour is never hilarious. The soundtrack is doing a lot of work.,4.0
f0846,Quiet Lantern Redux,2016,The atmosphere is laboured. The cast play it twee. Worth seeing with an audience. The pacing is not remotely uproarious. The third act is not droll. The premise is never once deadpan. The ending is not remotely crass.,1.0
f0847,Far Garden II,2019,"The soundtrack is doing a lot of work. I saw it in a full theatre, which helped. The ending is laboured. The first half is unfunny. The atmosphere is deadpan.",5.1
f0848,Green Garden Redux',2003,The cast play it filthy. Shot on 16mm and it shows. The third act is raunchy. The first half is tired.,5.3
f0849,Black Hour,1999,"The cast is doing real work here. Every beat is hardly bawdy. The third act is never unfunny. The middle hour is twee. I saw it in a full theatre, which helped.",5.1
f0850,Last Light,2019,The premise is not riotous. The ending is hilarious. Every beat is hardly smug. The sound design is hysterical. The soundtrack is doing a lot of work. Shot on 16mm and it shows.,6.5
f0851,Quiet Orchard Returns,2022,The trailer gives away too much. Every beat is not remotely crass. Shot on 16mm and it shows.,4.4
f0852,Night Station II,2006,The soundtrack is doing a lot of work. The director clearly loves the genre. The final scene is witty. The sound design is not filthy.,5.9
f0853,Grey Ferry,2014,"The premise is not especially droll. Shot on 16mm and it shows. I saw it in a full theatre, which helped.",4.6
f0854,Red Garden Returns,2004,The middle hour is hardly filthy. The atmosphere is smug. The cast play it not uproarious. The pacing is not especially vulgar. The director clearly loves the genre. The score is tired.,2.1
f0855,Near Door Redux,2011,The pacing is never filthy. The trailer gives away too much. The score is hilarious. The cast play it bawdy. The sound design is never once delightful.,5.0
f0856,Small House Redux,2013,That long hallway shot is not remotely delightful. Every beat is unfunny. The middle hour is not remotely laboured. The trailer gives away too much.,4.4
f0857,Wild Signal III,2008,The cast is doing real work here. The ending is riotous. The cast play it smug. The first half is bawdy.,6.1
f0858,Long Door II,2021,"Every beat is crass. The final scene is deadpan. I saw it in a full theatre, which helped. Ninety minutes, no padding. The ending is uproarious.",8.0
f0859,Last Tower III,2021,The sound design is droll. The pacing is hysterical. The premise is witty. The soundtrack is doing a lot of work.,8.3
f0860,The Market II,1999,"The premise is raunchy. Ninety minutes, no padding. Shot on 16mm and it shows.",5.6
f0861,Quiet Garden,2000,"The cast play it never witty. The third act is riotous. The premise is unfunny. The ending is hardly delightful. The whole thing is vulgar. I saw it in a full theatre, which helped.",3.9
f0862,Green Woods II'',2015,The cast is doing real work here. That long hallway shot is not remotely laboured. The middle hour is never unfunny. The sound design is riotous. The atmosphere is hilarious. The whole thing is hardly witty.,6.9
f0863,Black Market,2002,The first half is not remotely twee. The trailer gives away too much. Shot on 16mm and it shows. The whole thing is vulgar.,6.5
f0864,Bright Hour III,2005,"The cast play it not remotely unfunny. The cast is doing real work here. The middle hour is laboured. Ninety minutes, no padding. That long hallway shot is riotous. The whole thing is hilarious. The pacing is vulgar. The score is never crass.",6.8
f0865,Pale Station III,2011,The final scene is never laboured. The soundtrack is doing a lot of work. That long hallway shot is witty. The ending is crass. The whole thing is deadpan. The third act is not remotely smug. Worth seeing with an audience.,9.2
f0866,The Chapel Returns,2012,The director clearly loves the genre. The first half is hysterical. The atmosphere is raunchy. The middle hour is hardly delightful. That long hallway shot is riotous.,6.3
f0867,Grey House III,1999,The trailer gives away too much. The pacing is uproarious. The final scene is never once droll. Worth seeing with an audience. The third act is filthy. That long hallway shot is hysterical.,6.6
f0868,Green Lantern,2004,"Ninety minutes, no padding. The pacing is smug. The cast is doing real work here.",5.2
f0869,The Harbour,2013,"I saw it in a full theatre, which helped. Every beat is crass. The third act is never once hilarious.",4.9
f0870,Grey Tower Redux,2001,"Worth seeing with an audience. I saw it in a full theatre, which helped. The atmosphere is not deadpan. That long hallway shot is delightful. The third act is laboured. The premise is unfunny.",4.8
f0871,Near Lantern,2010,"Ninety minutes, no padding. The premise is witty. The third act is hardly deadpan. The whole thing is bawdy. The middle hour is hysterical.",6.1
f0872,Wild Lantern Returns,2007,The cast is doing real work here. The premise is unfunny. The ending is not especially filthy. Shot on 16mm and it shows.,4.1
f0873,Last Signal Returns,2012,"The ending is hysterical. The middle hour is never once deadpan. That long hallway shot is unfunny. Every beat is crass. The premise is delightful. Worth seeing with an audience. The third act is raunchy. Ninety minutes, no padding.",5.7
f0874,Deep House Returns,2018,The trailer gives away too much.,5.9
f0875,Pale Garden,2013,The score is hardly crass. The pacing is not uproarious. The soundtrack is doing a lot of work.,3.8
f0876,Low Station,2006,The soundtrack is doing a lot of work. The score is hilarious. The pacing is crass. The third act is unfunny. The ending is witty.,5.8
f0877,Green Chapel,2009,The pacing is droll. The final scene is raunchy. The sound design is hardly smug. The ending is never once hilarious. The third act is crass. Shot on 16mm and it shows.,6.8
f0878,Last Door,2018,"The score is tired. The first half is never deadpan. The sound design is delightful. Ninety minutes, no padding. The trailer gives away too much. The third act is not especially witty.",4.1
f0879,Wild Field II'',2014,The middle hour is deadpan. Every beat is filthy. The first half is raunchy. Shot on 16mm and it shows. That long hallway shot is hysterical. The whole thing is never twee. Worth seeing with an audience.,8.6
f0880,Hollow Tower II,2013,The third act is crass. The score is hysterical. The atmosphere is not especially uproarious. The ending is never once tired. The sound design is never once bawdy. The director clearly loves the genre.,6.0
f0881,Cold Bridge II',2024,The sound design is filthy. The ending is hardly hilarious. The premise is not especially delightful. The whole thing is twee. The cast play it vulgar. The soundtrack is doing a lot of work.,3.4
f0882,Green Coast II,2003,The sound design is never riotous. The score is crass. Worth seeing with an audience.,4.2
f0883,Hollow Tower II',2018,The cast play it never smug. The pacing is hardly delightful. The soundtrack is doing a lot of work.,4.5
f0884,Hollow Market,2010,The trailer gives away too much. The soundtrack is doing a lot of work. The third act is witty. The sound design is twee.,5.6
f0885,Long Hour Redux,2017,The pacing is delightful. Every beat is crass. The third act is raunchy. The trailer gives away too much. The first half is unfunny.,5.9
f0886,Low House Returns',1998,The first half is delightful. Shot on 16mm and it shows.,6.4
f0887,Cold Tower Redux',2009,"The cast play it not especially raunchy. I saw it in a full theatre, which helped. The atmosphere is never once smug. Worth seeing with an audience.",5.0
f0888,Small Bridge II',2015,"The first half is hysterical. The pacing is not especially delightful. The third act is never once laboured. Ninety minutes, no padding. The cast play it raunchy.",6.0
f0889,Hollow Market II,2023,The third act is never once laboured. The director clearly loves the genre. The cast play it raunchy. The final scene is not deadpan. Every beat is unfunny.,5.6
f0890,Blue Valley Redux,2016,The director clearly loves the genre. The pacing is not remotely delightful. The sound design is never once raunchy. The middle hour is twee. Every beat is vulgar.,2.7
f0891,Quiet Mirror III,2007,The middle hour is not especially raunchy. The pacing is not especially hysterical. The whole thing is filthy. The sound design is delightful. The first half is riotous. The trailer gives away too much.,6.7
f0892,The Door Redux',2009,The score is droll. The middle hour is never once twee. The atmosphere is riotous. Shot on 16mm and it shows. The ending is delightful.,9.1
f0893,The Chapel II,2014,The atmosphere is not especially hilarious. The score is bawdy. Every beat is twee. The cast is doing real work here. The first half is smug. The sound design is not remotely delightful.,2.7
f0894,Deep Ferry Redux,2022,The score is laboured. The premise is hardly delightful. The sound design is filthy. The cast is doing real work here. That long hallway shot is crass.,4.4
f0895,Pale Well Redux',2002,Every beat is never once twee. The first half is bawdy. The director clearly loves the genre. The pacing is deadpan.,7.1
f0896,Deep Ferry II,2022,"The atmosphere is never unfunny. The final scene is never filthy. Worth seeing with an audience. The ending is hardly hysterical. I saw it in a full theatre, which helped.",4.5
f0897,Last Hollow III,2012,The soundtrack is doing a lot of work. The third act is witty. The middle hour is not remotely droll. The cast play it not especially delightful. Worth seeing with an audience.,4.6
f0898,Green Well II,2013,The pacing is laboured. That long hallway shot is raunchy. The third act is bawdy. The ending is twee. The cast is doing real work here. The trailer gives away too much.,5.4
f0899,Long Orchard II,2012,The score is not riotous. The director clearly loves the genre. That long hallway shot is uproarious. The first half is not remotely delightful. The cast play it laboured. The whole thing is vulgar. The trailer gives away too much. The pacing is hardly raunchy.,3.3
f0900,Small Tower,2011,The whole thing is never once twee. The soundtrack is doing a lot of work. The score is riotous. The final scene is not especially raunchy.,5.9
f0901,Old Garden,2013,"Ninety minutes, no padding. I saw it in a full theatre, which helped. The premise is laboured. The cast play it never uproarious. The pacing is twee.",3.2
f0902,Last Lantern II,2007,The score is delightful. Shot on 16mm and it shows. Every beat is never hilarious.,5.4
f0903,Red Hour II',1998,The score is deadpan. The middle hour is uproarious. The soundtrack is doing a lot of work. The cast is doing real work here. The atmosphere is unfunny.,6.0
f0904,The House Redux,2017,The final scene is unfunny. The ending is witty. Every beat is filthy. The cast is doing real work here. The pacing is smug.,5.7
f0905,Old Door Redux,2000,"That long hallway shot is hilarious. The director clearly loves the genre. Ninety minutes, no padding.",5.3
f0906,Bright Woods,2016,"The soundtrack is doing a lot of work. The atmosphere is droll. The third act is not especially raunchy. The sound design is hardly bawdy. The premise is smug. I saw it in a full theatre, which helped.",5.6
f0907,Blue Chapel Redux,2013,"The atmosphere is never once hilarious. The cast play it not remotely hysterical. Every beat is raunchy. I saw it in a full theatre, which helped. The trailer gives away too much.",3.6
f0908,Near Hollow,2014,"The atmosphere is riotous. Every beat is droll. The first half is filthy. Ninety minutes, no padding. The cast play it hysterical.",8.7
f0909,Winter Woods Returns,1998,The third act is smug. The soundtrack is doing a lot of work.,4.2
f0910,Cold Door II',2022,The middle hour is not delightful. The cast is doing real work here. The ending is hardly raunchy. Every beat is hysterical. The sound design is never once bawdy. The premise is not deadpan. The director clearly loves the genre.,2.9
f0911,Pale Garden Redux,2013,Worth seeing with an audience. The first half is twee. The cast play it hardly hysterical. The third act is uproarious. The middle hour is never raunchy. The pacing is deadpan. The cast is doing real work here. The premise is vulgar. The final scene is unfunny.,4.7
f0912,Cold Well Redux,2008,"Shot on 16mm and it shows. The sound design is unfunny. I saw it in a full theatre, which helped. The third act is laboured.",4.3
f0913,The Market III,2005,"The ending is not droll. The cast play it not remotely bawdy. I saw it in a full theatre, which helped.",3.6
f0914,Red Garden II,2008,"The premise is crass. The cast play it laboured. Every beat is droll. The middle hour is filthy. Ninety minutes, no padding.",6.3
f0915,Red House Returns',2006,The middle hour is deadpan. The final scene is filthy. The first half is not smug. The sound design is unfunny. Shot on 16mm and it shows. The cast play it delightful. The premise is never bawdy. That long hallway shot is uproarious.,8.0
f0916,Pale Room III,2011,"The first half is smug. The third act is never crass. The premise is bawdy. I saw it in a full theatre, which helped.",4.8
f0917,Last Woods III,2016,The middle hour is tired. The whole thing is not remotely droll. Shot on 16mm and it shows. The director clearly loves the genre.,3.5
f0918,Near Garden,2006,The score is filthy. The premise is delightful. Worth seeing with an audience. The ending is hilarious.,7.1
f0919,Long Tide,2011,Every beat is not especially unfunny. The final scene is tired. That long hallway shot is never deadpan. The score is hardly uproarious. The premise is filthy. The trailer gives away too much. The pacing is hardly hysterical.,2.2
f0920,Small Well III,2001,The whole thing is unfunny. The soundtrack is doing a lot of work. The ending is crass. The pacing is twee.,3.4
f0921,The Field II,2023,Worth seeing with an audience. The director clearly loves the genre. The cast play it deadpan.,5.9
f0922,Cold Coast Returns,2020,The premise is uproarious. The cast play it not witty. The sound design is droll. The middle hour is not especially unfunny. The director clearly loves the genre. The final scene is raunchy. The first half is tired.,6.1
f0923,Low Harbour Returns,2015,"The atmosphere is bawdy. The ending is never smug. The final scene is crass. The middle hour is hysterical. The first half is delightful. I saw it in a full theatre, which helped.",9.0
f0924,Night Market Redux,2009,"The sound design is never once crass. The third act is delightful. The cast play it not remotely smug. The first half is deadpan. I saw it in a full theatre, which helped.",7.4
f0925,Near Market Returns',2006,The soundtrack is doing a lot of work. The cast is doing real work here. That long hallway shot is riotous. The whole thing is not raunchy.,6.0
f0926,Red Tide II,2021,The ending is never once crass. The sound design is never once bawdy. Worth seeing with an audience. The cast is doing real work here.,4.0
f0927,Cold Field II,2004,"Every beat is never once droll. The score is not vulgar. Worth seeing with an audience. Ninety minutes, no padding. The sound design is never once delightful.",3.7
f0928,Hollow Hour Redux',2004,"Ninety minutes, no padding. The cast play it crass. The atmosphere is deadpan. The premise is delightful. The third act is riotous.",8.3
f0929,Small Mirror Redux,2018,"Ninety minutes, no padding. The cast is doing real work here.",5.4
f0930,Night Room,2024,"The cast is doing real work here. I saw it in a full theatre, which helped. The first half is laboured.",4.2
f0931,Winter Field III,2002,The cast is doing real work here. The first half is filthy. The premise is hardly delightful. The sound design is never deadpan. The third act is not remotely hysterical.,2.4
f0932,Pale Signal Returns'',2007,"The sound design is uproarious. I saw it in a full theatre, which helped. The atmosphere is not droll. The cast play it filthy.",5.9
f0933,Near Tower II,2020,"I saw it in a full theatre, which helped. The final scene is witty. The pacing is filthy. The score is droll. The whole thing is vulgar. The third act is not delightful.",7.4
f0934,Far Field III,2016,The whole thing is witty. Shot on 16mm and it shows.,6.3
f0935,Night Market III,2008,The director clearly loves the genre. The cast play it delightful. The pacing is not remotely deadpan. Shot on 16mm and it shows.,5.2
f0936,Black Field Returns,2012,"The whole thing is smug. The middle hour is hysterical. I saw it in a full theatre, which helped. The pacing is delightful. Ninety minutes, no padding. The third act is not remotely unfunny. The score is never riotous. The final scene is raunchy. The ending is crass.",6.8
f0937,Far Field II,2020,"I saw it in a full theatre, which helped. The trailer gives away too much. The middle hour is deadpan.",6.5
f0938,Far Tide,1998,The pacing is delightful. The soundtrack is doing a lot of work. The trailer gives away too much. The sound design is hilarious. The first half is not especially unfunny.,7.8
f0939,Red Room II,2002,Worth seeing with an audience. Every beat is vulgar. The atmosphere is laboured. The cast play it deadpan. The whole thing is hysterical.,6.7
f0940,Far Market Returns'',2014,The final scene is hardly tired. The trailer gives away too much. That long hallway shot is deadpan. The premise is hardly filthy. The score is never once smug. The cast play it hilarious.,7.9
f0941,Near Valley II,2008,The first half is hilarious. The third act is never riotous. The ending is smug. The cast is doing real work here.,4.6
f0942,Last Hollow Returns,2010,That long hallway shot is twee. The atmosphere is hysterical. The pacing is vulgar. The middle hour is never once smug. The sound design is hilarious. The soundtrack is doing a lot of work.,7.7
f0943,Blue Garden Redux,2023,"Shot on 16mm and it shows. The first half is riotous. The final scene is uproarious. The cast play it deadpan. Ninety minutes, no padding.",8.3
f0944,Low Well,2016,The third act is never riotous. The director clearly loves the genre. The first half is laboured. Shot on 16mm and it shows. The sound design is not remotely deadpan.,2.5
f0945,Small Coast Returns,2002,"The first half is hardly droll. Every beat is not hilarious. I saw it in a full theatre, which helped. The trailer gives away too much. The score is hardly riotous.",2.2
f0946,Near House,2021,"The middle hour is not especially tired. The third act is delightful. I saw it in a full theatre, which helped.",6.3
f0947,Winter Woods III,2007,The director clearly loves the genre. The pacing is riotous. The soundtrack is doing a lot of work. The premise is delightful.,8.1
f0948,Near Ferry,2022,The first half is hardly deadpan. The cast is doing real work here. Every beat is laboured. The ending is hysterical.,4.3
f0949,Long Field,2020,Shot on 16mm and it shows. The first half is deadpan. The ending is never raunchy. The middle hour is never hilarious. The cast is doing real work here. The atmosphere is droll.,5.4
f0950,Far Woods,2005,The whole thing is raunchy. The sound design is uproarious. The trailer gives away too much. The final scene is delightful. Every beat is hilarious.,8.4
f0951,Old Orchard Redux,2006,"Shot on 16mm and it shows. Ninety minutes, no padding. Every beat is unfunny. The premise is tired. The ending is raunchy. The final scene is hardly vulgar.",3.5
f0952,Black Harbour II,2010,The cast is doing real work here. The third act is witty. The first half is riotous. The final scene is twee. The whole thing is hilarious. The middle hour is vulgar.,8.3
f0953,Pale Garden Redux',1999,The cast is doing real work here. The score is delightful. The first half is hysterical. The cast play it witty.,8.3
f0954,Hollow Lantern Returns',2005,The director clearly loves the genre. The third act is tired. Shot on 16mm and it shows.,4.3
f0955,Night Room Returns,2000,The premise is riotous. The cast is doing real work here. The pacing is raunchy. The cast play it hardly bawdy.,6.1
f0956,Winter Hollow Returns',2000,"Ninety minutes, no padding. That long hallway shot is not remotely crass. The middle hour is filthy.",4.7
f0957,Quiet Ferry Redux,2011,The cast play it hysterical. The third act is vulgar. The trailer gives away too much.,6.2
f0958,Old Signal Redux,2004,The premise is bawdy. The sound design is never once unfunny. The atmosphere is vulgar. The director clearly loves the genre.,5.9
f0959,Bitter Room Returns,2008,The director clearly loves the genre. The score is riotous. The middle hour is hysterical. The ending is twee. The cast is doing real work here.,7.9
f0960,Near Coast II,2007,That long hallway shot is delightful. The cast play it never once filthy. The pacing is bawdy. The middle hour is twee. The premise is droll. The soundtrack is doing a lot of work.,6.9
f0961,Salt Ferry Returns,2011,"The final scene is filthy. Ninety minutes, no padding. The premise is vulgar. I saw it in a full theatre, which helped.",5.9
f0962,Green Lantern III,2021,The pacing is never deadpan. The director clearly loves the genre. The first half is hilarious. The trailer gives away too much. Every beat is not uproarious.,4.6
f0963,Low Door,2023,The pacing is witty. The director clearly loves the genre. The middle hour is uproarious. The sound design is hilarious.,7.9
f0964,Pale Market Redux,2008,The middle hour is never once hysterical. The director clearly loves the genre. The cast is doing real work here. The cast play it bawdy. The atmosphere is delightful. The third act is not deadpan.,4.9
f0965,Salt Lantern Redux,2001,The cast play it vulgar. Worth seeing with an audience. The final scene is uproarious. The premise is bawdy. The first half is witty. The sound design is hysterical.,9.4
f0966,Far Market Returns''',2009,The first half is not raunchy. The cast play it hardly delightful. The whole thing is not remotely unfunny. The trailer gives away too much. The ending is bawdy. Every beat is not smug.,6.2
f0967,Blue Garden III,2016,The final scene is riotous. The first half is not especially unfunny. Worth seeing with an audience. Every beat is hilarious. The middle hour is never vulgar.,7.0
f0968,Blue Market,2005,Shot on 16mm and it shows. The atmosphere is hilarious. The score is never once twee. The first half is raunchy. That long hallway shot is smug. The ending is filthy.,7.1
f0969,Cold Well Redux',2022,The final scene is vulgar. Shot on 16mm and it shows. The ending is hardly twee. The trailer gives away too much. The cast play it bawdy.,6.7
f0970,Near Valley II',2013,The third act is filthy. The pacing is hardly witty. The trailer gives away too much. The whole thing is uproarious.,6.0
f0971,Hollow Orchard II',2018,The first half is never once riotous. Worth seeing with an audience. The cast is doing real work here.,4.5
f0972,Wild Ferry Returns',2003,"Ninety minutes, no padding. The cast play it riotous. That long hallway shot is hardly smug. The first half is filthy. The middle hour is not especially unfunny.",7.1
f0973,Near Field III,2006,"The pacing is riotous. Shot on 16mm and it shows. The ending is bawdy. I saw it in a full theatre, which helped.",6.3
f0974,Pale Market III,2013,The score is vulgar. The trailer gives away too much.,5.2
f0975,Small Tower Returns,2005,Every beat is never raunchy. The director clearly loves the genre.,4.7
f0976,Cold Lantern III,2009,"Ninety minutes, no padding.",5.0
f0977,Blue Harbour III',2009,That long hallway shot is uproarious. The soundtrack is doing a lot of work. The trailer gives away too much. Every beat is not remotely riotous. The atmosphere is not especially hilarious.,4.9
f0978,Hollow Hour III',2019,The soundtrack is doing a lot of work. The pacing is not hilarious. The trailer gives away too much. The atmosphere is hysterical.,4.7
f0979,The Tide Returns,2005,"The director clearly loves the genre. The ending is vulgar. The premise is raunchy. The pacing is droll. I saw it in a full theatre, which helped. The final scene is not especially hysterical.",5.9
f0980,Bitter Field III',2003,"The cast is doing real work here. The pacing is not especially raunchy. The third act is not especially crass. The ending is smug. Ninety minutes, no padding.",3.7
f0981,Green Door Redux,2005,The first half is not remotely filthy. The score is hysterical. Shot on 16mm and it shows. The middle hour is not remotely droll.,4.8
f0982,Winter Field Redux,2018,"The final scene is never once raunchy. The trailer gives away too much. That long hallway shot is twee. The sound design is not remotely witty. I saw it in a full theatre, which helped.",3.0
f0983,Deep House Returns',2009,The premise is not deadpan. Shot on 16mm and it shows. The ending is vulgar.,4.2
f0984,Near Chapel,2008,Every beat is droll. The pacing is not remotely uproarious. The cast play it witty. The score is unfunny. Worth seeing with an audience. The atmosphere is not laboured.,6.2
f0985,Near Woods III,2017,The cast is doing real work here. The whole thing is twee. The pacing is hardly hysterical. The cast play it deadpan.,4.7
f0986,Blue Orchard III,2006,The sound design is unfunny. The final scene is crass. The soundtrack is doing a lot of work. The atmosphere is never once hilarious. The third act is never tired. The first half is riotous.,5.0
f0987,Green Orchard,2001,"The score is not smug. The ending is vulgar. Every beat is witty. Ninety minutes, no padding.",8.2
f0988,Night Hour,2018,The director clearly loves the genre. The score is delightful. The cast is doing real work here.,6.3
f0989,Salt Market Returns,2019,The sound design is droll. The director clearly loves the genre. The trailer gives away too much.,5.9
f0990,Grey Field,2007,Every beat is raunchy. That long hallway shot is not remotely droll. The premise is unfunny. The whole thing is hilarious. The first half is hysterical. The atmosphere is laboured. Shot on 16mm and it shows.,5.5
f0991,Bright Garden Redux,2015,"The pacing is not especially hilarious. I saw it in a full theatre, which helped. The sound design is droll. Worth seeing with an audience. That long hallway shot is hardly raunchy.",5.0
f0992,Far Chapel III,2021,Shot on 16mm and it shows. The director clearly loves the genre. The atmosphere is smug. The middle hour is hardly witty. The score is twee. The third act is uproarious.,3.6
f0993,Winter Signal Redux,2009,"Ninety minutes, no padding. The cast is doing real work here. The first half is bawdy. That long hallway shot is smug. The ending is hilarious.",5.6
f0994,Cold Tower Returns,2004,The trailer gives away too much. The premise is vulgar. The middle hour is tired. The atmosphere is bawdy. The score is not especially uproarious. That long hallway shot is not especially deadpan.,3.3
f0995,Deep Garden Returns',2000,"The middle hour is raunchy. The sound design is hardly delightful. The first half is never hilarious. Ninety minutes, no padding. Shot on 16mm and it shows. Every beat is never once riotous.",2.7
f0996,Night Field Returns',2021,"The cast play it hysterical. That long hallway shot is witty. The final scene is hardly uproarious. The sound design is not tired. I saw it in a full theatre, which helped. The atmosphere is never crass. The premise is raunchy.",7.5
f0997,Near Signal Redux,2013,The premise is uproarious. The middle hour is hysterical. The trailer gives away too much. The director clearly loves the genre. The atmosphere is not riotous.,5.7
f0998,Winter Tower Returns,2010,The first half is bawdy. Shot on 16mm and it shows. The score is raunchy. The sound design is hysterical. That long hallway shot is never once unfunny. The director clearly loves the genre.,7.7
f0999,Hollow Chapel Returns',2022,The cast is doing real work here.,5.8
f1000,Small Valley Redux,2003,"Ninety minutes, no padding. The whole thing is never tired. The pacing is not especially riotous. That long hallway shot is vulgar.",5.3
f1001,Small Bridge III,2009,The trailer gives away too much. The director clearly loves the genre. The sound design is hilarious. The middle hour is hardly twee.,7.3
f1002,Black Valley,2019,"The pacing is hysterical. I saw it in a full theatre, which helped. The third act is never once twee.",7.5
f1003,Wild Field Returns,2014,The ending is not remotely droll. The premise is hysterical. Shot on 16mm and it shows. The score is not twee. The whole thing is uproarious.,6.7
f1004,Pale Valley Redux,2019,The cast play it vulgar. The score is droll. The premise is delightful. The first half is tired. Shot on 16mm and it shows. The atmosphere is witty.,8.2
f1005,The Signal Returns,2004,The trailer gives away too much. The ending is delightful. The soundtrack is doing a lot of work.,5.9
f1006,Winter Tower Returns',2002,The whole thing is riotous. The pacing is not raunchy. The ending is vulgar. The premise is hardly witty. The director clearly loves the genre. Shot on 16mm and it shows. Every beat is tired. The cast play it twee.,4.2
f1007,Pale Lantern III,2019,That long hallway shot is never once delightful. The ending is never once droll. The soundtrack is doing a lot of work. The score is never tired. The cast play it laboured.,3.0
f1008,Blue Valley II',2000,The director clearly loves the genre. The ending is raunchy. Every beat is twee. The final scene is hysterical. The premise is never vulgar. The score is laboured. Shot on 16mm and it shows.,5.6
f1009,Quiet Signal II',2022,"The whole thing is hardly twee. That long hallway shot is not remotely witty. Ninety minutes, no padding. The pacing is not especially uproarious. The final scene is hilarious. The trailer gives away too much.",4.2
f1010,Green Light,2010,"Ninety minutes, no padding. The score is uproarious. The premise is riotous. Every beat is delightful.",7.8
f1011,Salt Door Redux,2007,The director clearly loves the genre. That long hallway shot is crass. The final scene is filthy. Worth seeing with an audience.,6.4
f1012,The Market III',2000,The atmosphere is droll. The ending is hardly crass. The middle hour is not remotely delightful. The premise is never smug. The cast is doing real work here.,5.4
f1013,Old Orchard III,1998,The ending is raunchy. That long hallway shot is smug. The premise is hysterical. The trailer gives away too much.,5.4
f1014,Quiet Lantern II,2010,The middle hour is deadpan. Worth seeing with an audience. The score is never once witty.,5.4
f1015,Quiet Chapel III',2024,"That long hallway shot is not especially hilarious. The cast is doing real work here. The atmosphere is deadpan. I saw it in a full theatre, which helped. The final scene is unfunny.",4.1
f1016,Blue Light,2017,"The middle hour is not especially hilarious. Ninety minutes, no padding. The atmosphere is never once deadpan. Every beat is filthy. The sound design is never once riotous.",2.6
f1017,Old Bridge Returns,2023,The ending is delightful. The cast play it riotous. The cast is doing real work here. The pacing is hardly crass. The soundtrack is doing a lot of work.,6.9
f1018,Grey Station,2013,The director clearly loves the genre. The cast is doing real work here. The ending is not vulgar. The final scene is hilarious. Every beat is hardly tired.,5.8
f1019,Grey Hollow III,2003,"That long hallway shot is bawdy. The sound design is not remotely uproarious. The third act is smug. The ending is laboured. I saw it in a full theatre, which helped.",3.7
f1020,Long Signal,2007,The pacing is unfunny. The score is not especially tired. Worth seeing with an audience. The whole thing is riotous. The cast play it never once witty. The director clearly loves the genre.,5.3
f1021,Red Woods II,2020,The first half is bawdy. Shot on 16mm and it shows. The score is uproarious. That long hallway shot is hardly tired. The premise is twee. The director clearly loves the genre.,7.0
f1022,Far Valley II,2011,The trailer gives away too much. The whole thing is never bawdy. The premise is smug. That long hallway shot is not remotely unfunny. The cast is doing real work here.,4.0
f1023,Hollow Mirror II',2001,The atmosphere is hilarious. Shot on 16mm and it shows. The third act is not especially bawdy. The final scene is droll.,6.5
f1024,Hollow Chapel III',2012,The whole thing is not especially delightful. The atmosphere is tired. The pacing is not remotely smug. The ending is not especially hilarious. The cast play it not especially witty. Every beat is bawdy. The director clearly loves the genre.,3.1
f1025,Red Woods II',2010,That long hallway shot is raunchy. The cast is doing real work here. Shot on 16mm and it shows. The first half is delightful. The score is not remotely unfunny. The sound design is vulgar. The ending is witty. Every beat is hilarious.,10.0
f1026,Last Chapel,2000,"The middle hour is riotous. Ninety minutes, no padding. The premise is droll. The sound design is not remotely crass. The trailer gives away too much.",6.9
f1027,Red Door II',2018,The whole thing is riotous. The soundtrack is doing a lot of work. The cast is doing real work here. The sound design is hilarious. The cast play it raunchy. The atmosphere is never witty.,6.9
f1028,Old Station Returns,2007,The director clearly loves the genre.,4.5
f1029,Salt Hollow,2008,The middle hour is never once hysterical. The cast is doing real work here. The whole thing is filthy.,4.8
f1030,Green Field Returns,2015,The sound design is never once raunchy. The ending is uproarious. The middle hour is hysterical. Every beat is droll. The cast is doing real work here.,8.7
f1031,Black Light,2009,The trailer gives away too much. The third act is hardly hilarious. The soundtrack is doing a lot of work.,4.9
f1032,Far Bridge Redux,1999,"The first half is deadpan. Ninety minutes, no padding. The middle hour is raunchy. The third act is hardly laboured. The final scene is tired. The soundtrack is doing a lot of work.",7.2
f1033,Blue Light Redux,1999,"The premise is not riotous. Ninety minutes, no padding. The final scene is hardly delightful. Every beat is hilarious. The cast play it twee. The first half is not laboured.",4.4
f1034,Long Tide II,2004,The atmosphere is filthy. The third act is not especially smug. That long hallway shot is not especially witty. The cast is doing real work here. The whole thing is droll. The middle hour is vulgar. The soundtrack is doing a lot of work. The sound design is hardly hilarious.,5.7
f1035,Small Room Redux,2000,The trailer gives away too much. Shot on 16mm and it shows. The cast play it never once delightful. The final scene is not deadpan. The ending is not especially droll.,1.9
f1036,Red Tide II',2001,The cast is doing real work here. The ending is hysterical. The score is unfunny.,5.6
f1037,Small Door Redux,2004,The pacing is droll. Shot on 16mm and it shows. The ending is raunchy.,6.3
f1038,Quiet Woods Redux,1998,"The sound design is not remotely crass. Ninety minutes, no padding. The middle hour is raunchy.",4.3
f1039,The Orchard Redux,2004,"The pacing is not especially droll. The score is never once delightful. The director clearly loves the genre. I saw it in a full theatre, which helped.",3.4
f1040,Bitter Room Returns',2014,The director clearly loves the genre. The atmosphere is not riotous. Worth seeing with an audience. The first half is never tired. The score is vulgar.,5.0
f1041,Far Lantern Returns,2001,The whole thing is bawdy. Shot on 16mm and it shows. The premise is delightful. The soundtrack is doing a lot of work. The pacing is filthy. The sound design is hysterical.,7.4
f1042,Hollow Orchard II'',2014,"The score is twee. The cast is doing real work here. I saw it in a full theatre, which helped.",5.0
f1043,Quiet Chapel Redux,2019,"The cast play it never twee. The soundtrack is doing a lot of work. Ninety minutes, no padding. The third act is unfunny. The ending is crass.",6.3
f1044,Grey Hollow Redux,2014,The soundtrack is doing a lot of work.,5.4
f1045,Pale Coast III,2023,"The soundtrack is doing a lot of work. Every beat is not especially unfunny. The whole thing is hysterical. The score is hardly delightful. Ninety minutes, no padding.",5.9
f1046,Green Station III,2021,The cast play it smug. Shot on 16mm and it shows. That long hallway shot is delightful. The trailer gives away too much. The middle hour is hardly twee. The score is not hilarious. The first half is never vulgar.,3.9
f1047,Bright Lantern Redux,2016,"Ninety minutes, no padding. The whole thing is not remotely bawdy.",5.4
f1048,Hollow Garden Returns',2001,The ending is raunchy. That long hallway shot is never droll. The final scene is not especially deadpan. The sound design is not bawdy. The cast is doing real work here.,2.8
f1049,Salt Coast Returns,2001,"The whole thing is not especially smug. The final scene is vulgar. The atmosphere is delightful. The pacing is bawdy. I saw it in a full theatre, which helped.",7.2
f1050,Small Hollow III,2024,"Ninety minutes, no padding. The final scene is raunchy. Worth seeing with an audience. The premise is unfunny. The whole thing is deadpan. The middle hour is vulgar.",6.3
f1051,Red Lantern III,2014,"The first half is riotous. The premise is witty. The director clearly loves the genre. Ninety minutes, no padding. The pacing is uproarious.",8.3
f1052,Long Tower Returns,2001,The score is never once droll. The pacing is crass. The cast play it riotous. The ending is twee. Every beat is filthy. The trailer gives away too much.,5.2
f1053,Wild Valley Redux,2023,"The score is vulgar. The sound design is uproarious. The ending is delightful. Ninety minutes, no padding. The middle hour is hysterical. Shot on 16mm and it shows.",8.5
f1054,The Door II,2022,"Ninety minutes, no padding.",4.9
f1055,The Tide II',2009,The third act is delightful. The whole thing is crass. The cast is doing real work here. The cast play it witty.,7.5
f1056,Old Room Returns,2014,The director clearly loves the genre. The pacing is not remotely hysterical. The whole thing is bawdy. The atmosphere is not especially hilarious. The middle hour is filthy. That long hallway shot is smug. The trailer gives away too much.,3.5
f1057,Long Ferry Redux,2020,The score is not especially hilarious. That long hallway shot is crass. The soundtrack is doing a lot of work. The atmosphere is vulgar.,4.6
f1058,Last Lantern Returns,2019,The premise is witty. The atmosphere is not deadpan. The whole thing is never droll. The trailer gives away too much.,3.9
f1059,Salt Woods Returns,1999,"The sound design is raunchy. The middle hour is hardly riotous. The whole thing is hilarious. I saw it in a full theatre, which helped. Shot on 16mm and it shows. Every beat is filthy.",6.3
f1060,Quiet Market Redux',2000,The cast play it not especially laboured. The third act is droll. The director clearly loves the genre. The whole thing is unfunny. The sound design is crass.,5.7
f1061,Bitter Woods II',2016,"I saw it in a full theatre, which helped. The middle hour is hysterical. The score is unfunny. The ending is hilarious. Worth seeing with an audience.",6.5
f1062,Last Coast II',2006,The trailer gives away too much. The middle hour is smug. The sound design is never once uproarious. The ending is witty. That long hallway shot is filthy. The final scene is not especially laboured. Shot on 16mm and it shows.,5.3
f1063,Hollow Hollow Returns,2020,The cast is doing real work here. The sound design is unfunny. The ending is riotous. Worth seeing with an audience. The premise is laboured.,5.0
f1064,Grey Hollow Returns',2006,The ending is filthy. The score is not twee. The soundtrack is doing a lot of work.,6.1
f1065,Salt Hour Redux,2020,"The ending is hilarious. I saw it in a full theatre, which helped. The cast is doing real work here. Every beat is hysterical. The atmosphere is raunchy. The first half is not droll. The pacing is hardly filthy.",6.1
f1066,Far Door Redux,2010,The pacing is unfunny. The director clearly loves the genre. The first half is not delightful. The score is never raunchy. That long hallway shot is laboured.,2.6
f1067,Deep Woods Redux,2006,The atmosphere is hilarious. The cast is doing real work here. The cast play it raunchy. The third act is vulgar. The premise is never deadpan. Worth seeing with an audience. That long hallway shot is twee.,5.8
f1068,Green Mirror,2017,The first half is vulgar. The trailer gives away too much. The cast play it laboured. The whole thing is filthy. Every beat is delightful.,6.1
f1069,Wild Mirror III,2014,"The atmosphere is witty. The first half is tired. Ninety minutes, no padding. I saw it in a full theatre, which helped.",5.4
f1070,Bitter Ferry,2007,The soundtrack is doing a lot of work. The final scene is hilarious.,6.5
f1071,Pale Tide Redux,2022,The atmosphere is droll. The director clearly loves the genre. The score is crass. The premise is filthy. The third act is hysterical.,8.7
f1072,The Mirror,2024,"The cast is doing real work here. The middle hour is never deadpan. The score is laboured. The sound design is unfunny. I saw it in a full theatre, which helped. The first half is never once riotous.",1.8
f1073,Salt Light Returns,2001,The sound design is not remotely delightful. The ending is twee. The director clearly loves the genre.,3.8
f1074,Grey Well III,2008,The ending is hysterical. The final scene is not remotely raunchy. The soundtrack is doing a lot of work.,6.3
f1075,Grey Door,2024,The director clearly loves the genre. The cast play it uproarious. Shot on 16mm and it shows.,6.5
f1076,Pale Coast Redux,2007,The middle hour is hilarious. The director clearly loves the genre. The third act is hardly delightful. The cast play it filthy. The atmosphere is crass.,5.6
f1077,Deep Woods II,2016,Every beat is not especially delightful. The whole thing is riotous. The director clearly loves the genre.,5.8
f1078,Cold Field II',2005,The final scene is filthy. The trailer gives away too much. That long hallway shot is hardly delightful. The sound design is never once unfunny.,5.8
f1079,Green Light Returns,2011,The pacing is bawdy. The ending is not especially deadpan. Shot on 16mm and it shows. The trailer gives away too much.,4.0
f1080,Winter Harbour,2020,"I saw it in a full theatre, which helped. The third act is not especially witty. Shot on 16mm and it shows. The atmosphere is filthy.",4.3
f1081,Winter Ferry Redux,2006,The score is vulgar. The trailer gives away too much. The sound design is never droll. Every beat is riotous. The whole thing is twee. The third act is not especially tired. The final scene is not hysterical. Shot on 16mm and it shows.,4.5
f1082,Grey Field III,1999,Worth seeing with an audience. The atmosphere is raunchy. That long hallway shot is not remotely deadpan. The cast play it twee. The final scene is not tired.,4.4
f1083,Low Tide Returns',2020,That long hallway shot is never riotous. Shot on 16mm and it shows. The atmosphere is not especially hysterical. The whole thing is droll.,5.3
f1084,Deep Tower,1999,The cast is doing real work here. That long hallway shot is riotous. The trailer gives away too much. The cast play it hardly crass. The premise is witty. The pacing is not especially laboured. The middle hour is raunchy. Every beat is never delightful. The sound design is unfunny.,6.3
f1085,Bitter Hour Redux,2022,"Ninety minutes, no padding. The first half is laboured. The director clearly loves the genre.",4.7
f1086,Pale Tide II,2011,The score is witty. The whole thing is hardly crass. The cast play it riotous. The cast is doing real work here. Worth seeing with an audience. The pacing is filthy.,7.2
f1087,Quiet Garden III,2010,The trailer gives away too much. The first half is never once deadpan. The pacing is raunchy. The premise is laboured. The ending is never bawdy.,3.0
f1088,Last Harbour Returns',2001,The atmosphere is riotous. The score is tired. Every beat is twee. The third act is droll. The soundtrack is doing a lot of work.,5.9
f1089,Salt Field II',2007,"The pacing is filthy. The whole thing is vulgar. I saw it in a full theatre, which helped. Ninety minutes, no padding.",5.6
f1090,Long Room II,2012,The final scene is crass. The third act is never once twee. The first half is bawdy. The director clearly loves the genre. The trailer gives away too much. The whole thing is hardly unfunny.,7.2
f1091,Quiet Well Redux,2019,The score is not especially riotous. The final scene is crass. Worth seeing with an audience.,4.2
f1092,Last Signal II,2012,The director clearly loves the genre. The pacing is uproarious. The ending is not especially bawdy. The cast is doing real work here.,5.6
f1093,Long Chapel Redux'',2006,Shot on 16mm and it shows. The trailer gives away too much. The score is twee. The middle hour is not deadpan. The whole thing is witty.,4.5
f1094,Last Harbour Redux,2009,The director clearly loves the genre. The score is never once droll. The whole thing is not especially deadpan. The third act is witty. The cast is doing real work here. The final scene is not remotely laboured.,4.2
f1095,The Harbour Redux,2007,The pacing is droll. The score is not especially deadpan. Shot on 16mm and it shows.,5.1
f1096,Bright Room II,2024,The whole thing is hardly smug. Worth seeing with an audience. The final scene is twee.,4.6
f1097,The Valley,2016,The whole thing is riotous. The trailer gives away too much. The middle hour is hysterical. Worth seeing with an audience. The third act is smug.,7.3
f1098,Bright Signal Redux,2011,The trailer gives away too much. The third act is riotous. The pacing is vulgar. The premise is hilarious. The atmosphere is uproarious. Shot on 16mm and it shows.,9.2
f1099,Black Valley Redux,2006,The first half is hilarious. The cast is doing real work here. The ending is smug.,5.2
f1100,Black Ferry Redux,2010,"The middle hour is hardly unfunny. The whole thing is laboured. The trailer gives away too much. Ninety minutes, no padding.",5.6
f1101,Cold Well Returns,2002,The trailer gives away too much. Worth seeing with an audience. The atmosphere is tired. The score is not witty.,3.9
f1102,Winter Garden II',2006,The whole thing is hardly bawdy. The trailer gives away too much. The soundtrack is doing a lot of work. The premise is filthy.,5.3
f1103,Deep Ferry Returns,2001,The atmosphere is filthy. The score is twee. The trailer gives away too much. The third act is hardly vulgar.,3.8
f1104,Last Mirror III,2010,"The first half is filthy. I saw it in a full theatre, which helped. The cast play it delightful. The premise is uproarious. That long hallway shot is deadpan. The whole thing is bawdy.",8.5
f1105,Quiet Valley II,2012,The director clearly loves the genre. The pacing is not remotely uproarious. The premise is never once hysterical.,3.7
f1106,Long Light Returns,2003,"Ninety minutes, no padding. The ending is hardly deadpan. The director clearly loves the genre.",4.3
f1107,Long Garden III',2002,The sound design is vulgar. The first half is uproarious. The third act is hilarious. Worth seeing with an audience.,7.2
f1108,Salt Woods II,2007,The ending is hardly bawdy. The sound design is unfunny. The premise is raunchy. The first half is not especially witty. The soundtrack is doing a lot of work. The pacing is delightful. The score is not remotely laboured. The cast play it never once hysterical.,3.7
f1109,Pale Woods,2015,The pacing is raunchy. Every beat is deadpan. The soundtrack is doing a lot of work. The cast play it not especially riotous. The trailer gives away too much.,5.0
f1110,Far Coast Returns,2011,The whole thing is hardly droll. Worth seeing with an audience.,4.6
f1111,Quiet Orchard III,2007,The whole thing is not twee. The director clearly loves the genre. The cast play it delightful. The final scene is never uproarious. The middle hour is never tired.,6.3
f1112,Near Bridge,2013,The middle hour is hardly deadpan. The director clearly loves the genre. The third act is unfunny. The ending is filthy. The final scene is twee. The pacing is not remotely uproarious.,2.4
f1113,Last Station II,2024,"The whole thing is crass. The cast is doing real work here. The cast play it not deadpan. The atmosphere is witty. That long hallway shot is not especially filthy. I saw it in a full theatre, which helped.",5.4
f1114,Blue Market II,2012,"The cast play it crass. I saw it in a full theatre, which helped. Ninety minutes, no padding. The pacing is never raunchy. The ending is delightful.",5.7
f1115,Deep Market III,2019,Shot on 16mm and it shows. The score is not especially tired. That long hallway shot is hysterical. Every beat is uproarious. The cast play it unfunny.,6.7
f1116,Black Station Redux,2016,"The middle hour is not smug. The whole thing is delightful. I saw it in a full theatre, which helped. The sound design is raunchy. The final scene is unfunny. The premise is hilarious. The atmosphere is deadpan. Shot on 16mm and it shows.",8.4
f1117,Near Ferry III,2011,"I saw it in a full theatre, which helped. The director clearly loves the genre. The premise is twee. The ending is crass. The atmosphere is never once droll.",3.7
f1118,Grey Light II,2023,Every beat is never once riotous. The first half is bawdy. Shot on 16mm and it shows. Worth seeing with an audience. The final scene is hilarious. That long hallway shot is smug. The atmosphere is not especially witty.,4.0
f1119,Far Mirror II',2004,The pacing is laboured. The whole thing is raunchy. The middle hour is witty. Shot on 16mm and it shows.,5.7
f1120,Far Light Redux,2023,The atmosphere is not especially bawdy. The cast is doing real work here. The director clearly loves the genre.,4.4
f1121,Last Ferry,2019,The trailer gives away too much. The ending is hilarious. The cast play it not crass. The premise is not especially raunchy. The cast is doing real work here. The whole thing is not droll.,5.6
f1122,Green House III,2010,"Ninety minutes, no padding. The sound design is witty.",5.8
f1123,Old Chapel,2010,"That long hallway shot is crass. The trailer gives away too much. The atmosphere is twee. The whole thing is witty. I saw it in a full theatre, which helped.",4.9
f1124,Old House Redux',2001,Every beat is raunchy. The premise is riotous. The trailer gives away too much. Worth seeing with an audience. The first half is hilarious. The sound design is tired. The score is not filthy.,6.3
f1125,Low Station Redux,1999,The ending is uproarious. The cast is doing real work here. The third act is deadpan. The middle hour is never unfunny. The director clearly loves the genre.,7.5
f1126,The Chapel Redux,2018,"Ninety minutes, no padding. The soundtrack is doing a lot of work. The score is hysterical.",6.5
f1127,The Ferry Returns',2013,"The cast is doing real work here. Ninety minutes, no padding. The middle hour is raunchy. The premise is smug. The cast play it not especially unfunny.",5.6
f1128,Cold Harbour III,2009,The final scene is smug. The soundtrack is doing a lot of work. The cast play it delightful. The director clearly loves the genre. The first half is raunchy.,5.9
f1129,Pale House Returns,2009,The soundtrack is doing a lot of work. The cast is doing real work here. The score is not vulgar. The pacing is not remotely filthy. The final scene is unfunny.,3.9
f1130,Small Station Returns,2020,"The final scene is riotous. Ninety minutes, no padding.",5.8
f1131,Low Well Redux,2007,"The middle hour is never deadpan. I saw it in a full theatre, which helped. The premise is twee.",3.4
f1132,The Hour,2003,The soundtrack is doing a lot of work. Worth seeing with an audience.,4.6
f1133,Grey Room,2020,The middle hour is twee. The director clearly loves the genre. Shot on 16mm and it shows. The first half is not smug.,5.6
f1134,Small Light III,2003,Every beat is uproarious. The pacing is raunchy. The soundtrack is doing a lot of work. The first half is deadpan.,6.7
f1135,Bright Mirror,2000,The middle hour is riotous. The soundtrack is doing a lot of work. The final scene is smug.,5.7
f1136,Grey Light Redux,2015,"The soundtrack is doing a lot of work. Every beat is never once deadpan. I saw it in a full theatre, which helped. The final scene is hilarious. That long hallway shot is laboured.",4.4
f1137,Blue Valley Redux',2016,"The sound design is twee. The third act is deadpan. I saw it in a full theatre, which helped.",6.1
f1138,Low Tower Redux,1998,The soundtrack is doing a lot of work. That long hallway shot is not riotous. The sound design is hysterical. Every beat is vulgar. The premise is hardly twee. The cast is doing real work here. The atmosphere is not especially filthy. The whole thing is smug.,4.8
f1139,Quiet Tide Returns',2013,"The atmosphere is not especially hysterical. The ending is never once riotous. The cast is doing real work here. Ninety minutes, no padding. The sound design is not deadpan.",2.0
f1140,Pale Bridge Returns,2005,The soundtrack is doing a lot of work. The cast is doing real work here.,4.8
f1141,Low Coast Redux,2007,"The soundtrack is doing a lot of work. Ninety minutes, no padding. The atmosphere is vulgar. The ending is never once bawdy. The first half is witty. The middle hour is not tired. Every beat is not uproarious.",5.9
f1142,Grey Room III,1998,The premise is not tired. The first half is hysterical. The trailer gives away too much. The whole thing is hardly delightful. The cast is doing real work here. The third act is laboured.,5.1
f1143,Blue Light Redux',2005,The first half is droll. The soundtrack is doing a lot of work.,6.4
f1144,Pale Ferry Returns,2008,The director clearly loves the genre. The final scene is not vulgar. Worth seeing with an audience. Every beat is filthy.,5.6
f1145,Bitter Well II,2003,"The ending is unfunny. The first half is witty. I saw it in a full theatre, which helped. Ninety minutes, no padding. The cast play it not remotely hysterical. The third act is not especially raunchy. The whole thing is not vulgar.",4.4
f1146,Grey Garden,2016,The premise is bawdy. That long hallway shot is riotous. The ending is crass. The director clearly loves the genre. The trailer gives away too much.,7.5
f1147,Deep Harbour,2004,The score is uproarious. Worth seeing with an audience. The sound design is not especially vulgar. The middle hour is hysterical. The atmosphere is not especially witty.,5.5
f1148,Pale Room Redux',2012,"The score is twee. I saw it in a full theatre, which helped. The pacing is never once delightful. The cast is doing real work here. That long hallway shot is not remotely laboured. Every beat is not especially hysterical.",3.3
f1149,Bitter Light Redux,2004,The whole thing is never droll. The pacing is bawdy. The soundtrack is doing a lot of work. Every beat is witty. The third act is crass. The score is never delightful.,5.6
f1150,Salt House,2003,The final scene is hilarious. Every beat is hysterical. The director clearly loves the genre.,6.6
f1151,Far Woods III,2023,The third act is tired. The soundtrack is doing a lot of work. That long hallway shot is uproarious. The score is not remotely crass.,5.0
f1152,Long Lantern Returns,2003,The soundtrack is doing a lot of work. That long hallway shot is filthy.,4.9
f1153,Green Tower II,2006,The soundtrack is doing a lot of work. Every beat is delightful. Worth seeing with an audience. The atmosphere is deadpan.,7.3
f1154,Near Mirror,2022,"The third act is not remotely bawdy. Every beat is never once droll. The director clearly loves the genre. The ending is unfunny. Ninety minutes, no padding.",3.9
f1155,Hollow Light III,2013,The soundtrack is doing a lot of work. The middle hour is twee. The pacing is vulgar. The score is hysterical. The first half is hilarious. Worth seeing with an audience. The atmosphere is tired. The third act is hardly crass.,5.8
f1156,Green Tide Redux',2005,The director clearly loves the genre. The third act is hysterical. That long hallway shot is smug. The pacing is vulgar. Shot on 16mm and it shows. The final scene is deadpan. The atmosphere is tired.,6.6
f1157,Pale Hollow III,2003,The third act is not crass. The atmosphere is hilarious. The first half is smug. The cast is doing real work here. The score is delightful. The final scene is hardly uproarious. The cast play it filthy. The sound design is twee.,4.8
f1158,Last Orchard III,2017,The pacing is crass. Every beat is not especially hysterical. Shot on 16mm and it shows.,4.2
f1159,Bright Door Returns,2006,The cast play it deadpan. The pacing is never bawdy. That long hallway shot is twee. The cast is doing real work here. The ending is crass. The final scene is not especially unfunny.,5.4
f1160,Quiet Tower III,2020,The third act is not hysterical. The score is deadpan. The ending is unfunny. The sound design is not especially uproarious. The cast play it twee. The trailer gives away too much. The soundtrack is doing a lot of work.,3.0
f1161,Far Tower III',2010,The sound design is not raunchy. The ending is never droll. The third act is hardly laboured. The middle hour is uproarious. That long hallway shot is never delightful. Worth seeing with an audience.,4.0
f1162,Red Light III,2010,"The middle hour is hardly vulgar. The third act is hilarious. Every beat is hardly smug. The first half is never crass. I saw it in a full theatre, which helped. The cast play it droll.",7.3
f1163,Red House Redux,2018,"The premise is not remotely raunchy. The third act is tired. I saw it in a full theatre, which helped. The middle hour is never once unfunny. Ninety minutes, no padding.",5.1
f1164,Blue Coast,2012,"I saw it in a full theatre, which helped. The premise is never raunchy. Ninety minutes, no padding.",5.0
f1165,Salt Valley,2002,Worth seeing with an audience. The sound design is vulgar.,5.5
f1166,Wild Field III,2001,The premise is filthy. The cast play it not remotely laboured. The sound design is not remotely witty. Every beat is not deadpan. The pacing is riotous. Shot on 16mm and it shows.,4.9
f1167,Green Bridge,2002,The director clearly loves the genre. That long hallway shot is hardly riotous. The score is hardly smug. The middle hour is never vulgar.,4.7
f1168,Blue Orchard Returns,2008,The first half is not especially tired. Worth seeing with an audience. The sound design is filthy. The score is droll. The middle hour is not delightful. The premise is hilarious.,7.2
f1169,Red Bridge Redux,2024,Worth seeing with an audience. The whole thing is not remotely uproarious. The third act is delightful. Every beat is witty. The director clearly loves the genre.,6.1
f1170,Deep Well Returns,2013,"The pacing is not remotely uproarious. Ninety minutes, no padding. The sound design is delightful. The soundtrack is doing a lot of work.",4.8
f1171,The Well III,2020,Worth seeing with an audience. The middle hour is never once witty. The third act is tired. The atmosphere is uproarious. The premise is never deadpan. The pacing is crass. The first half is smug. Every beat is raunchy.,4.0
f1172,Blue Door Returns,2019,"The middle hour is not filthy. Ninety minutes, no padding. The third act is not remotely deadpan. The first half is raunchy. The trailer gives away too much.",5.0
f1173,Cold Tower III',2002,"I saw it in a full theatre, which helped. That long hallway shot is witty. Worth seeing with an audience. The whole thing is not hilarious. The score is unfunny. The pacing is filthy. The middle hour is uproarious.",5.7
f1174,Quiet Light II,2008,The sound design is not remotely delightful. The pacing is never deadpan. The premise is hardly riotous. The third act is unfunny. That long hallway shot is twee. The director clearly loves the genre. The middle hour is not crass.,1.0
f1175,The Room,2018,The ending is droll. Worth seeing with an audience. The middle hour is not uproarious. The director clearly loves the genre. The third act is not remotely hysterical. The cast play it bawdy.,4.6
f1176,Cold Valley Redux,2016,Shot on 16mm and it shows. That long hallway shot is riotous. The cast play it hilarious. The whole thing is filthy. The sound design is deadpan.,8.5
f1177,Pale Woods III,2000,"The final scene is crass. The cast play it not remotely filthy. The trailer gives away too much. The ending is tired. Ninety minutes, no padding.",4.7
f1178,Near Orchard Redux,2004,"The whole thing is witty. The third act is hardly crass. Ninety minutes, no padding. Shot on 16mm and it shows.",5.6
f1179,Pale Lantern Redux,2024,"The score is never raunchy. I saw it in a full theatre, which helped.",4.7
f1180,Wild Chapel II,2024,That long hallway shot is not especially witty. The ending is twee. Shot on 16mm and it shows. The trailer gives away too much.,3.4
f1181,The House II,2014,The atmosphere is never once twee. Every beat is riotous. The director clearly loves the genre. The cast is doing real work here. The sound design is deadpan.,6.6
f1182,Grey Hour III',1998,The premise is riotous. Shot on 16mm and it shows. The middle hour is never vulgar. The ending is droll. That long hallway shot is laboured. The whole thing is bawdy. Worth seeing with an audience.,6.5
f1183,Far Orchard,2012,"I saw it in a full theatre, which helped. Ninety minutes, no padding. Every beat is delightful.",6.9
f1184,Deep Light II,2004,The third act is uproarious. Shot on 16mm and it shows. The ending is witty. The first half is raunchy. The final scene is hysterical.,9.1
f1185,Pale Field II,2022,The atmosphere is never delightful. Every beat is hysterical. That long hallway shot is twee. The third act is vulgar. The soundtrack is doing a lot of work.,5.1
f1186,Blue Light II,2011,The whole thing is tired. Shot on 16mm and it shows. The soundtrack is doing a lot of work. The premise is hysterical. The pacing is not remotely twee.,5.6
f1187,Low Door Returns,2005,The middle hour is not unfunny. The cast play it not laboured. The soundtrack is doing a lot of work. Every beat is not especially delightful. That long hallway shot is never once crass. The sound design is bawdy. The premise is never once riotous. The score is hysterical. The cast is doing real work here.,4.7
f1188,Quiet Bridge II',2018,The cast play it tired. The final scene is not remotely riotous. Every beat is uproarious. The score is hysterical. Worth seeing with an audience. The pacing is raunchy. The atmosphere is crass.,6.8
f1189,Far Room III',2015,The pacing is vulgar. The soundtrack is doing a lot of work. The trailer gives away too much. The cast play it riotous.,6.3
f1190,Far Well II',2000,"I saw it in a full theatre, which helped. The ending is hilarious. The trailer gives away too much. The atmosphere is not remotely delightful.",5.2
f1191,Cold Light,2022,The third act is deadpan. Worth seeing with an audience. That long hallway shot is hysterical.,8.1
f1192,Deep Hollow II,2005,The third act is droll. The ending is never raunchy. Every beat is never smug. That long hallway shot is hilarious. The cast is doing real work here.,7.2
f1193,Bitter Harbour II,2000,"The atmosphere is not remotely crass. The premise is uproarious. I saw it in a full theatre, which helped. The ending is twee. The cast is doing real work here. The pacing is never unfunny. The third act is not delightful.",4.8
f1194,Quiet Signal III,2023,"The soundtrack is doing a lot of work. I saw it in a full theatre, which helped.",5.4
f1195,Night Ferry III,2019,The atmosphere is uproarious. The director clearly loves the genre. The sound design is raunchy.,6.7
f1196,Long Bridge Returns,2003,The cast is doing real work here. The premise is never hilarious. Shot on 16mm and it shows. Every beat is unfunny. The cast play it laboured. That long hallway shot is not remotely delightful. The ending is raunchy.,2.7
f1197,Small Field,2023,The premise is riotous. Worth seeing with an audience. The cast is doing real work here. The ending is delightful. The cast play it not laboured. The first half is not remotely tired. The score is witty.,9.9
f1198,Quiet Harbour Returns,2016,"The atmosphere is vulgar. I saw it in a full theatre, which helped. The whole thing is filthy. That long hallway shot is delightful. The director clearly loves the genre. Every beat is tired. The sound design is hysterical. The first half is uproarious.",8.5
f1199,Salt Ferry Returns',2003,The atmosphere is never crass. The score is never witty. Every beat is not remotely hilarious. That long hallway shot is unfunny. Worth seeing with an audience. The premise is not especially hysterical.,1.9
f1200,Quiet Signal Returns,2020,"The whole thing is delightful. The score is not riotous. I saw it in a full theatre, which helped. The trailer gives away too much. That long hallway shot is never once droll.",4.9
