film_id,title,year,reviews,scariness
s0001,Small Coast,2022,That long hallway shot is chilling. The sound design is haunting. Shot on 16mm and it shows. The score is ominous. The director clearly loves the genre.,6.9
s0002,Long Light,2014,The pacing is gruesome. The cast play it chilling. The atmosphere is grisly. The whole thing is tedious. The ending is terrifying. The director clearly loves the genre. Shot on 16mm and it shows.,7.1
s0003,Low Hollow,2021,"The ending is creepy. I saw it in a full theatre, which helped. The whole thing is ominous. The final scene is haunting. The first half is bloody. The pacing is tame. The atmosphere is predictable. Every beat is gruesome. Worth seeing with an audience.",7.7
s0004,Low Field,2011,"Every beat is hardly sinister. The score is not remotely bloody. The pacing is never once ominous. I saw it in a full theatre, which helped. The cast play it creepy.",3.8
s0005,The Market,2004,Every beat is unsettling. The ending is eerie. The trailer gives away too much. The third act is hardly boring.,8.4
s0006,Low Station,2024,The score is never predictable. The third act is not grisly. The cast play it unsettling. The director clearly loves the genre. The soundtrack is doing a lot of work.,6.5
s0007,Pale Orchard,2003,"The soundtrack is doing a lot of work. I saw it in a full theatre, which helped. The cast play it brutal.",5.7
s0008,Winter Chapel,2002,The cast is doing real work here.,5.1
s0009,Night Door,2007,The pacing is terrifying. The director clearly loves the genre. The first half is not especially brutal.,6.0
s0010,Green Hollow,2009,The third act is unsettling. The cast is doing real work here. The premise is gory. That long hallway shot is sinister.,6.7
s0011,Salt Field,2017,Every beat is haunting. The trailer gives away too much. The soundtrack is doing a lot of work. The premise is gory.,6.8
s0012,Red Tower,2007,The middle hour is gory. That long hallway shot is not remotely haunting. The atmosphere is eerie. The sound design is gruesome. The cast is doing real work here.,6.5
s0013,Wild Lantern,2013,The third act is gory. That long hallway shot is not terrifying. The premise is ominous. Shot on 16mm and it shows. The atmosphere is sinister.,6.3
s0014,Near Garden,2013,The whole thing is never terrifying. The trailer gives away too much. The pacing is not especially sinister. Every beat is not creepy.,2.4
s0015,Long Market,2013,The premise is never once terrifying. Worth seeing with an audience. The first half is eerie. The pacing is bloody. The score is tame.,5.3
s0016,Far Woods,2015,"Ninety minutes, no padding. The premise is creepy. The final scene is ominous. Shot on 16mm and it shows. The ending is hardly chilling. The atmosphere is predictable. The third act is bloody.",6.5
s0017,Grey Door,2011,Worth seeing with an audience.,5.7
s0018,Blue Tide,2020,The cast play it not especially terrifying. The atmosphere is tame. The soundtrack is doing a lot of work. The pacing is creepy. The final scene is gory.,4.8
s0019,Last Chapel,2005,Shot on 16mm and it shows. The soundtrack is doing a lot of work. The pacing is bloody. The first half is grisly.,5.5
s0020,Far Field,2015,"The cast is doing real work here. The middle hour is silly. The ending is predictable. I saw it in a full theatre, which helped.",3.5
s0021,Pale Signal,2015,The sound design is hardly eerie. The score is bloody. The trailer gives away too much. The third act is not remotely ominous.,3.0
s0022,Long Coast,2022,The trailer gives away too much. Every beat is gruesome. Worth seeing with an audience. The whole thing is not especially creepy. The final scene is ominous. The cast play it silly. The score is predictable. The middle hour is gory.,5.7
s0023,Small Chapel,2003,"I saw it in a full theatre, which helped. The soundtrack is doing a lot of work. The atmosphere is tame. Every beat is haunting.",5.1
s0024,Quiet Harbour,2013,"The third act is tedious. I saw it in a full theatre, which helped. Ninety minutes, no padding.",4.7
s0025,Green Lantern,2012,The middle hour is brutal. The atmosphere is hardly tedious. Every beat is not especially boring. The cast is doing real work here. Shot on 16mm and it shows. The score is sinister. The whole thing is hardly haunting.,7.1
s0026,Salt Mirror,2006,"I saw it in a full theatre, which helped. The ending is tame. The cast play it hardly unsettling. Every beat is not sinister.",2.6
s0027,Salt Room,2002,"The atmosphere is terrifying. The third act is ominous. The trailer gives away too much. The pacing is chilling. Ninety minutes, no padding.",8.2
s0028,Winter Station,2005,"Every beat is chilling. The soundtrack is doing a lot of work. The whole thing is hardly grisly. The first half is eerie. I saw it in a full theatre, which helped.",6.1
s0029,Long Coast Redux,2005,"The pacing is hardly creepy. The middle hour is boring. The third act is gruesome. Ninety minutes, no padding.",3.9
s0030,Hollow Room,2022,"Ninety minutes, no padding. The atmosphere is boring. The director clearly loves the genre.",4.5
s0031,Quiet Harbour III,2022,The first half is chilling. The pacing is creepy. The score is hardly gruesome. The middle hour is hardly predictable. The trailer gives away too much. The sound design is hardly brutal.,6.7
s0032,Low Market,2005,The pacing is boring. The atmosphere is never once ominous. The whole thing is not remotely eerie. The director clearly loves the genre.,2.8
s0033,Pale Well,2020,That long hallway shot is tedious. The pacing is silly. The whole thing is eerie. Worth seeing with an audience. The cast play it not remotely terrifying. The ending is haunting. The atmosphere is hardly grisly.,5.4
s0034,Black Hollow,2024,"Ninety minutes, no padding. The pacing is ominous. Worth seeing with an audience. The premise is sinister. The score is not especially tame. That long hallway shot is boring.",7.3
s0035,Bright Room,2005,"Every beat is not chilling. The premise is silly. The score is never once tame. I saw it in a full theatre, which helped. The pacing is gruesome.",4.5
s0036,Far Ferry,1999,"The first half is never gruesome. I saw it in a full theatre, which helped. Every beat is hardly bloody.",4.6
s0037,Bitter Lantern,2017,"The cast play it not creepy. That long hallway shot is silly. The final scene is unsettling. The third act is boring. Ninety minutes, no padding. The ending is not remotely bloody. I saw it in a full theatre, which helped. The premise is not especially brutal.",4.1
s0038,Winter Hour,2022,The pacing is boring. The score is sinister. The first half is bloody. The third act is unsettling. The whole thing is brutal. The sound design is not especially eerie. Worth seeing with an audience. Shot on 16mm and it shows.,6.4
s0039,Pale Orchard Redux,2003,"Ninety minutes, no padding. The score is brutal. The ending is boring. The middle hour is hardly gruesome. The sound design is ominous.",5.4
s0040,Pale Bridge,2006,The ending is never eerie. The soundtrack is doing a lot of work. The middle hour is chilling. The sound design is never once ominous. The score is gruesome.,4.7
s0041,Wild Tide,2015,The final scene is never tedious. The pacing is eerie. The ending is chilling. The cast is doing real work here. Every beat is unsettling.,9.0
s0042,Night Tower,2003,The pacing is unsettling. The ending is not especially creepy. The cast play it gruesome. Shot on 16mm and it shows. The soundtrack is doing a lot of work.,5.6
s0043,Last House,2023,Every beat is sinister. Worth seeing with an audience. The director clearly loves the genre. The third act is ominous.,7.3
s0044,Blue Light,2010,The third act is tedious. The premise is bloody. The director clearly loves the genre. The middle hour is predictable.,3.8
s0045,Near Coast,2001,"I saw it in a full theatre, which helped. The middle hour is unsettling. The director clearly loves the genre. Every beat is creepy.",7.0
s0046,Long Tower,2013,"That long hallway shot is not especially sinister. The third act is ominous. Ninety minutes, no padding. The trailer gives away too much. The final scene is brutal. The score is never once creepy. The atmosphere is tame. The sound design is hardly tedious.",4.6
s0047,Night Chapel,2016,The ending is creepy. The soundtrack is doing a lot of work. The middle hour is unsettling. The final scene is chilling. The whole thing is bloody.,8.8
s0048,Red Door,2003,The soundtrack is doing a lot of work. The third act is gory. Shot on 16mm and it shows. Every beat is tame. The middle hour is sinister. The premise is haunting. The atmosphere is grisly.,7.6
s0049,Quiet Ferry,2024,That long hallway shot is not especially haunting. The cast is doing real work here. The middle hour is creepy. The premise is silly.,4.7
s0050,Bitter Mirror,2016,Worth seeing with an audience. That long hallway shot is never grisly. The first half is tame. The trailer gives away too much. The final scene is boring.,3.4
s0051,Quiet Valley,2014,The ending is unsettling. The final scene is ominous. The third act is boring. The director clearly loves the genre. The sound design is chilling.,8.6
s0052,Bitter Signal,2000,The first half is tame. The cast play it grisly. The trailer gives away too much. Shot on 16mm and it shows. The ending is sinister.,5.7
s0053,Small Mirror,2007,The third act is silly. The first half is gory. The atmosphere is creepy. Every beat is brutal. Worth seeing with an audience. The sound design is ominous.,7.6
s0054,Hollow Woods,2007,The trailer gives away too much. The premise is grisly. The first half is terrifying. The third act is ominous. The whole thing is chilling. Shot on 16mm and it shows.,9.1
s0055,Low Door,2005,"The whole thing is haunting. I saw it in a full theatre, which helped. The third act is gruesome. Worth seeing with an audience.",5.9
s0056,Pale Hollow,2015,"The ending is never once brutal. Ninety minutes, no padding. The cast play it not eerie. The score is not haunting. The premise is never tedious.",3.3
s0057,Night Orchard,2000,The trailer gives away too much. The score is hardly bloody.,4.8
s0058,Bright Tide,2011,The cast play it haunting. The first half is bloody. That long hallway shot is creepy. The score is not predictable. The atmosphere is never once brutal. Every beat is unsettling. The trailer gives away too much.,8.8
s0059,Last Tower,2003,The trailer gives away too much. That long hallway shot is not especially haunting. The atmosphere is creepy. The middle hour is predictable.,4.7
s0060,Far Ferry II,2020,"The third act is boring. Ninety minutes, no padding. The score is never once sinister. I saw it in a full theatre, which helped.",3.3
s0061,Bitter Valley,2016,The director clearly loves the genre. That long hallway shot is sinister. The score is not tedious.,7.0
s0062,Bitter Market,2011,"I saw it in a full theatre, which helped. Every beat is not especially brutal. The ending is predictable. The first half is haunting. The trailer gives away too much. That long hallway shot is not remotely tame. The pacing is not remotely terrifying. The whole thing is gruesome.",6.0
s0063,Hollow Field,1999,Worth seeing with an audience.,5.0
s0064,Small Chapel Returns,2008,"The first half is gory. The ending is unsettling. The cast is doing real work here. Every beat is chilling. The score is tedious. Ninety minutes, no padding.",6.5
s0065,Winter Mirror,2005,The atmosphere is silly. The premise is hardly brutal. The whole thing is not sinister. The sound design is not remotely bloody. Worth seeing with an audience. The trailer gives away too much.,3.3
s0066,Winter Chapel II,2000,That long hallway shot is not sinister. The pacing is tame. The first half is hardly ominous. The cast is doing real work here. The sound design is not unsettling. The trailer gives away too much.,2.0
s0067,Blue Harbour,2014,The middle hour is haunting. The first half is ominous. Every beat is boring. The cast is doing real work here. The final scene is grisly. Worth seeing with an audience. The score is hardly unsettling. The sound design is predictable.,5.8
s0068,Bitter Tide,2008,The pacing is silly. The third act is haunting. Worth seeing with an audience. The director clearly loves the genre. The middle hour is creepy.,7.3
s0069,Small Mirror II,2004,The score is hardly tedious. Shot on 16mm and it shows. The final scene is hardly predictable.,6.3
s0070,Wild Well,2016,"Ninety minutes, no padding. The score is never unsettling. That long hallway shot is sinister. The pacing is gruesome. The cast play it ominous. The third act is not especially boring. I saw it in a full theatre, which helped. The final scene is predictable. The whole thing is brutal.",7.1
s0071,Near House,2000,The third act is never once terrifying. The cast is doing real work here. Shot on 16mm and it shows.,4.7
s0072,Quiet Mirror,2002,"The pacing is brutal. Ninety minutes, no padding. The first half is silly. The cast play it predictable.",4.4
s0073,Hollow Tide,2003,"The score is not remotely haunting. Every beat is hardly creepy. I saw it in a full theatre, which helped. That long hallway shot is ominous.",4.7
s0074,Black Signal,2009,Every beat is unsettling. That long hallway shot is never once grisly. The first half is gruesome. Worth seeing with an audience.,6.1
s0075,Green Hour,2015,The atmosphere is hardly ominous. The first half is not remotely tedious. Every beat is haunting. Worth seeing with an audience. The sound design is chilling. The trailer gives away too much.,8.0
s0076,Cold Coast,2003,The soundtrack is doing a lot of work.,4.8
s0077,Red Tide,2005,That long hallway shot is creepy. The premise is gory. The pacing is hardly silly. The cast is doing real work here.,7.0
s0078,Quiet Station,2008,The trailer gives away too much. The whole thing is never once silly. The cast is doing real work here. The ending is never tame. The middle hour is brutal.,7.0
s0079,Quiet Light,2000,"The final scene is silly. The pacing is not remotely bloody. The premise is tedious. Ninety minutes, no padding. The score is not remotely creepy. The atmosphere is ominous. The trailer gives away too much. The first half is not especially unsettling.",2.8
s0080,Bright Chapel,2002,The soundtrack is doing a lot of work. Worth seeing with an audience. The pacing is hardly eerie. The whole thing is creepy.,5.4
s0081,Pale Light,2008,The third act is unsettling. The trailer gives away too much.,6.3
s0082,Pale Field,2020,The third act is ominous. The trailer gives away too much. Every beat is not silly. The whole thing is not especially gory. Worth seeing with an audience.,6.7
s0083,Hollow Harbour,2013,"The pacing is not ominous. The score is eerie. The cast play it creepy. The ending is gory. Ninety minutes, no padding. That long hallway shot is not silly.",7.4
s0084,Quiet Woods,2013,"Ninety minutes, no padding. The whole thing is not remotely gory. The final scene is tame. The cast play it silly.",3.1
s0085,Deep Station,2004,The cast play it not especially haunting. That long hallway shot is chilling. The director clearly loves the genre. The ending is never ominous. Worth seeing with an audience.,3.6
s0086,Red Tower III,2010,The atmosphere is bloody. The pacing is unsettling. That long hallway shot is chilling. The whole thing is eerie. Every beat is silly. The trailer gives away too much. The middle hour is gory.,8.3
s0087,Low Lantern,2009,That long hallway shot is eerie. The atmosphere is not especially tedious. The whole thing is not creepy. The cast play it grisly. Worth seeing with an audience. The ending is gruesome.,6.4
s0088,Bitter Woods,2007,The first half is ominous. The score is never gruesome. The middle hour is gory. The atmosphere is silly. The third act is creepy. The trailer gives away too much.,6.8
s0089,Wild Room,2013,"I saw it in a full theatre, which helped. That long hallway shot is tame. The atmosphere is gory. The sound design is chilling. The trailer gives away too much. The pacing is not especially sinister. The whole thing is ominous. The ending is not gruesome.",5.9
s0090,Hollow Door,2008,The director clearly loves the genre. The final scene is unsettling. The cast is doing real work here. Every beat is creepy.,6.5
s0091,Far Well,2011,"Every beat is not especially tedious. Ninety minutes, no padding. The ending is never tame.",6.8
s0092,Cold Door,2000,"The ending is tame. I saw it in a full theatre, which helped. The whole thing is haunting. The score is gruesome. The third act is chilling. The trailer gives away too much. The first half is not especially boring.",7.3
s0093,Bitter Tower,2005,The pacing is never tame. Worth seeing with an audience.,6.1
s0094,Cold Ferry,2019,Worth seeing with an audience. The middle hour is tedious. The atmosphere is gory. The trailer gives away too much. The third act is predictable. The final scene is gruesome.,4.7
s0095,Quiet Station Redux,2005,That long hallway shot is eerie. The cast is doing real work here. The premise is terrifying. The soundtrack is doing a lot of work. The atmosphere is not silly. The sound design is predictable.,6.8
s0096,Blue Field,2012,"The atmosphere is not remotely bloody. That long hallway shot is tame. Ninety minutes, no padding. The third act is gory. The premise is sinister.",4.7
s0097,Winter House,2015,"The cast play it haunting. I saw it in a full theatre, which helped. The middle hour is not especially chilling. The whole thing is tame.",4.4
s0098,Red Field,2019,The soundtrack is doing a lot of work. Worth seeing with an audience. The first half is predictable. The middle hour is gory. The cast play it grisly.,4.7
s0099,Red Light,2001,The sound design is not remotely gruesome. The score is predictable. The pacing is hardly silly. The atmosphere is creepy. The trailer gives away too much. The final scene is gory. The ending is eerie. The cast play it not remotely sinister.,6.6
s0100,Bitter Tower III,2013,The cast play it hardly eerie. Worth seeing with an audience. The final scene is never tame. Every beat is not sinister.,3.8
s0101,Near Hour,2013,The middle hour is chilling. The cast play it hardly tedious. Shot on 16mm and it shows.,7.1
s0102,Red Tide III,2001,The score is hardly boring. The premise is not chilling. The director clearly loves the genre.,4.5
s0103,Old Well,2001,Shot on 16mm and it shows. The premise is bloody. The third act is not especially haunting. The cast play it never terrifying. The ending is unsettling. The cast is doing real work here.,4.9
s0104,Low Light,1998,"The sound design is grisly. The soundtrack is doing a lot of work. The ending is not especially tame. The third act is never once tedious. Ninety minutes, no padding.",7.8
s0105,Deep Harbour,2019,Worth seeing with an audience. Every beat is sinister. The atmosphere is chilling. The trailer gives away too much.,7.2
s0106,Cold House,2020,The director clearly loves the genre. Every beat is boring. The final scene is ominous. The cast is doing real work here.,6.1
s0107,Blue Valley,2016,The pacing is brutal. The sound design is not remotely gruesome. The trailer gives away too much.,5.5
s0108,Red Well,2000,The soundtrack is doing a lot of work. The cast play it not remotely creepy.,4.0
s0109,Bitter Chapel,2006,The soundtrack is doing a lot of work. Every beat is brutal. The score is not remotely ominous. The first half is never once chilling.,4.1
s0110,Long Harbour,2016,"I saw it in a full theatre, which helped. The pacing is sinister. The ending is unsettling.",7.3
s0111,The Hour,2008,"The ending is never once silly. That long hallway shot is chilling. Ninety minutes, no padding.",6.5
s0112,Far Woods Returns,2001,The cast is doing real work here. Every beat is haunting. The third act is eerie. The pacing is gory. The cast play it tedious.,6.2
s0113,Small Hour,2006,Every beat is predictable. Shot on 16mm and it shows. The third act is hardly ominous. The ending is creepy.,4.8
s0114,Wild Lantern III,2021,The first half is unsettling. That long hallway shot is terrifying. The whole thing is sinister. The director clearly loves the genre. The score is bloody. The third act is grisly.,9.4
s0115,Night Valley,2002,The soundtrack is doing a lot of work. The ending is hardly tame. The middle hour is unsettling. That long hallway shot is gory.,7.5
s0116,Hollow Woods Redux,2012,"The director clearly loves the genre. The pacing is hardly boring. The cast play it eerie. The ending is never once sinister. Ninety minutes, no padding.",5.7
s0117,Bright Bridge,2019,The cast is doing real work here. That long hallway shot is grisly.,5.9
s0118,Cold Bridge,1999,The sound design is silly. That long hallway shot is chilling. Worth seeing with an audience. The ending is bloody. Every beat is predictable. The whole thing is hardly sinister.,3.7
s0119,Last Hollow,2020,"The pacing is never eerie. The trailer gives away too much. I saw it in a full theatre, which helped.",3.3
s0120,Near Station,2019,The first half is ominous. The third act is creepy. Worth seeing with an audience. The cast is doing real work here. The final scene is bloody.,8.5
s0121,Cold Station,2024,The first half is creepy. Worth seeing with an audience.,6.4
s0122,Far Hollow,2003,The ending is gruesome. The soundtrack is doing a lot of work. The cast is doing real work here.,5.3
s0123,Winter Coast,2003,The sound design is not especially tame. The soundtrack is doing a lot of work.,5.8
s0124,Far Ferry III,2021,"I saw it in a full theatre, which helped. The director clearly loves the genre.",5.3
s0125,Hollow Well,2000,"The sound design is silly. The cast play it terrifying. Every beat is not bloody. The atmosphere is not remotely tedious. I saw it in a full theatre, which helped. The final scene is gory.",6.1
s0126,Wild Bridge,2024,The final scene is not chilling. The director clearly loves the genre. The pacing is terrifying. The atmosphere is not especially predictable.,5.9
s0127,Bright House,2007,"The final scene is gory. The soundtrack is doing a lot of work. I saw it in a full theatre, which helped.",6.0
s0128,Blue Bridge,2003,The third act is ominous. Worth seeing with an audience.,6.2
s0129,Old Orchard,1998,"The score is creepy. The cast play it sinister. The middle hour is silly. I saw it in a full theatre, which helped. Every beat is never gruesome.",6.4
s0130,Red Signal,2003,Every beat is predictable. The third act is gruesome. Worth seeing with an audience.,4.2
s0131,Winter Ferry,2006,That long hallway shot is brutal. The premise is gruesome. The first half is eerie. Shot on 16mm and it shows.,7.4
s0132,Night Station,1999,Shot on 16mm and it shows. The first half is creepy. Worth seeing with an audience. That long hallway shot is predictable. The score is chilling.,6.9
s0133,Last Orchard,2012,"The score is never creepy. The pacing is boring. The atmosphere is terrifying. The ending is chilling. Ninety minutes, no padding. I saw it in a full theatre, which helped.",5.7
s0134,Far Tower,2015,The director clearly loves the genre. The first half is never once gruesome.,4.5
s0135,Cold Light,2021,The director clearly loves the genre.,4.8
s0136,Cold Orchard,2009,The first half is ominous. Worth seeing with an audience. The pacing is never once terrifying.,5.4
s0137,Blue Tower,2023,The whole thing is not unsettling. The cast is doing real work here. Worth seeing with an audience. The atmosphere is brutal.,4.5
s0138,Hollow Station,2008,The cast play it tame. The soundtrack is doing a lot of work. That long hallway shot is eerie.,4.8
s0139,Bitter House,2007,That long hallway shot is gory. The soundtrack is doing a lot of work. The ending is silly. The first half is creepy. The final scene is predictable. The whole thing is ominous.,6.8
s0140,The Hour Returns,2020,The whole thing is sinister. That long hallway shot is never once unsettling. The middle hour is not predictable. The sound design is hardly tedious. The pacing is ominous. The trailer gives away too much.,6.9
s0141,Quiet Bridge,2004,"Every beat is never once grisly. The middle hour is never predictable. Ninety minutes, no padding. I saw it in a full theatre, which helped.",4.9
s0142,Night Garden,2013,Shot on 16mm and it shows. The soundtrack is doing a lot of work. The ending is terrifying. The first half is brutal. The middle hour is not especially unsettling. The pacing is never once bloody.,5.2
s0143,Long Hollow,2014,The premise is brutal. The sound design is creepy. That long hallway shot is tame. Every beat is grisly. Worth seeing with an audience. The score is not predictable. The director clearly loves the genre.,6.2
s0144,Red Hollow,2010,The cast play it creepy. The middle hour is not especially sinister. The pacing is gory. The director clearly loves the genre. The atmosphere is tame. The premise is tedious. The cast is doing real work here. The third act is not especially bloody.,4.1
s0145,Last Mirror,2015,"The pacing is ominous. The third act is tame. That long hallway shot is gruesome. The final scene is predictable. Ninety minutes, no padding.",5.8
s0146,Salt House,2019,The pacing is bloody. The score is chilling. The director clearly loves the genre. The premise is eerie.,7.3
s0147,Last Well,2004,The premise is silly. The cast is doing real work here. The trailer gives away too much. The third act is never once brutal.,4.2
s0148,Green Field,2015,The ending is gory. The cast is doing real work here. The premise is creepy. The director clearly loves the genre. The first half is terrifying.,7.2
s0149,Grey Ferry,2020,"I saw it in a full theatre, which helped. Ninety minutes, no padding. The ending is never eerie. The premise is predictable. The whole thing is tame. The pacing is sinister. The first half is hardly chilling.",2.9
s0150,Pale Tide,2017,"The pacing is never once sinister. Worth seeing with an audience. The score is tedious. I saw it in a full theatre, which helped. The sound design is predictable.",3.0
s0151,Quiet House,2018,"The third act is unsettling. I saw it in a full theatre, which helped. The first half is creepy. The premise is sinister. The final scene is tedious.",8.1
s0152,Small Orchard,2013,The premise is never once grisly. The cast play it not remotely terrifying. The third act is eerie. Worth seeing with an audience.,5.2
s0153,Winter Tower,2003,"I saw it in a full theatre, which helped. The first half is grisly. The whole thing is unsettling. The ending is never silly. The score is not eerie. The pacing is gory. The third act is haunting.",7.2
s0154,Grey Orchard,2024,The first half is unsettling. The trailer gives away too much. Shot on 16mm and it shows. The whole thing is ominous. The atmosphere is never once haunting. The premise is tame. The third act is boring.,4.8
s0155,Cold Signal,2023,"Ninety minutes, no padding. The premise is never ominous. The whole thing is grisly. The final scene is bloody. The atmosphere is sinister.",4.7
s0156,Winter Orchard,2002,"The middle hour is unsettling. Every beat is gruesome. The score is tame. The whole thing is grisly. The soundtrack is doing a lot of work. Ninety minutes, no padding.",6.1
s0157,Low Bridge,2022,The director clearly loves the genre. The atmosphere is not unsettling. The third act is terrifying.,5.4
s0158,Black Hour,2021,The director clearly loves the genre. Every beat is not remotely silly. The sound design is hardly tedious. The third act is sinister. Worth seeing with an audience. The premise is haunting.,8.0
s0159,Deep Tide,1999,Every beat is never sinister. The middle hour is silly. The score is ominous. The soundtrack is doing a lot of work. That long hallway shot is brutal.,5.2
s0160,Wild Woods,2016,That long hallway shot is eerie. The middle hour is not especially unsettling. Shot on 16mm and it shows. The first half is terrifying. The director clearly loves the genre.,5.5
s0161,Winter Lantern,2017,The whole thing is not remotely creepy. The director clearly loves the genre. The cast is doing real work here. The pacing is terrifying. The cast play it grisly. The sound design is bloody.,6.2
s0162,Salt Hollow,2014,The cast is doing real work here.,5.2
s0163,Grey Hollow,2011,The score is creepy. The atmosphere is eerie. Worth seeing with an audience. The soundtrack is doing a lot of work. The middle hour is tame.,6.3
s0164,Cold Garden,2008,"I saw it in a full theatre, which helped. The ending is gruesome.",5.4
s0165,Red Chapel,2024,"I saw it in a full theatre, which helped. The trailer gives away too much. The first half is unsettling. The whole thing is creepy. The score is gory. The premise is predictable. The final scene is tame.",6.3
s0166,Old Light,2000,The sound design is predictable. The cast is doing real work here. Worth seeing with an audience.,4.5
s0167,Night Coast,2011,"Worth seeing with an audience. The sound design is not especially gory. The score is boring. The pacing is sinister. Every beat is predictable. Ninety minutes, no padding. The whole thing is eerie.",6.1
s0168,Hollow Orchard,2022,"The first half is never boring. I saw it in a full theatre, which helped. The ending is bloody. That long hallway shot is never sinister. The middle hour is tame.",4.6
s0169,Low Mirror,2024,"The cast play it hardly bloody. The middle hour is tedious. The pacing is creepy. The first half is gruesome. The final scene is sinister. I saw it in a full theatre, which helped. The cast is doing real work here.",6.4
s0170,Far Room,2017,That long hallway shot is haunting. The soundtrack is doing a lot of work. The whole thing is predictable. The premise is brutal. Every beat is hardly creepy.,4.9
s0171,Old Ferry,2009,The middle hour is brutal. The premise is not chilling. The final scene is never once predictable. The sound design is tedious. Worth seeing with an audience. That long hallway shot is never once bloody. The director clearly loves the genre. The ending is sinister.,5.0
s0172,Black Well,2007,The cast play it chilling. Shot on 16mm and it shows. The trailer gives away too much. The middle hour is tedious. Every beat is ominous.,6.8
s0173,Near Market,2016,The sound design is boring. The soundtrack is doing a lot of work. The premise is never once unsettling. The atmosphere is not predictable. The cast is doing real work here. The middle hour is eerie.,5.2
s0174,Deep Ferry,2006,"The premise is tame. Ninety minutes, no padding. Shot on 16mm and it shows.",4.9
s0175,Grey Field,2015,"The cast play it not chilling. The atmosphere is not remotely sinister. That long hallway shot is tame. I saw it in a full theatre, which helped. The whole thing is never terrifying. The third act is gory.",2.0
s0176,Last Well Redux,2008,"Ninety minutes, no padding. The atmosphere is not especially bloody. The sound design is terrifying. The final scene is brutal. The whole thing is hardly haunting. Worth seeing with an audience. Every beat is never once sinister.",3.6
s0177,Pale House,2023,"The score is bloody. The atmosphere is never silly. The pacing is eerie. The first half is gruesome. The final scene is not remotely predictable. Ninety minutes, no padding. Worth seeing with an audience.",8.5
s0178,Small Well,2004,The director clearly loves the genre. The middle hour is eerie. The final scene is terrifying. The pacing is silly. That long hallway shot is boring.,6.5
s0179,Pale Room,2006,The cast play it predictable. The director clearly loves the genre. The sound design is creepy. Worth seeing with an audience.,5.2
s0180,Salt House III,2005,The pacing is predictable. The cast is doing real work here. That long hallway shot is hardly gruesome. The whole thing is never once bloody.,4.5
s0181,Winter Hour II,2003,That long hallway shot is gruesome. The middle hour is unsettling. Shot on 16mm and it shows. The sound design is not eerie. The director clearly loves the genre. The premise is bloody. The final scene is ominous.,7.2
s0182,Hollow Bridge,2005,The middle hour is bloody. The pacing is not especially creepy. The sound design is predictable. The atmosphere is eerie. Shot on 16mm and it shows. The premise is brutal. The third act is chilling.,5.8
s0183,Night Field,2011,The atmosphere is grisly. That long hallway shot is ominous. The third act is terrifying. The final scene is gruesome. The trailer gives away too much.,8.6
s0184,Bright Door,2009,Worth seeing with an audience. The middle hour is never once gory. The final scene is not especially boring. The sound design is sinister. That long hallway shot is tame.,6.4
s0185,Pale Tower,2004,Shot on 16mm and it shows. That long hallway shot is not especially tame. The pacing is tedious. The middle hour is hardly brutal. The ending is sinister. The final scene is hardly unsettling. The score is not remotely creepy.,3.5
s0186,Winter Bridge,2006,"Ninety minutes, no padding.",5.9
s0187,Wild Garden,2020,"The atmosphere is gruesome. Ninety minutes, no padding. The cast is doing real work here. The whole thing is gory.",5.6
s0188,Blue Orchard,2000,"Ninety minutes, no padding. The first half is gruesome. The ending is unsettling. The trailer gives away too much. The whole thing is sinister. The atmosphere is hardly haunting. The third act is never brutal.",6.5
s0189,Blue Tower Redux,2023,"The ending is tedious. The final scene is gruesome. Ninety minutes, no padding. The whole thing is never silly. That long hallway shot is bloody.",5.6
s0190,Pale Well Returns,2019,"Shot on 16mm and it shows. Ninety minutes, no padding. The ending is eerie. The premise is not especially bloody. The cast play it tame.",5.2
s0191,Low Valley,2005,The cast play it unsettling. Every beat is hardly haunting. The director clearly loves the genre.,5.0
s0192,Near Hour II,2007,The middle hour is chilling. Shot on 16mm and it shows. Every beat is predictable. Worth seeing with an audience. The premise is tedious.,5.0
s0193,Low Harbour,2019,The third act is tame. Worth seeing with an audience. The whole thing is hardly boring. The cast play it terrifying.,6.0
s0194,Long Orchard,2019,The director clearly loves the genre. The first half is predictable.,3.7
s0195,Night Hollow,2017,The third act is hardly brutal. The cast play it never tedious. The director clearly loves the genre. The final scene is ominous.,6.7
s0196,Small Mirror II',2000,Shot on 16mm and it shows. The ending is not gory.,4.7
s0197,Quiet Chapel,2011,"The third act is not tame. The score is grisly. The final scene is haunting. The ending is gruesome. That long hallway shot is never chilling. The cast play it never once predictable. The sound design is eerie. Ninety minutes, no padding.",8.2
s0198,Old Door,2006,Every beat is predictable. The middle hour is unsettling. Shot on 16mm and it shows.,5.5
s0199,Far Chapel,2012,The soundtrack is doing a lot of work. That long hallway shot is never once gory. The score is terrifying.,6.4
s0200,Last Woods,2013,The cast is doing real work here. The whole thing is hardly gory. The first half is brutal. The final scene is never haunting.,4.9
s0201,Red Signal III,2008,"The third act is terrifying. The cast play it brutal. The ending is chilling. I saw it in a full theatre, which helped. The sound design is gory. The first half is unsettling. The cast is doing real work here. The middle hour is predictable.",8.4
s0202,Far Lantern,2009,"The sound design is creepy. I saw it in a full theatre, which helped. Shot on 16mm and it shows. The pacing is eerie.",7.2
s0203,Pale Door,2007,"The score is chilling. The whole thing is silly. The sound design is ominous. Ninety minutes, no padding. The cast play it not especially brutal. The pacing is not predictable. The third act is eerie.",8.0
s0204,Night Light,2004,The sound design is terrifying. The director clearly loves the genre. Worth seeing with an audience. The premise is not gory. Every beat is never grisly. That long hallway shot is boring.,4.9
s0205,Bitter Woods Returns,2004,That long hallway shot is sinister. The cast play it tedious. The premise is bloody. The middle hour is not remotely brutal. The director clearly loves the genre. The soundtrack is doing a lot of work. The whole thing is haunting. The final scene is not especially boring. The third act is not chilling.,6.8
s0206,Black Tower,2017,The sound design is eerie. The director clearly loves the genre. The first half is unsettling. The whole thing is gruesome. The final scene is boring. The middle hour is never bloody.,6.6
s0207,Salt Hour,2017,The whole thing is bloody. The cast play it ominous. Worth seeing with an audience. The cast is doing real work here. The premise is brutal. The sound design is tedious. The third act is unsettling.,7.0
s0208,Wild Room Returns,2006,The final scene is not gory. Every beat is gruesome. Shot on 16mm and it shows.,5.8
s0209,Last Tide,2013,Shot on 16mm and it shows. Worth seeing with an audience. The first half is bloody.,4.6
s0210,Last Bridge,2018,The soundtrack is doing a lot of work. The score is grisly. The pacing is not especially tame.,6.2
s0211,Far Tower Returns,2013,"The whole thing is sinister. The cast play it never once bloody. The final scene is eerie. I saw it in a full theatre, which helped.",7.2
s0212,Deep Hollow,2018,The score is terrifying. That long hallway shot is grisly. The cast play it not creepy. The cast is doing real work here.,5.6
s0213,Wild Garden III,2002,Every beat is ominous. The cast is doing real work here. The pacing is haunting. The premise is hardly silly. The soundtrack is doing a lot of work. The whole thing is grisly. The third act is never gory. The final scene is eerie.,8.6
s0214,Blue Valley Returns,2007,The atmosphere is tame. The premise is terrifying. The first half is gruesome. The third act is never once unsettling. The cast is doing real work here. The pacing is tedious.,3.7
s0215,Bright Harbour,2024,"The cast play it haunting. The ending is bloody. Ninety minutes, no padding. The score is predictable. The final scene is chilling.",6.8
s0216,Bitter Lantern II,2009,The director clearly loves the genre. The atmosphere is tame. The pacing is gruesome. The first half is not especially grisly. The cast play it haunting. The final scene is chilling. The trailer gives away too much.,6.9
s0217,The Tide,2023,"The whole thing is never terrifying. Every beat is haunting. The ending is creepy. Ninety minutes, no padding.",6.3
s0218,Night Station Returns,2010,"The third act is hardly brutal. The middle hour is predictable. Ninety minutes, no padding. The score is gruesome. That long hallway shot is creepy. The whole thing is tame. The cast play it sinister.",6.0
s0219,Long Garden,2020,"That long hallway shot is never once gory. The whole thing is unsettling. The final scene is not remotely ominous. Ninety minutes, no padding. The sound design is sinister.",5.6
s0220,Black Room,2004,"I saw it in a full theatre, which helped. The third act is hardly haunting. That long hallway shot is gory. The sound design is bloody.",4.8
s0221,Far Hour,2012,The third act is boring. The cast is doing real work here. The cast play it gory.,5.2
s0222,Far Tide,2007,The ending is grisly. The sound design is bloody. The cast play it not sinister. Worth seeing with an audience. The cast is doing real work here.,5.5
s0223,Near Garden III,2017,The ending is ominous. Worth seeing with an audience. The cast play it gruesome. The pacing is silly.,5.4
s0224,Old Market,2007,The director clearly loves the genre. Shot on 16mm and it shows. That long hallway shot is gruesome. The ending is never chilling. The atmosphere is unsettling.,5.7
s0225,Bright Tower,2003,"The premise is not remotely ominous. The score is predictable. I saw it in a full theatre, which helped. The first half is not especially eerie. The final scene is grisly.",2.7
s0226,Far Tower II,2008,"That long hallway shot is not predictable. The first half is not especially haunting. The middle hour is chilling. The soundtrack is doing a lot of work. Ninety minutes, no padding. The cast play it never tame.",6.7
s0227,Night Light II,2015,The ending is grisly. The trailer gives away too much. Worth seeing with an audience. The final scene is hardly brutal.,5.1
s0228,Red Field III,2004,"The sound design is not remotely silly. Ninety minutes, no padding. The final scene is boring. The score is brutal. The director clearly loves the genre.",5.8
s0229,Low Hollow II,2019,"I saw it in a full theatre, which helped. The sound design is not remotely boring. The atmosphere is unsettling. Every beat is creepy.",7.8
s0230,Quiet Orchard,2003,The ending is gory. That long hallway shot is never once brutal. The third act is hardly predictable. The atmosphere is not especially silly. The pacing is eerie. The sound design is terrifying. Worth seeing with an audience.,9.0
s0231,Winter Harbour,2004,"The middle hour is not remotely unsettling. The final scene is silly. Ninety minutes, no padding. The soundtrack is doing a lot of work. The premise is hardly gruesome. The whole thing is never bloody.",3.0
s0232,Bitter Bridge,2011,"Ninety minutes, no padding. The director clearly loves the genre. The middle hour is brutal. The ending is chilling.",5.8
s0233,Salt Well,2000,"The cast play it never once creepy. The soundtrack is doing a lot of work. The final scene is ominous. The score is never haunting. I saw it in a full theatre, which helped.",4.5
s0234,Green Bridge,2009,The director clearly loves the genre. Every beat is not gory. The pacing is silly. The soundtrack is doing a lot of work. The ending is chilling. The premise is grisly.,5.2
s0235,Night Woods,2013,The whole thing is chilling. The director clearly loves the genre. That long hallway shot is not bloody. The middle hour is terrifying. Worth seeing with an audience.,6.5
s0236,Black Field,2023,Shot on 16mm and it shows. The sound design is haunting. The whole thing is hardly creepy. The pacing is never once tedious.,6.2
s0237,Grey Hour,2019,The pacing is not gory. The director clearly loves the genre. The sound design is chilling. The first half is tedious. The score is boring.,4.5
s0238,Pale Room III,2016,Shot on 16mm and it shows. The premise is creepy. The score is boring. The final scene is gruesome. The third act is not especially unsettling. The cast is doing real work here.,4.7
s0239,Last Signal,2014,The first half is terrifying. The pacing is not remotely creepy. That long hallway shot is not especially unsettling. Worth seeing with an audience. The director clearly loves the genre. The whole thing is gory.,3.9
s0240,Bright Ferry,2019,Every beat is gory. The premise is brutal. The soundtrack is doing a lot of work. The first half is terrifying. The middle hour is not especially tame. The ending is not especially unsettling. Shot on 16mm and it shows.,6.2
s0241,Near Ferry,2002,The director clearly loves the genre. The ending is gory. The whole thing is bloody.,5.6
s0242,Cold Ferry III,2005,"The third act is not remotely predictable. The pacing is never tame. I saw it in a full theatre, which helped. Shot on 16mm and it shows.",6.3
s0243,Hollow Tower,1998,"The whole thing is boring. Worth seeing with an audience. Ninety minutes, no padding. The score is not especially creepy. The pacing is not bloody.",3.2
s0244,The Tower,2001,"That long hallway shot is not creepy. Ninety minutes, no padding. The cast play it hardly chilling. Every beat is not remotely bloody. The whole thing is terrifying.",3.6
s0245,Old Field,1998,Worth seeing with an audience. The whole thing is gruesome. The first half is not grisly. The director clearly loves the genre.,5.6
s0246,Grey Room,2005,"I saw it in a full theatre, which helped. Shot on 16mm and it shows.",4.5
s0247,The Coast,2024,"The first half is not tedious. I saw it in a full theatre, which helped. The whole thing is eerie. The pacing is ominous.",7.8
s0248,Near Hollow,1998,"The premise is hardly predictable. Ninety minutes, no padding. The cast is doing real work here. The sound design is ominous. That long hallway shot is brutal. The middle hour is bloody.",7.4
s0249,Pale Station,2010,"Every beat is not sinister. The ending is gruesome. The trailer gives away too much. I saw it in a full theatre, which helped. That long hallway shot is not remotely predictable. The score is not especially grisly.",4.6
s0250,Black Room II,2004,The final scene is never predictable. The third act is boring. Worth seeing with an audience.,4.6
s0251,Near House II,2018,Worth seeing with an audience. The director clearly loves the genre.,5.4
s0252,Hollow Hour,2016,"Every beat is brutal. Shot on 16mm and it shows. Ninety minutes, no padding. The final scene is tame.",5.2
s0253,Grey Harbour,2003,The director clearly loves the genre. The cast is doing real work here. The first half is never eerie. That long hallway shot is hardly gruesome. The final scene is terrifying.,5.1
s0254,Red Chapel II,2015,"The atmosphere is predictable. I saw it in a full theatre, which helped. The score is bloody.",4.5
s0255,Black Ferry,2008,Shot on 16mm and it shows. The cast is doing real work here. The final scene is tame. That long hallway shot is brutal.,4.3
s0256,Small Mirror Returns,2012,The final scene is hardly silly. The cast is doing real work here. The third act is tame. The cast play it gory. The soundtrack is doing a lot of work.,5.6
s0257,Salt Market,2007,The soundtrack is doing a lot of work. The middle hour is brutal. The cast is doing real work here.,5.1
s0258,Night Well,2020,"The atmosphere is eerie. The sound design is grisly. The trailer gives away too much. The pacing is haunting. I saw it in a full theatre, which helped.",7.7
s0259,Wild Woods Returns,2023,The pacing is hardly brutal. The trailer gives away too much. The first half is terrifying. The whole thing is tedious. The director clearly loves the genre. The ending is never tame.,4.9
s0260,Green Lantern Redux,2012,The director clearly loves the genre. The cast play it unsettling. Worth seeing with an audience.,6.0
s0261,Near Tide,2018,The cast is doing real work here. The ending is gruesome. Every beat is not especially haunting. The atmosphere is not remotely gory. The third act is not remotely tedious.,5.2
s0262,Hollow Harbour III,2022,The premise is eerie. The third act is grisly. The whole thing is never once chilling. The cast is doing real work here.,5.2
s0263,The Coast Redux,2023,Shot on 16mm and it shows. The score is gory. That long hallway shot is hardly sinister. The whole thing is predictable. The ending is tedious. The middle hour is brutal. The soundtrack is doing a lot of work.,4.2
s0264,Long Valley,2014,The third act is not creepy. The ending is silly. The director clearly loves the genre. The final scene is boring.,2.9
s0265,Near Well,2022,"Ninety minutes, no padding. The sound design is sinister. That long hallway shot is never bloody. The score is ominous. The soundtrack is doing a lot of work. The final scene is grisly.",7.2
s0266,Far Orchard,2000,The premise is not especially silly. The cast is doing real work here. The atmosphere is hardly tedious. The first half is sinister. Worth seeing with an audience. That long hallway shot is not especially eerie. The cast play it not remotely terrifying.,5.5
s0267,Far Woods Redux,2020,The third act is predictable. The atmosphere is terrifying. The sound design is haunting. The cast is doing real work here. Every beat is not remotely unsettling.,5.1
s0268,Bright Ferry II,2010,"The sound design is chilling. I saw it in a full theatre, which helped. The score is terrifying. The pacing is eerie.",7.8
s0269,Winter Tower Returns,2016,The cast play it never creepy. The sound design is never once ominous. The final scene is brutal. The director clearly loves the genre. The whole thing is not remotely tame. That long hallway shot is never once predictable. Every beat is sinister.,6.3
s0270,Bright Valley,2005,That long hallway shot is haunting. The score is never once brutal. Every beat is never grisly. The director clearly loves the genre. The atmosphere is tame.,5.1
s0271,Small Light,2020,The cast play it tedious. The pacing is bloody. The third act is never once gory. The middle hour is sinister. The trailer gives away too much. The director clearly loves the genre.,5.7
s0272,Bitter Station,2006,"I saw it in a full theatre, which helped. Every beat is unsettling. The score is ominous. The third act is grisly. The director clearly loves the genre. The atmosphere is tame. The cast play it silly.",6.0
s0273,The Orchard,2000,The third act is not silly. The pacing is hardly bloody. The cast play it hardly gory. Shot on 16mm and it shows. The whole thing is predictable.,4.1
s0274,Salt Light,2004,Shot on 16mm and it shows. Every beat is chilling.,6.2
s0275,Near Well III,2016,"I saw it in a full theatre, which helped. The middle hour is tame. The atmosphere is never once terrifying.",3.5
s0276,Cold Chapel,2013,The third act is bloody. The atmosphere is gruesome. The sound design is tame. The score is sinister. The director clearly loves the genre.,6.7
s0277,Old Well Redux,2002,The first half is ominous. The soundtrack is doing a lot of work. The score is creepy. The atmosphere is never sinister.,5.6
s0278,Blue Signal,2024,The middle hour is sinister. The cast play it unsettling. The whole thing is ominous. Shot on 16mm and it shows. Every beat is grisly. The score is gory.,9.2
s0279,Small Mirror III,2005,The middle hour is never once terrifying. The score is predictable. The cast play it boring. Worth seeing with an audience. The final scene is ominous.,3.6
s0280,Low Signal,2017,The pacing is not especially brutal. The whole thing is not especially boring. That long hallway shot is gory. The director clearly loves the genre. Every beat is eerie.,7.2
s0281,Salt Market II,2014,The pacing is haunting. Shot on 16mm and it shows. The whole thing is silly.,5.1
s0282,Blue Woods,2008,The atmosphere is boring. The first half is eerie. The pacing is hardly tame. The cast is doing real work here.,6.1
s0283,Night Room,2021,Worth seeing with an audience. The sound design is haunting. The director clearly loves the genre. The first half is tedious. Every beat is never once gruesome. The third act is chilling. The final scene is never ominous.,5.9
s0284,Old Tide,2006,"That long hallway shot is boring. The first half is brutal. Ninety minutes, no padding. The director clearly loves the genre.",4.8
s0285,Far Field III,2016,"The first half is gory. The final scene is tedious. I saw it in a full theatre, which helped.",4.5
s0286,Deep House,2013,The atmosphere is ominous. The score is haunting. The first half is silly. The final scene is grisly. The cast is doing real work here.,6.1
s0287,Green Door,2000,The first half is not creepy. The trailer gives away too much. The premise is haunting. The atmosphere is hardly eerie.,3.6
s0288,Green Garden,2003,Shot on 16mm and it shows. The cast play it gruesome.,5.2
s0289,Blue Orchard Redux,2008,The soundtrack is doing a lot of work. Shot on 16mm and it shows. The final scene is eerie. The ending is tedious. The premise is not unsettling. The third act is hardly brutal. The cast play it never once predictable.,4.3
s0290,Hollow Lantern,2022,The first half is never sinister. The director clearly loves the genre. The middle hour is silly.,4.0
s0291,Grey Market,2024,"Ninety minutes, no padding. I saw it in a full theatre, which helped. The pacing is not remotely ominous. The cast play it predictable.",3.1
s0292,Red Chapel Returns,2021,The sound design is predictable. Worth seeing with an audience. The ending is brutal. The middle hour is chilling.,6.4
s0293,Night Well III,2017,The cast play it creepy. The middle hour is sinister. Worth seeing with an audience. The soundtrack is doing a lot of work. The final scene is boring. The first half is silly.,5.8
s0294,Night Door Returns,2011,"The whole thing is predictable. I saw it in a full theatre, which helped.",4.9
s0295,Low Woods,2011,The middle hour is gruesome. The premise is grisly. The sound design is not remotely unsettling. Shot on 16mm and it shows. That long hallway shot is haunting. The first half is terrifying.,6.6
s0296,Last Harbour,2001,Every beat is brutal. The soundtrack is doing a lot of work. The trailer gives away too much. That long hallway shot is grisly. The sound design is chilling. The score is unsettling.,8.0
s0297,Salt Signal,2015,"The final scene is silly. The pacing is bloody. The ending is chilling. The cast play it unsettling. I saw it in a full theatre, which helped.",6.5
s0298,Salt Ferry,2012,"Ninety minutes, no padding. The middle hour is haunting. I saw it in a full theatre, which helped. That long hallway shot is tame.",5.7
s0299,Winter Ferry III,2013,"The soundtrack is doing a lot of work. The third act is not unsettling. I saw it in a full theatre, which helped. The middle hour is predictable. The whole thing is never brutal.",3.5
s0300,Cold Woods,2003,Shot on 16mm and it shows. The final scene is ominous. The ending is never once unsettling. The third act is boring. Worth seeing with an audience.,4.9
s0301,Hollow Orchard Redux,2002,The premise is eerie. The atmosphere is predictable. The ending is tame. The cast is doing real work here.,4.9
s0302,Small Station,2021,The cast play it unsettling. The score is ominous. The atmosphere is boring. The cast is doing real work here. The trailer gives away too much.,6.7
s0303,Night Room Returns,2009,"The whole thing is brutal. Every beat is sinister. The score is not remotely gory. I saw it in a full theatre, which helped.",5.8
s0304,Winter Tower Redux,2021,"The middle hour is brutal. The trailer gives away too much. Ninety minutes, no padding. The premise is hardly bloody. The third act is tedious.",4.8
s0305,Grey Well,2019,The middle hour is bloody. The ending is not remotely terrifying. Shot on 16mm and it shows. The cast is doing real work here.,4.3
s0306,Winter Coast III,2007,"I saw it in a full theatre, which helped. Every beat is predictable. The whole thing is chilling. The first half is unsettling.",7.0
s0307,Red Lantern,2006,The score is tedious. The director clearly loves the genre. The sound design is tame.,3.9
s0308,Low Market Returns,2021,The sound design is hardly grisly. The atmosphere is not unsettling. The middle hour is not remotely silly. That long hallway shot is haunting. The cast is doing real work here. The ending is eerie.,6.4
s0309,Wild Hour,2002,Worth seeing with an audience. The middle hour is not gory. The sound design is eerie. The soundtrack is doing a lot of work.,5.8
s0310,Green Signal,1999,"Ninety minutes, no padding. The trailer gives away too much. The atmosphere is ominous. That long hallway shot is boring. The premise is eerie. Every beat is haunting. The first half is not remotely tame. The score is grisly. The middle hour is not gory.",8.7
s0311,Near Hollow Redux,2001,The whole thing is never once ominous. The cast play it never once grisly. That long hallway shot is tame. The sound design is brutal. The soundtrack is doing a lot of work. Every beat is unsettling. The ending is not remotely sinister.,3.7
s0312,Black Coast,2014,"I saw it in a full theatre, which helped. The trailer gives away too much.",5.0
s0313,The House,1999,Every beat is predictable. The cast play it tame. The final scene is gory. Shot on 16mm and it shows.,5.3
s0314,Salt Woods,2009,The ending is hardly ominous. The final scene is eerie. The middle hour is hardly bloody. The trailer gives away too much.,5.0
s0315,Old Signal,2013,The pacing is brutal. The cast is doing real work here. The first half is terrifying. The soundtrack is doing a lot of work. The score is never once ominous. The third act is not remotely predictable. The final scene is bloody.,6.7
s0316,Green Tower,2014,The soundtrack is doing a lot of work. Shot on 16mm and it shows. The pacing is grisly.,5.4
s0317,Hollow Light,2001,The soundtrack is doing a lot of work. Worth seeing with an audience. The sound design is not especially grisly. The cast play it not remotely predictable. The premise is silly.,5.9
s0318,Last Tower Redux,2011,The trailer gives away too much. The cast play it never boring. That long hallway shot is creepy.,6.9
s0319,Cold Signal Redux,2020,"The final scene is terrifying. The third act is never gory. Worth seeing with an audience. Ninety minutes, no padding. The whole thing is hardly gruesome. The premise is boring.",5.0
s0320,Grey Bridge,2023,The cast is doing real work here. The ending is brutal.,5.7
s0321,Deep Signal,2007,"I saw it in a full theatre, which helped. The cast is doing real work here. The ending is brutal. That long hallway shot is terrifying. The pacing is bloody.",6.5
s0322,Bitter Garden,2003,The director clearly loves the genre. The trailer gives away too much.,4.9
s0323,Black Woods,1999,Worth seeing with an audience. The third act is tedious. The score is terrifying. Every beat is gory. The premise is chilling.,7.1
s0324,Night Tower III,2023,The middle hour is not remotely grisly. The premise is not remotely terrifying. Worth seeing with an audience. Shot on 16mm and it shows.,3.5
s0325,Bright Field,2006,The atmosphere is unsettling. The trailer gives away too much. The final scene is not grisly.,5.8
s0326,Blue Market,2013,The ending is haunting. The director clearly loves the genre. The sound design is hardly gory. The trailer gives away too much.,5.8
s0327,Night Garden II,2006,The atmosphere is sinister. The director clearly loves the genre. That long hallway shot is not especially unsettling.,5.1
s0328,Near Station III,2023,"Ninety minutes, no padding. The atmosphere is terrifying. The ending is gory. The trailer gives away too much.",6.7
s0329,Far Tide III,2019,The whole thing is never once ominous. The middle hour is boring. The atmosphere is chilling. Shot on 16mm and it shows. That long hallway shot is haunting.,5.4
s0330,Pale House II,2000,The final scene is brutal. Worth seeing with an audience.,5.4
s0331,Low Light III,1999,The sound design is creepy. The director clearly loves the genre. The trailer gives away too much. The third act is not especially chilling.,4.7
s0332,Low Garden,2016,The ending is never once gory. The score is silly. The cast play it never unsettling. That long hallway shot is brutal. The third act is creepy. The trailer gives away too much. The director clearly loves the genre. The sound design is tame.,4.4
s0333,Black Market,2007,"The cast play it chilling. The ending is never once creepy. The score is sinister. The soundtrack is doing a lot of work. Ninety minutes, no padding.",5.9
s0334,Near Room,2015,"Ninety minutes, no padding. The ending is gory. The cast play it creepy. Worth seeing with an audience.",7.3
s0335,Old Garden,2012,The sound design is tedious. The first half is eerie. The whole thing is creepy. The cast play it haunting. The trailer gives away too much. The director clearly loves the genre.,8.0
s0336,Pale Tower III,2023,The score is unsettling. The ending is terrifying. The pacing is brutal. The first half is ominous. The soundtrack is doing a lot of work.,7.8
s0337,Cold Bridge Redux,2006,The sound design is chilling. The cast is doing real work here. The pacing is never once brutal. The score is never once creepy. The ending is eerie.,5.9
s0338,Last Woods II,2022,The director clearly loves the genre. The pacing is gory. The whole thing is never once sinister. The premise is grisly. The cast is doing real work here. The third act is tame.,4.2
s0339,Winter Chapel Returns,2012,"The whole thing is grisly. The middle hour is never unsettling. I saw it in a full theatre, which helped.",4.8
s0340,Black Coast III,2004,Every beat is bloody. Shot on 16mm and it shows. The sound design is gruesome. The ending is ominous.,6.4
s0341,Night Bridge,2016,The final scene is sinister. Every beat is not especially brutal. The sound design is unsettling. The director clearly loves the genre. The pacing is eerie. Worth seeing with an audience.,7.2
s0342,Long Door,2017,Shot on 16mm and it shows. The final scene is not especially chilling. The middle hour is haunting. The pacing is ominous. The soundtrack is doing a lot of work.,7.2
s0343,Black Field Returns,1998,That long hallway shot is not remotely tedious. The whole thing is not terrifying. The ending is not eerie. The third act is gruesome. The cast play it not chilling. Worth seeing with an audience. Shot on 16mm and it shows.,2.9
s0344,Pale Door II,2019,The ending is creepy. Worth seeing with an audience. The third act is not remotely sinister. The cast play it ominous.,6.3
s0345,The Valley,2003,Shot on 16mm and it shows. The pacing is unsettling. The atmosphere is haunting. The first half is never chilling. The score is silly.,5.5
s0346,Wild Mirror,2023,"Every beat is tedious. The score is grisly. Ninety minutes, no padding. The middle hour is not especially bloody. The ending is eerie.",5.1
s0347,Near Room III,2020,"The whole thing is not especially predictable. The score is bloody. Worth seeing with an audience. Ninety minutes, no padding.",6.3
s0348,Old Signal II,2021,"I saw it in a full theatre, which helped. The cast play it terrifying. The whole thing is eerie. The premise is boring.",6.3
s0349,Green Signal III,2007,The whole thing is boring. The sound design is not remotely terrifying. Every beat is gruesome. That long hallway shot is sinister. Worth seeing with an audience. The final scene is hardly gory.,3.9
s0350,Bitter Harbour,1999,"The cast play it haunting. Shot on 16mm and it shows. The first half is brutal. I saw it in a full theatre, which helped.",7.4
s0351,Low Door III,2019,The director clearly loves the genre. The third act is unsettling. The whole thing is eerie. The final scene is never once grisly. The first half is boring. The premise is never haunting.,5.4
s0352,The Ferry,2012,The pacing is tame. That long hallway shot is creepy. The trailer gives away too much. The soundtrack is doing a lot of work.,5.5
s0353,Night Door II,2021,The middle hour is silly. The score is gory. The director clearly loves the genre. The final scene is never once brutal. The ending is not ominous. The atmosphere is sinister. The premise is terrifying. The pacing is never once predictable.,6.6
s0354,Deep Harbour II,2017,"Every beat is tedious. The trailer gives away too much. Ninety minutes, no padding. The third act is not remotely haunting. The ending is never tame.",4.9
s0355,Red Hollow III,2002,"The third act is creepy. The pacing is not brutal. The atmosphere is gruesome. I saw it in a full theatre, which helped.",6.1
s0356,Last Woods Returns,2018,"The cast play it silly. The score is bloody. The first half is never once unsettling. That long hallway shot is tame. I saw it in a full theatre, which helped.",3.2
s0357,Bitter Chapel II,2019,"I saw it in a full theatre, which helped. The first half is never creepy. Ninety minutes, no padding. The final scene is brutal.",4.3
s0358,Quiet Chapel Redux,2012,The third act is brutal. The trailer gives away too much. The whole thing is never terrifying. The cast play it not remotely unsettling. The soundtrack is doing a lot of work.,4.1
s0359,Bright Chapel Redux,2003,The soundtrack is doing a lot of work.,4.9
s0360,Grey Hour Returns,2023,The final scene is never silly. The atmosphere is never once eerie. The cast is doing real work here. The pacing is boring. Worth seeing with an audience. The middle hour is not remotely creepy. The cast play it not gruesome.,2.6
s0361,Red Mirror,2010,The whole thing is ominous. The soundtrack is doing a lot of work. The third act is haunting. Worth seeing with an audience. The score is terrifying.,8.6
s0362,Bitter Garden Redux,2020,"Ninety minutes, no padding. That long hallway shot is ominous. The premise is sinister. The sound design is grisly. The trailer gives away too much. The atmosphere is terrifying. The third act is never once predictable.",9.1
s0363,Near Lantern,2012,"I saw it in a full theatre, which helped. The whole thing is not especially creepy. That long hallway shot is chilling. The middle hour is grisly. The soundtrack is doing a lot of work.",4.6
s0364,Salt Tide,2007,The atmosphere is never unsettling. The cast is doing real work here.,3.8
s0365,Winter Field,2015,Worth seeing with an audience. The atmosphere is bloody. The trailer gives away too much. The score is tedious. That long hallway shot is sinister.,6.3
s0366,Quiet Market,2024,"Ninety minutes, no padding. Worth seeing with an audience. Every beat is ominous. The pacing is not remotely terrifying.",4.9
s0367,Old Garden III,2003,The cast is doing real work here.,5.3
s0368,Black Hollow II,2011,The whole thing is chilling. The cast is doing real work here. The soundtrack is doing a lot of work.,6.4
s0369,Small Room,1998,The first half is not especially gruesome. The ending is not especially boring. The atmosphere is not remotely terrifying. The cast is doing real work here.,4.5
s0370,Deep Signal II,2013,The premise is hardly ominous. Worth seeing with an audience. The third act is predictable. The score is eerie. Every beat is tedious.,4.1
s0371,Night House,1999,The middle hour is predictable. The cast play it tame. Shot on 16mm and it shows. The trailer gives away too much. Every beat is gory. The whole thing is sinister. The premise is grisly.,5.9
s0372,Pale Woods,2020,The whole thing is creepy. The ending is ominous. That long hallway shot is not remotely sinister. The final scene is silly. The director clearly loves the genre. The trailer gives away too much.,5.2
s0373,Salt Valley,2013,"I saw it in a full theatre, which helped. The middle hour is chilling. The director clearly loves the genre. The premise is haunting. The first half is predictable.",7.0
s0374,Night Light Redux,2002,"I saw it in a full theatre, which helped. The ending is never bloody. Shot on 16mm and it shows.",5.0
s0375,Deep Orchard,2019,"The score is gruesome. That long hallway shot is never once tedious. I saw it in a full theatre, which helped. The director clearly loves the genre. The premise is not haunting. The pacing is gory. The sound design is not especially terrifying.",3.9
s0376,Grey Tide,2024,That long hallway shot is never once tedious. Shot on 16mm and it shows. The sound design is sinister. The score is chilling.,8.1
s0377,Deep Room,2019,The trailer gives away too much. The ending is not remotely eerie. The sound design is ominous. That long hallway shot is haunting. Shot on 16mm and it shows.,5.4
s0378,Bright Chapel Redux',2007,"The premise is ominous. The soundtrack is doing a lot of work. The whole thing is hardly gruesome. I saw it in a full theatre, which helped.",5.5
s0379,Black Chapel,2022,"The first half is sinister. The cast is doing real work here. Ninety minutes, no padding.",6.8
s0380,Winter House II,2014,The cast play it eerie. The atmosphere is silly. The middle hour is terrifying. The premise is sinister. The trailer gives away too much.,7.4
s0381,Small Tide,2003,"I saw it in a full theatre, which helped. Every beat is not remotely bloody. The score is hardly eerie.",3.1
s0382,Bright Bridge II,2011,"The soundtrack is doing a lot of work. The final scene is not especially terrifying. I saw it in a full theatre, which helped. Every beat is not remotely silly. The atmosphere is grisly. The premise is creepy.",6.0
s0383,Last Station,2011,"I saw it in a full theatre, which helped. Every beat is never gruesome. That long hallway shot is bloody. The middle hour is tame. The atmosphere is tedious.",3.9
s0384,Blue Hour,2012,The cast is doing real work here. The pacing is never once ominous. The third act is terrifying. The premise is haunting. Every beat is never bloody.,5.5
s0385,Wild Signal,2011,"Ninety minutes, no padding. The score is chilling. The middle hour is sinister. The final scene is hardly creepy. The premise is not brutal. The sound design is never once bloody.",5.8
s0386,Winter Coast III',2013,"The final scene is unsettling. The ending is eerie. The third act is gruesome. Ninety minutes, no padding. The middle hour is brutal.",8.1
s0387,Low Woods III,2017,"The atmosphere is not remotely haunting. Shot on 16mm and it shows. Every beat is sinister. I saw it in a full theatre, which helped.",5.3
s0388,Blue Coast,2011,"The ending is gory. The score is sinister. Ninety minutes, no padding.",6.2
s0389,Cold Woods Redux,2016,The premise is brutal. Shot on 16mm and it shows. The third act is gruesome. The first half is not remotely creepy. The director clearly loves the genre.,4.3
s0390,Black Ferry II,2021,"The score is never once predictable. The first half is not boring. The third act is creepy. The cast is doing real work here. I saw it in a full theatre, which helped.",7.7
s0391,Night Tower Returns,2000,The soundtrack is doing a lot of work. The final scene is not silly. The score is hardly gruesome. The pacing is not remotely tame. The premise is never creepy.,4.9
s0392,Night Hollow II,2012,The trailer gives away too much. The atmosphere is sinister. The first half is terrifying. The director clearly loves the genre. The score is boring.,6.5
s0393,The Coast II,2013,"The atmosphere is creepy. The cast play it ominous. The third act is not remotely bloody. The pacing is eerie. I saw it in a full theatre, which helped. The whole thing is not especially gruesome.",7.9
s0394,Red Tower III',2009,The cast is doing real work here. The pacing is not remotely haunting. The atmosphere is never boring.,5.4
s0395,Quiet Field,2019,The pacing is ominous. The ending is gruesome. The middle hour is not remotely brutal. Shot on 16mm and it shows.,5.7
s0396,Last Valley,2024,"Every beat is not boring. The soundtrack is doing a lot of work. The pacing is tame. Ninety minutes, no padding.",4.6
s0397,Bright Garden,2006,Shot on 16mm and it shows. That long hallway shot is eerie. The first half is gruesome. The atmosphere is sinister. The sound design is unsettling.,8.9
s0398,Quiet Station Redux',2013,"The soundtrack is doing a lot of work. The score is gruesome. Every beat is hardly creepy. The cast play it haunting. The whole thing is tedious. The first half is terrifying. Ninety minutes, no padding.",6.1
s0399,Cold Hollow,2004,The middle hour is tame. The premise is not especially bloody. The final scene is hardly unsettling. The director clearly loves the genre. The ending is not remotely gruesome.,2.7
s0400,Far Hollow Returns,2005,"The director clearly loves the genre. The score is chilling. The cast play it brutal. The third act is never once predictable. The ending is grisly. Ninety minutes, no padding. Every beat is creepy.",8.6
s0401,Far Signal,2019,That long hallway shot is ominous. The pacing is never gory. The cast play it terrifying. The score is not remotely boring. The final scene is never once tame. Shot on 16mm and it shows. The cast is doing real work here.,8.4
s0402,Red Mirror II,2009,The pacing is terrifying. The third act is boring. The ending is ominous. The final scene is sinister. That long hallway shot is not grisly. Worth seeing with an audience.,6.9
s0403,Pale Garden,1999,"The third act is creepy. Shot on 16mm and it shows. The middle hour is never once chilling. The final scene is never once tedious. I saw it in a full theatre, which helped. Every beat is boring. The first half is sinister.",5.7
s0404,Low Light Returns,1999,"The whole thing is haunting. The atmosphere is never tedious. The soundtrack is doing a lot of work. I saw it in a full theatre, which helped. The cast play it hardly sinister. The ending is unsettling. That long hallway shot is not especially gruesome.",5.9
s0405,Blue Orchard III,1998,The ending is creepy. Worth seeing with an audience. The pacing is chilling. The director clearly loves the genre. The third act is never sinister.,6.6
s0406,Quiet Harbour Redux,2009,The soundtrack is doing a lot of work. The ending is grisly. Every beat is gory.,5.7
s0407,Old Valley,2007,The final scene is not especially bloody. The pacing is not predictable. The whole thing is gory. The third act is unsettling. Worth seeing with an audience.,7.0
s0408,Pale Orchard II,2003,The sound design is boring. The pacing is never once terrifying. The trailer gives away too much. The third act is gruesome. The middle hour is haunting.,5.3
s0409,Grey Lantern,2008,Every beat is not especially sinister. The cast is doing real work here.,4.3
s0410,The Light,2008,"Ninety minutes, no padding. The pacing is not remotely ominous. Every beat is eerie. The final scene is not especially brutal. That long hallway shot is sinister. The whole thing is boring. The atmosphere is bloody. The cast play it tedious.",5.6
s0411,Night Field III,1998,The premise is haunting. The ending is gory. The score is eerie. The trailer gives away too much. That long hallway shot is never once chilling.,6.0
s0412,Cold Signal Returns,2016,The third act is never once gruesome. The cast play it tedious. The score is not bloody. The first half is hardly sinister. Worth seeing with an audience.,2.2
s0413,Winter House III,2017,"The cast is doing real work here. The final scene is tame. The sound design is tedious. Ninety minutes, no padding. The third act is unsettling.",4.7
s0414,Black Tower Redux,2015,The pacing is never bloody. The whole thing is ominous. The cast play it grisly. The cast is doing real work here.,5.8
s0415,Bitter Garden Returns,2018,"The premise is haunting. I saw it in a full theatre, which helped. The final scene is creepy. The whole thing is chilling. Every beat is bloody. The third act is tedious. The sound design is gruesome. Shot on 16mm and it shows.",8.6
s0416,Far Mirror,2023,The cast play it eerie. The trailer gives away too much. The score is never once tedious.,6.4
s0417,Cold Mirror,2016,"The premise is chilling. Ninety minutes, no padding. The cast play it tedious. The whole thing is not remotely eerie. The trailer gives away too much.",4.9
s0418,Salt Light II,2002,Worth seeing with an audience. Shot on 16mm and it shows. The sound design is boring. The whole thing is grisly. The atmosphere is haunting.,5.2
s0419,Cold Tower,2009,The atmosphere is eerie. The third act is tedious. The cast is doing real work here.,5.0
s0420,Old Door III,2009,"The final scene is not especially gruesome. Every beat is gory. The middle hour is ominous. The third act is unsettling. I saw it in a full theatre, which helped.",7.3
s0421,Night Station Redux,2013,"I saw it in a full theatre, which helped. The cast is doing real work here. Every beat is ominous. The sound design is grisly. The middle hour is chilling.",7.5
s0422,Red Signal Returns,2015,Worth seeing with an audience. The middle hour is gruesome. The pacing is sinister.,5.8
s0423,Night Chapel III,2009,The premise is chilling. The middle hour is tedious. Shot on 16mm and it shows. The third act is ominous.,6.3
s0424,Grey Garden,1999,The pacing is not especially tedious. The middle hour is boring. The sound design is unsettling. Shot on 16mm and it shows.,6.0
s0425,Cold Room,2004,"The final scene is never once chilling. That long hallway shot is hardly gruesome. The trailer gives away too much. The score is grisly. Ninety minutes, no padding. The sound design is ominous.",5.8
s0426,The Signal,2008,The soundtrack is doing a lot of work. Shot on 16mm and it shows. That long hallway shot is tame.,4.5
s0427,Bitter Hollow,2015,Worth seeing with an audience. That long hallway shot is never brutal. The soundtrack is doing a lot of work. The ending is tame.,4.2
s0428,The Hour Redux,2009,"I saw it in a full theatre, which helped. The middle hour is hardly bloody. The soundtrack is doing a lot of work. The final scene is brutal. The ending is ominous. The cast play it unsettling. The first half is haunting.",8.6
s0429,Old Ferry Redux,2016,"The premise is not remotely predictable. Every beat is silly. Ninety minutes, no padding. The pacing is gory. The score is brutal. The trailer gives away too much.",5.3
s0430,Wild Room Returns',2017,The ending is hardly unsettling. The premise is gory. The cast is doing real work here. Every beat is ominous. The final scene is never once tedious.,5.7
s0431,Cold Hollow Redux,2006,The cast play it grisly. The soundtrack is doing a lot of work. Shot on 16mm and it shows. The pacing is not remotely silly. The whole thing is boring.,5.8
s0432,Low Woods III',2005,The middle hour is tedious. The soundtrack is doing a lot of work. The cast play it chilling. The final scene is gory. The whole thing is haunting.,7.2
s0433,Long Garden III,2003,The premise is silly. The director clearly loves the genre. The third act is not especially predictable. The ending is gruesome. The sound design is not remotely ominous. The cast play it eerie. Shot on 16mm and it shows.,5.5
s0434,Salt Well II,2016,"The premise is unsettling. The pacing is terrifying. The whole thing is never ominous. The soundtrack is doing a lot of work. I saw it in a full theatre, which helped.",7.3
s0435,Red Field III',2006,"The ending is tedious. Ninety minutes, no padding. Every beat is silly. That long hallway shot is eerie.",4.5
s0436,Bitter House Returns,2020,"The cast play it never bloody. The score is haunting. The sound design is not especially chilling. Every beat is never once boring. I saw it in a full theatre, which helped. The premise is creepy.",6.9
s0437,Wild Signal Returns,2005,The cast play it never once silly. Shot on 16mm and it shows. The atmosphere is gruesome. The sound design is never eerie. The premise is ominous. That long hallway shot is never once brutal. The whole thing is not especially terrifying.,4.8
s0438,Low Lantern Returns,2003,The first half is creepy. The third act is haunting. Shot on 16mm and it shows. The middle hour is sinister. The director clearly loves the genre.,8.3
s0439,Night Ferry,2010,"The ending is haunting. The trailer gives away too much. I saw it in a full theatre, which helped. The final scene is creepy. The sound design is gory.",7.8
s0440,Quiet Well,2012,The premise is unsettling. The director clearly loves the genre. The middle hour is predictable.,5.2
s0441,Grey Chapel,2016,"The first half is not especially terrifying. Ninety minutes, no padding. Every beat is never once gory. The score is eerie. The atmosphere is not remotely gruesome. The sound design is never sinister.",2.8
s0442,Black Room Redux,2010,"The premise is never boring. The middle hour is predictable. The cast play it chilling. The ending is hardly eerie. The score is creepy. Ninety minutes, no padding. Every beat is not remotely brutal.",5.9
s0443,Grey Door III,2024,The ending is not especially unsettling. The first half is gruesome. The soundtrack is doing a lot of work. The pacing is bloody. The sound design is tedious. Every beat is hardly sinister. The final scene is hardly tame.,3.8
s0444,Near Lantern Returns,2018,The soundtrack is doing a lot of work. The middle hour is never once chilling. The atmosphere is never sinister. The final scene is hardly ominous.,2.1
s0445,Night Hollow Redux,2004,"The director clearly loves the genre. Ninety minutes, no padding. The atmosphere is never once sinister. The ending is boring. The third act is hardly silly.",3.2
s0446,Red Signal Redux,2021,"The atmosphere is never gory. The pacing is never once gruesome. Ninety minutes, no padding. The cast is doing real work here.",4.3
s0447,Night Lantern,2011,That long hallway shot is haunting. The score is predictable. The soundtrack is doing a lot of work. The sound design is creepy. The cast play it boring. The final scene is brutal. The third act is not remotely eerie. Shot on 16mm and it shows.,5.3
s0448,Wild House,2003,"The ending is not bloody. The soundtrack is doing a lot of work. I saw it in a full theatre, which helped.",4.7
s0449,Blue Coast III,2024,Worth seeing with an audience. The score is predictable. The director clearly loves the genre. The pacing is hardly gruesome. The final scene is hardly silly. The premise is ominous.,5.2
s0450,Deep Ferry Returns,2005,Every beat is hardly creepy. The middle hour is bloody. The final scene is unsettling. Worth seeing with an audience. The score is never once grisly.,5.2
s0451,Black House,2014,The sound design is never once brutal. The cast is doing real work here. The third act is boring. The cast play it unsettling. The atmosphere is tedious. The final scene is ominous. Every beat is hardly gruesome.,4.8
s0452,Bright Garden II,2001,The ending is not remotely bloody. The cast play it grisly. The cast is doing real work here. The middle hour is hardly tedious.,5.2
s0453,Grey Field Redux,2012,The middle hour is tame. Every beat is hardly grisly. The director clearly loves the genre. The score is silly. The whole thing is unsettling. The third act is terrifying. The soundtrack is doing a lot of work. The cast play it brutal.,6.4
s0454,Salt Coast,2013,The ending is bloody. The director clearly loves the genre.,5.4
s0455,Salt Lantern,2005,"I saw it in a full theatre, which helped. The premise is haunting. The cast is doing real work here. Every beat is never once tame. The cast play it boring. That long hallway shot is not especially unsettling.",5.7
s0456,Grey Station,2017,Worth seeing with an audience. The cast play it eerie. That long hallway shot is chilling. The atmosphere is hardly grisly. The first half is never once unsettling. The third act is gory.,6.1
s0457,Night Station II,2014,The atmosphere is not brutal. The whole thing is hardly gruesome. The third act is tedious. The soundtrack is doing a lot of work. The cast play it hardly unsettling.,3.7
s0458,Bright Field III,2018,The trailer gives away too much. The pacing is not remotely haunting. The third act is eerie.,4.4
s0459,Blue Woods III,2023,"I saw it in a full theatre, which helped.",5.5
s0460,Quiet Light III,2019,That long hallway shot is sinister. The pacing is not remotely bloody. Shot on 16mm and it shows. The final scene is gory. The cast is doing real work here.,6.3
s0461,Far Bridge,2024,The sound design is not creepy. Worth seeing with an audience.,4.5
s0462,Far Orchard III,2002,Worth seeing with an audience. The third act is never once tame. The pacing is chilling. The cast play it not remotely gory.,6.5
s0463,Salt Station,2007,The cast is doing real work here. The first half is ominous. Every beat is brutal. The trailer gives away too much. The score is gory.,7.3
s0464,Red Garden,2010,"The ending is gory. The final scene is not eerie. The pacing is ominous. The premise is hardly silly. The score is grisly. The third act is not remotely tame. The middle hour is haunting. I saw it in a full theatre, which helped.",7.5
s0465,Blue Light Returns,2005,Worth seeing with an audience. The premise is predictable. Every beat is not especially sinister. The pacing is hardly gory. The cast is doing real work here. That long hallway shot is brutal. The final scene is not remotely eerie.,2.3
s0466,Quiet Signal,1998,The pacing is predictable. The cast is doing real work here. The whole thing is sinister.,5.3
s0467,Last Light,2022,The whole thing is unsettling. That long hallway shot is hardly sinister. The middle hour is grisly. Shot on 16mm and it shows.,5.4
s0468,Long Orchard II,2007,"The sound design is creepy. The third act is unsettling. That long hallway shot is never once silly. Ninety minutes, no padding. The director clearly loves the genre.",7.5
s0469,Green Tower III,1998,The whole thing is never once tedious. Worth seeing with an audience. The trailer gives away too much. The third act is predictable.,5.1
s0470,Last Chapel Returns,2015,The ending is not ominous. The score is brutal. The cast play it hardly gruesome. The sound design is chilling. The final scene is silly. The premise is predictable. The trailer gives away too much.,4.1
s0471,Red Hour,2021,The atmosphere is predictable. The sound design is never once ominous. The first half is tedious. The premise is terrifying. The score is never gory. Worth seeing with an audience.,3.6
s0472,Salt Station Returns,2006,"Ninety minutes, no padding. The cast play it never once tedious. The score is not remotely terrifying. The sound design is grisly. The pacing is ominous. That long hallway shot is creepy.",7.1
s0473,The Harbour,2011,That long hallway shot is ominous. The premise is eerie. Every beat is hardly boring. The cast is doing real work here. The ending is creepy.,8.4
s0474,Last Lantern,1999,The cast is doing real work here. The third act is gruesome. The score is terrifying.,7.2
s0475,The Woods,2009,"The director clearly loves the genre. Ninety minutes, no padding. The ending is not especially sinister. The third act is never once grisly.",2.8
s0476,Bright Orchard,2015,The trailer gives away too much. Every beat is not silly. The final scene is unsettling. The cast is doing real work here. The whole thing is creepy. The middle hour is chilling.,8.9
s0477,Night Ferry Redux,2006,"Ninety minutes, no padding. That long hallway shot is not unsettling. The ending is eerie.",5.5
s0478,Night Market,2008,The sound design is chilling. The premise is gruesome. The whole thing is never bloody. The ending is unsettling. Every beat is not remotely haunting. The cast is doing real work here.,6.0
s0479,Pale Harbour,2002,That long hallway shot is never ominous. The ending is brutal. The first half is gory. Shot on 16mm and it shows. The sound design is tedious. Every beat is never once unsettling.,3.1
s0480,Green Tower Returns,2023,"The atmosphere is creepy. The final scene is not haunting. I saw it in a full theatre, which helped.",5.2
s0481,The House III,2017,Worth seeing with an audience. The score is haunting. The final scene is never once creepy. The pacing is predictable. The third act is tame. The cast is doing real work here.,3.2
s0482,Low Hollow III,2013,"I saw it in a full theatre, which helped. The premise is chilling. The final scene is haunting. The score is eerie.",7.8
s0483,Bright Garden Redux,2002,"The premise is unsettling. The middle hour is hardly boring. That long hallway shot is tedious. The pacing is sinister. I saw it in a full theatre, which helped. The cast play it never once gory.",7.4
s0484,Grey Hour II,2016,That long hallway shot is not tedious. The trailer gives away too much. The premise is not creepy. The final scene is gruesome.,6.0
s0485,Long Orchard II',2010,"The third act is never boring. I saw it in a full theatre, which helped. Worth seeing with an audience. The premise is not tedious. The sound design is not remotely creepy.",5.2
s0486,Salt Well Returns,2007,Worth seeing with an audience. The first half is gruesome. The third act is terrifying. The sound design is never ominous. The score is eerie.,6.2
s0487,Grey Hour Redux,2020,"Every beat is gory. The ending is never once gruesome. The whole thing is tame. Ninety minutes, no padding. Shot on 16mm and it shows. The score is unsettling.",5.8
s0488,Deep Door,2008,"I saw it in a full theatre, which helped. The score is silly. The ending is terrifying.",5.6
s0489,Far Mirror Redux,2006,Shot on 16mm and it shows. The pacing is hardly tame. The score is eerie. The third act is creepy. The atmosphere is sinister.,8.0
s0490,Low Tide,2022,The soundtrack is doing a lot of work. The whole thing is never unsettling. The third act is not gory. The director clearly loves the genre. The pacing is eerie. That long hallway shot is gruesome. The middle hour is ominous.,6.2
s0491,The Mirror,2023,The score is eerie. The pacing is sinister. The third act is grisly. The cast is doing real work here. The atmosphere is unsettling.,8.2
s0492,Green Valley,2021,The whole thing is grisly. The first half is haunting. The middle hour is sinister. The ending is ominous. The cast is doing real work here. The trailer gives away too much. The premise is never gruesome.,8.7
s0493,Black Room Redux',2024,The score is hardly gory. The sound design is grisly. The first half is eerie. The trailer gives away too much.,7.0
s0494,The Signal Returns,2019,"Every beat is not remotely haunting. The premise is gory. The pacing is not terrifying. I saw it in a full theatre, which helped.",3.4
s0495,Cold Light Redux,2010,Shot on 16mm and it shows. The first half is terrifying. The sound design is unsettling. The director clearly loves the genre.,6.9
s0496,Bitter Ferry,2006,The sound design is not especially haunting. The pacing is eerie. The third act is silly. The first half is chilling. The middle hour is hardly gory. The soundtrack is doing a lot of work. The atmosphere is grisly. Every beat is tame.,5.1
s0497,Night Tower III',2008,"The director clearly loves the genre. The cast play it ominous. Every beat is eerie. That long hallway shot is sinister. I saw it in a full theatre, which helped. The first half is tedious. The premise is never once gruesome.",7.3
s0498,Far Room II,2010,"I saw it in a full theatre, which helped. Every beat is hardly gruesome. The third act is never brutal. The whole thing is silly. The final scene is chilling. The sound design is tame. The director clearly loves the genre.",4.1
s0499,Salt Tower,2010,"Every beat is boring. The third act is haunting. The pacing is gruesome. The ending is sinister. Ninety minutes, no padding.",6.4
s0500,Old Signal Returns,2006,"I saw it in a full theatre, which helped. Every beat is chilling. The whole thing is never once unsettling. The soundtrack is doing a lot of work. The cast play it gruesome.",5.8
s0501,Old Valley III,1998,"I saw it in a full theatre, which helped. The score is silly. The sound design is not tame. The middle hour is grisly. Every beat is gruesome.",5.2
s0502,Bright Hour,2014,"Every beat is gruesome. The soundtrack is doing a lot of work. That long hallway shot is not brutal. Ninety minutes, no padding.",5.7
s0503,Hollow Lantern III,2004,The middle hour is not especially silly. The third act is eerie. That long hallway shot is hardly unsettling. The final scene is brutal. The soundtrack is doing a lot of work. The score is terrifying. The pacing is grisly.,8.1
s0504,Green Market,2001,"The ending is brutal. The final scene is terrifying. Ninety minutes, no padding. The third act is eerie. The score is grisly. Shot on 16mm and it shows.",8.2
s0505,Night Ferry Redux',2007,That long hallway shot is tame. The pacing is not creepy. The score is not haunting. The ending is grisly. The premise is tedious. The trailer gives away too much.,2.2
s0506,Bitter Lantern II',1998,The sound design is silly. That long hallway shot is grisly. The cast is doing real work here. Worth seeing with an audience. The middle hour is predictable.,4.6
s0507,Wild Market,2017,The middle hour is tame. The pacing is creepy. Every beat is chilling. The soundtrack is doing a lot of work. The director clearly loves the genre.,5.9
s0508,Salt Station III,2003,The middle hour is hardly unsettling. The third act is never terrifying. The director clearly loves the genre.,3.2
s0509,Pale Hour,2011,The soundtrack is doing a lot of work. The trailer gives away too much. That long hallway shot is boring. The premise is never gruesome.,4.6
s0510,Bitter Room,2023,The whole thing is eerie. The pacing is never once gruesome. The cast is doing real work here. Shot on 16mm and it shows. The cast play it brutal.,5.9
s0511,The Hollow,2004,The cast play it gruesome. The final scene is sinister. The trailer gives away too much. The score is gory.,7.4
s0512,Cold Orchard Returns,2000,Every beat is tedious. The pacing is not remotely chilling. The soundtrack is doing a lot of work. The whole thing is sinister.,4.6
s0513,Low Hour,2014,"The sound design is tedious. The premise is chilling. The soundtrack is doing a lot of work. The pacing is boring. Ninety minutes, no padding. The whole thing is creepy.",5.5
s0514,Night Light Redux',2009,The premise is terrifying. The cast is doing real work here. The third act is eerie. The middle hour is brutal. The trailer gives away too much.,7.7
s0515,Grey Field III,2015,Worth seeing with an audience. The ending is bloody. The atmosphere is never boring. The score is unsettling. The trailer gives away too much. Every beat is tame. The sound design is not remotely gruesome. The first half is eerie.,7.5
s0516,Bright Field III',2006,"That long hallway shot is gory. Worth seeing with an audience. Ninety minutes, no padding. The sound design is silly. The third act is hardly brutal. The first half is chilling.",5.6
s0517,Last Orchard II,2018,"I saw it in a full theatre, which helped. Every beat is ominous. The first half is sinister. The ending is not remotely gory. The atmosphere is boring.",6.7
s0518,Small Station Returns,2010,"The final scene is never once tame. Ninety minutes, no padding. The whole thing is not silly.",6.3
s0519,Bitter Lantern Redux,2000,The premise is gruesome. The middle hour is not remotely chilling. The ending is silly. Worth seeing with an audience.,3.1
s0520,Low Garden Returns,2008,The score is sinister. The middle hour is tedious. The pacing is never once unsettling. The ending is gory. The trailer gives away too much.,4.7
s0521,Bitter Hour,2024,The cast play it not especially eerie. The pacing is gruesome. The middle hour is chilling. The atmosphere is sinister. The third act is never once grisly. Shot on 16mm and it shows.,6.4
s0522,Small Door,2020,The middle hour is gory. The whole thing is haunting. The trailer gives away too much. The cast is doing real work here. The ending is brutal.,6.6
s0523,Quiet Orchard II,2022,The whole thing is haunting. The trailer gives away too much. The cast is doing real work here.,5.6
s0524,Old House,2022,The middle hour is not unsettling. That long hallway shot is not especially sinister. The first half is gory. Worth seeing with an audience. The ending is not remotely tame. The final scene is grisly.,4.6
s0525,Pale Well Returns',2008,The pacing is predictable. Worth seeing with an audience. The atmosphere is ominous. The cast play it bloody.,5.5
s0526,Old Room,2008,The pacing is predictable. The premise is eerie. The sound design is grisly. The soundtrack is doing a lot of work.,5.9
s0527,Small Station Redux,2002,The whole thing is never once sinister. The ending is creepy. The cast is doing real work here. That long hallway shot is not bloody. The cast play it not especially haunting.,3.6
s0528,Low Mirror Returns,2011,The trailer gives away too much. Worth seeing with an audience.,4.9
s0529,Wild Tower,2014,"The first half is bloody. The trailer gives away too much. That long hallway shot is not remotely brutal. The sound design is boring. I saw it in a full theatre, which helped. The final scene is not especially sinister.",3.0
s0530,Bright Woods,2024,The soundtrack is doing a lot of work. The score is not remotely haunting. The atmosphere is tedious. The sound design is not tame. The cast play it hardly terrifying.,3.2
s0531,Winter Hollow,2000,"That long hallway shot is not brutal. Every beat is tame. I saw it in a full theatre, which helped. The sound design is eerie. Shot on 16mm and it shows. The ending is unsettling.",6.0
s0532,Bright Field II,2009,"Ninety minutes, no padding. The score is creepy. I saw it in a full theatre, which helped. The pacing is never once gory. The first half is never once ominous.",5.1
s0533,Pale Field Redux,2023,The first half is not creepy. The cast is doing real work here. The score is haunting.,5.0
s0534,Last Coast,2001,The soundtrack is doing a lot of work. The final scene is hardly brutal.,4.5
s0535,Green Door Returns,2007,"The pacing is terrifying. Ninety minutes, no padding. The cast is doing real work here.",6.1
s0536,Grey Hour Redux',2018,The whole thing is gruesome. Shot on 16mm and it shows. The premise is not especially ominous. The middle hour is tedious. Every beat is brutal.,4.9
s0537,Old Valley II,2005,The whole thing is eerie. The trailer gives away too much. The premise is grisly. The middle hour is gory. The cast play it sinister. The final scene is haunting.,9.4
s0538,Quiet Bridge II,2020,"The atmosphere is not remotely unsettling. The cast play it tame. The sound design is gruesome. The pacing is eerie. The first half is predictable. Ninety minutes, no padding. The final scene is brutal. I saw it in a full theatre, which helped.",4.3
s0539,Cold Bridge II,2009,"The pacing is never once tedious. The ending is never once eerie. The soundtrack is doing a lot of work. I saw it in a full theatre, which helped. The premise is not remotely silly. The middle hour is unsettling. The cast play it chilling. The final scene is brutal.",8.5
s0540,Near Harbour,2021,The ending is never once eerie. The atmosphere is hardly tedious. The score is chilling. The first half is never silly. The pacing is unsettling. The trailer gives away too much.,7.4
s0541,The House III',2008,"The pacing is not remotely boring. The atmosphere is chilling. Ninety minutes, no padding. The whole thing is eerie. The sound design is never tame.",8.2
s0542,Pale Hollow II,2007,Shot on 16mm and it shows. The atmosphere is boring. Every beat is gory. The whole thing is terrifying. The third act is creepy. The final scene is chilling.,8.0
s0543,The Hour II,2007,The trailer gives away too much. Shot on 16mm and it shows. The pacing is never boring. The ending is sinister.,6.7
s0544,The Door,2008,"That long hallway shot is not brutal. The premise is gory. I saw it in a full theatre, which helped. The first half is chilling.",6.5
s0545,Last Signal III,2002,"The premise is brutal. I saw it in a full theatre, which helped. The director clearly loves the genre.",5.9
s0546,Low Chapel,2000,The director clearly loves the genre. The score is never sinister.,4.1
s0547,Blue Ferry,2013,The trailer gives away too much. The final scene is never brutal. The whole thing is haunting. The first half is chilling. The score is grisly. The cast play it not especially creepy. The third act is never boring.,7.4
s0548,Winter Door,2008,The sound design is not haunting. The soundtrack is doing a lot of work. The director clearly loves the genre. The atmosphere is bloody.,4.8
s0549,Pale Tide III,2000,The trailer gives away too much. The cast play it gruesome. The cast is doing real work here. The atmosphere is sinister. The sound design is hardly bloody. The premise is haunting. The final scene is not especially predictable. The middle hour is unsettling.,8.7
s0550,Blue Hollow,2010,"The first half is terrifying. The third act is silly. The cast play it not especially gory. The ending is tame. That long hallway shot is bloody. The sound design is never once unsettling. The cast is doing real work here. Ninety minutes, no padding.",3.7
s0551,Hollow House,1999,The cast play it ominous. The cast is doing real work here. The final scene is eerie.,7.1
s0552,Low Hollow II',2011,The atmosphere is hardly brutal. The premise is not boring. The third act is never grisly. The sound design is chilling. Worth seeing with an audience.,6.0
s0553,Long Room,1999,The first half is chilling. The score is tame. The trailer gives away too much. Every beat is eerie.,6.2
s0554,Salt Chapel,1999,"The cast play it gruesome. The whole thing is haunting. The third act is terrifying. The director clearly loves the genre. I saw it in a full theatre, which helped.",7.0
s0555,Cold Garden II,2000,"I saw it in a full theatre, which helped. The cast play it never haunting.",4.3
s0556,Salt Well III,2008,Every beat is hardly silly. The director clearly loves the genre. The pacing is haunting. The ending is not especially chilling. The atmosphere is predictable.,5.3
s0557,Quiet Garden,2002,The cast is doing real work here. That long hallway shot is chilling. The trailer gives away too much. The sound design is tedious.,5.6
s0558,Bright Well,2003,The third act is not remotely chilling. The ending is never terrifying. The soundtrack is doing a lot of work. The score is bloody.,3.1
s0559,Deep Ferry III,2011,"The cast play it ominous. The sound design is never once unsettling. Ninety minutes, no padding.",4.5
s0560,Winter Station Redux,2022,The soundtrack is doing a lot of work.,5.1
s0561,Cold Field,2018,"The atmosphere is sinister. Ninety minutes, no padding. The cast is doing real work here. The first half is not ominous. The premise is not remotely unsettling.",4.1
s0562,Red Door II,2023,The cast play it never once predictable. Every beat is tedious. The pacing is never gruesome. The cast is doing real work here.,5.0
s0563,Near Valley,2007,"The middle hour is sinister. The whole thing is not especially chilling. The premise is never once predictable. The score is brutal. The cast play it haunting. I saw it in a full theatre, which helped.",7.0
s0564,Green Field Returns,2004,"Every beat is never once silly. The atmosphere is sinister. The final scene is tame. The director clearly loves the genre. Ninety minutes, no padding.",6.5
s0565,Wild Garden III',2009,The premise is gruesome. The whole thing is unsettling. Worth seeing with an audience. The third act is ominous. The score is not brutal.,7.6
s0566,Low Harbour Redux,2007,The ending is sinister. That long hallway shot is predictable. The cast play it eerie. The atmosphere is boring. Shot on 16mm and it shows. The final scene is terrifying.,6.4
s0567,Blue Bridge Redux,2021,The score is eerie. The ending is not especially creepy. The trailer gives away too much.,4.8
s0568,Far Room II',2009,"The final scene is silly. The first half is tame. The premise is unsettling. I saw it in a full theatre, which helped. The sound design is never eerie.",3.5
s0569,Grey Garden II,2011,"The atmosphere is brutal. The third act is haunting. The cast play it gruesome. I saw it in a full theatre, which helped. The director clearly loves the genre. The premise is creepy. That long hallway shot is never once chilling.",6.5
s0570,Bright Bridge II',2010,The first half is unsettling. The score is not remotely gory. That long hallway shot is grisly. The middle hour is tame. The cast is doing real work here.,5.5
s0571,Quiet Mirror III,2021,The premise is predictable. Every beat is gruesome. The director clearly loves the genre. The sound design is tame. The atmosphere is sinister. The score is terrifying.,6.6
s0572,Long Mirror,2002,The sound design is eerie. The cast is doing real work here. Every beat is tedious. The ending is hardly sinister.,5.0
s0573,Old Market II,2005,The cast play it not especially haunting. The pacing is not especially bloody. The score is eerie. The third act is unsettling. The first half is not gory. Shot on 16mm and it shows. The soundtrack is doing a lot of work.,5.4
s0574,Old Signal Returns',2016,The ending is hardly eerie. The whole thing is sinister. The score is not remotely predictable. The premise is silly. The cast is doing real work here.,5.2
s0575,Grey Lantern III,2005,The cast is doing real work here. Worth seeing with an audience. The sound design is gruesome. The ending is eerie. The middle hour is not creepy. The pacing is boring. The whole thing is not remotely tedious.,5.1
s0576,Quiet Room,2016,The premise is haunting. That long hallway shot is not creepy. Shot on 16mm and it shows.,5.0
s0577,Green Orchard,2023,"I saw it in a full theatre, which helped. The trailer gives away too much. The first half is not especially ominous. The premise is boring. Every beat is grisly.",3.5
s0578,Far Bridge III,2023,"The third act is not remotely boring. Every beat is not remotely sinister. The cast play it not terrifying. I saw it in a full theatre, which helped. That long hallway shot is not remotely predictable.",4.9
s0579,Night Field III',2019,The sound design is tedious. The third act is not brutal. The trailer gives away too much.,3.8
s0580,Small Bridge,2003,"Ninety minutes, no padding. The director clearly loves the genre. The cast play it tame. The whole thing is creepy.",5.7
s0581,Deep Signal Returns,2019,"The director clearly loves the genre. I saw it in a full theatre, which helped.",5.5
s0582,Night Ferry III,2017,That long hallway shot is gory. The trailer gives away too much. The third act is hardly grisly. The cast is doing real work here.,4.6
s0583,Green Bridge Returns,2005,"The whole thing is never once gory. Ninety minutes, no padding. The premise is haunting.",5.8
s0584,Bright Tide II,2004,The pacing is eerie. The cast is doing real work here. The atmosphere is grisly.,6.4
s0585,Far Garden,2000,"The middle hour is never silly. Every beat is not remotely bloody. I saw it in a full theatre, which helped. The cast play it hardly ominous. The score is not remotely eerie.",3.4
s0586,Cold Harbour,2003,The score is hardly tedious. The cast play it silly. The atmosphere is brutal. The trailer gives away too much. The soundtrack is doing a lot of work.,5.3
s0587,Wild House II,2004,Every beat is chilling. Shot on 16mm and it shows. The ending is terrifying. Worth seeing with an audience. The cast play it never tedious. That long hallway shot is bloody. The score is not sinister. The premise is gory.,7.8
s0588,Deep Garden,2017,The first half is tame. The cast is doing real work here. The whole thing is creepy. The third act is silly. The premise is not grisly.,4.5
s0589,Far House,2017,The whole thing is never unsettling. The soundtrack is doing a lot of work. The sound design is grisly. Every beat is gruesome.,4.9
s0590,Night Well III',2023,The trailer gives away too much. The whole thing is never gruesome.,4.9
s0591,Hollow Lantern Returns,2016,"The first half is not remotely haunting. I saw it in a full theatre, which helped. The cast play it sinister.",5.7
s0592,Long Bridge,2001,"The middle hour is eerie. The third act is never once tedious. I saw it in a full theatre, which helped. The final scene is haunting.",7.8
s0593,Green Light,2024,"I saw it in a full theatre, which helped. The whole thing is not especially predictable. The middle hour is haunting. Every beat is sinister. The soundtrack is doing a lot of work. That long hallway shot is not remotely gruesome. The final scene is terrifying.",8.3
s0594,Grey Chapel III,2013,The soundtrack is doing a lot of work. That long hallway shot is grisly.,5.3
s0595,Night Ferry III',2010,The middle hour is bloody. The first half is tedious. Every beat is gory. The score is never once haunting. The third act is unsettling. Worth seeing with an audience. That long hallway shot is creepy.,6.4
s0596,Small Room Redux,2015,The soundtrack is doing a lot of work. The premise is tame. The score is never ominous. The atmosphere is gruesome. The cast play it hardly grisly. Every beat is tedious. The sound design is creepy.,4.2
s0597,Long Tower II,2000,"The final scene is silly. The sound design is never tedious. Ninety minutes, no padding. I saw it in a full theatre, which helped.",5.4
s0598,Blue Tower II,2024,The director clearly loves the genre. The pacing is tedious.,5.1
s0599,Cold Harbour III,2016,The score is hardly sinister. The final scene is unsettling. The soundtrack is doing a lot of work. That long hallway shot is not remotely eerie.,4.3
s0600,Small Woods,2024,The cast play it never tedious. Shot on 16mm and it shows. The first half is brutal. Every beat is grisly. The final scene is tame.,6.3
s0601,Old Signal II',2009,"Ninety minutes, no padding. Worth seeing with an audience. The cast play it never once unsettling.",4.5
s0602,Old Valley III',2023,Worth seeing with an audience. The score is gruesome. The trailer gives away too much.,5.2
s0603,Small Well Redux,2017,The third act is haunting. The trailer gives away too much. Worth seeing with an audience. The first half is boring.,5.6
s0604,Grey Signal,2012,Every beat is grisly. The soundtrack is doing a lot of work. The premise is not remotely sinister.,4.8
s0605,Green Mirror,2007,The cast is doing real work here. The first half is sinister. Every beat is haunting. The middle hour is bloody.,8.2
s0606,Pale Valley,2012,"The ending is hardly chilling. The pacing is not brutal. That long hallway shot is unsettling. The director clearly loves the genre. The score is terrifying. I saw it in a full theatre, which helped.",5.8
s0607,Near Hour Redux,2001,The pacing is chilling. The ending is never tedious. The director clearly loves the genre. The score is creepy. The atmosphere is bloody. The cast is doing real work here.,7.3
s0608,Low Field Redux,2006,The first half is sinister. The soundtrack is doing a lot of work. The sound design is terrifying.,7.0
s0609,Bright Lantern,2009,The middle hour is never once unsettling. The soundtrack is doing a lot of work. That long hallway shot is never once ominous. The final scene is gory. The ending is boring.,2.9
s0610,Near Coast II,2011,The score is eerie. The trailer gives away too much. The whole thing is ominous. The final scene is gory. The premise is silly.,6.8
s0611,Pale Bridge III,2023,The director clearly loves the genre. The cast is doing real work here. The ending is never sinister. The final scene is chilling. The score is ominous. The cast play it gruesome. The sound design is grisly.,6.4
s0612,Night Bridge III,2024,The final scene is tame. The atmosphere is grisly. The middle hour is never gory. The sound design is silly. Shot on 16mm and it shows.,4.5
s0613,Night Well III'',2018,Shot on 16mm and it shows. The ending is terrifying. The score is never once tame. The atmosphere is sinister.,8.5
s0614,Deep Room Returns,2023,The score is grisly. The sound design is terrifying. The soundtrack is doing a lot of work. The atmosphere is tame. Every beat is gruesome. The whole thing is hardly predictable. The cast is doing real work here.,7.1
s0615,Winter Hollow II,2016,"The premise is hardly creepy. That long hallway shot is hardly ominous. Worth seeing with an audience. Ninety minutes, no padding. The pacing is not chilling.",1.9
s0616,Pale Coast,2012,That long hallway shot is tame. The trailer gives away too much. The cast play it bloody. The premise is hardly eerie.,4.1
s0617,Hollow Chapel,2014,"The third act is grisly. The pacing is gory. The premise is hardly tame. The ending is tedious. Ninety minutes, no padding.",6.4
s0618,Blue Woods Redux,2019,"Ninety minutes, no padding. The cast play it eerie. The ending is bloody. The cast is doing real work here. The score is not creepy. The first half is not especially boring.",6.3
s0619,Small Chapel Returns',2022,The first half is gruesome. The ending is not remotely chilling. That long hallway shot is bloody. Every beat is predictable. The atmosphere is hardly tedious. Worth seeing with an audience.,5.0
s0620,Far Woods III,2003,"The middle hour is tedious. The ending is never once bloody. Ninety minutes, no padding. The premise is not remotely unsettling. The score is not especially eerie. The whole thing is boring.",1.8
s0621,Small Market,2012,Worth seeing with an audience. That long hallway shot is boring. The first half is chilling. The score is hardly tame. The cast play it brutal.,6.8
s0622,Small Garden,2013,"The trailer gives away too much. The ending is never tame. Ninety minutes, no padding. The first half is grisly. The sound design is not remotely predictable.",6.9
s0623,Cold Signal II,2002,The final scene is ominous. The score is gory. The trailer gives away too much. The atmosphere is gruesome. The third act is terrifying.,8.3
s0624,Green Woods,2008,The middle hour is grisly. The atmosphere is never once tedious. The cast is doing real work here.,6.0
s0625,Low Mirror Redux,2001,The pacing is not remotely brutal. The cast play it tame. The final scene is haunting. The score is not tedious. Shot on 16mm and it shows. The first half is creepy.,7.6
s0626,Old Well Redux',2009,Worth seeing with an audience. The atmosphere is bloody. The final scene is chilling. The pacing is never once boring. The cast play it haunting. The middle hour is not ominous.,7.4
s0627,Pale Field Returns,2024,"The final scene is not especially gory. The sound design is not remotely silly. The ending is tame. Ninety minutes, no padding.",5.2
s0628,Low Woods Returns,2019,The first half is sinister. The trailer gives away too much. The cast play it predictable. The atmosphere is chilling.,7.2
s0629,Bitter Ferry II,2007,The score is silly. The premise is haunting. The atmosphere is chilling. The sound design is not especially unsettling. The cast play it brutal. The trailer gives away too much. Shot on 16mm and it shows.,6.7
s0630,Green Ferry,2003,The whole thing is never once eerie. The cast is doing real work here. The score is never tedious. Every beat is bloody. Worth seeing with an audience. The atmosphere is not remotely gory. The middle hour is not especially unsettling. That long hallway shot is predictable.,4.3
s0631,Hollow Market,2007,"The first half is haunting. The whole thing is never ominous. The premise is gory. The sound design is silly. The ending is eerie. Ninety minutes, no padding.",5.9
s0632,Grey Mirror,2004,The whole thing is not eerie. Worth seeing with an audience. The cast play it never tedious. The pacing is gory. The atmosphere is boring.,4.9
s0633,Low Mirror Redux',2003,The middle hour is eerie. The cast play it chilling. Worth seeing with an audience. The final scene is never bloody. The first half is haunting.,7.6
s0634,Bright Woods III,2009,"The first half is bloody. The whole thing is chilling. The premise is brutal. The director clearly loves the genre. Ninety minutes, no padding.",7.0
s0635,Last Light III,2015,Every beat is never eerie. The trailer gives away too much. Worth seeing with an audience.,4.5
s0636,Red Garden Redux,2013,The soundtrack is doing a lot of work. The score is gruesome. The third act is not especially sinister. The whole thing is hardly bloody. The sound design is boring. The premise is never once tedious.,4.2
s0637,Pale Hour Returns,2006,The director clearly loves the genre. The sound design is unsettling. The third act is sinister. The premise is silly. The middle hour is predictable.,6.1
s0638,Bright Orchard Redux,2007,That long hallway shot is haunting. The trailer gives away too much. The atmosphere is sinister. The score is not terrifying.,6.1
s0639,Salt Lantern III,2005,Worth seeing with an audience. The ending is hardly gory. Shot on 16mm and it shows.,5.1
s0640,Grey Station II,2012,"Ninety minutes, no padding. The third act is never once boring. The first half is not especially gruesome. The premise is not remotely sinister. Shot on 16mm and it shows. The score is not haunting. The ending is brutal.",4.1
s0641,Near Tide II,2014,"The first half is eerie. The cast play it terrifying. Ninety minutes, no padding. I saw it in a full theatre, which helped.",7.3
s0642,The Tide Redux,2002,"Worth seeing with an audience. The final scene is grisly. The premise is not especially chilling. Ninety minutes, no padding. The whole thing is ominous.",6.1
s0643,Low Ferry,2022,"I saw it in a full theatre, which helped. The final scene is terrifying. The cast play it tame. The middle hour is gory.",5.9
s0644,Wild Light,2017,The whole thing is tame. Every beat is not remotely boring. The cast play it sinister. The soundtrack is doing a lot of work.,6.3
s0645,Long Valley II,2000,"The premise is haunting. The pacing is unsettling. Every beat is not especially gory. Ninety minutes, no padding. The middle hour is grisly. The sound design is not predictable. I saw it in a full theatre, which helped.",7.0
s0646,Bright Station,2000,The pacing is tedious. The trailer gives away too much. Worth seeing with an audience. The third act is not remotely silly. The ending is never eerie.,4.1
s0647,Old Orchard III,2019,The ending is not chilling. The middle hour is brutal. The whole thing is boring. The final scene is silly. Shot on 16mm and it shows. The trailer gives away too much.,3.1
s0648,Winter Orchard Redux,2003,"The first half is hardly silly. Ninety minutes, no padding. The soundtrack is doing a lot of work.",6.5
s0649,Old Woods,2005,The atmosphere is hardly brutal. The whole thing is boring. The score is haunting. The trailer gives away too much.,5.5
s0650,Small Station II,1998,The soundtrack is doing a lot of work. The director clearly loves the genre. That long hallway shot is boring.,4.7
s0651,Night Room Returns',2016,The premise is creepy. The cast is doing real work here. The sound design is sinister.,7.9
s0652,The Hollow II,1998,The sound design is predictable. The atmosphere is eerie. The whole thing is never tame. The third act is haunting. The pacing is gory. The cast is doing real work here. The cast play it not sinister.,7.0
s0653,The Ferry III,2000,The cast is doing real work here. The middle hour is gruesome. The first half is boring.,4.4
s0654,Bright Orchard Returns,2018,The whole thing is grisly. The trailer gives away too much. That long hallway shot is tame. The director clearly loves the genre. The final scene is creepy.,5.7
s0655,The Tide Returns,2020,The first half is eerie. Worth seeing with an audience. The atmosphere is terrifying. The cast play it grisly.,7.1
s0656,Old Ferry Redux',2001,The third act is hardly chilling. The final scene is never boring. The pacing is never gory. The ending is not creepy. The soundtrack is doing a lot of work. The first half is predictable. The premise is unsettling.,3.6
s0657,Deep Orchard Redux,2023,The middle hour is never unsettling. The pacing is gruesome. The trailer gives away too much. The director clearly loves the genre.,4.6
s0658,Bitter Chapel II',2011,The ending is gory. Worth seeing with an audience. The atmosphere is haunting. The score is ominous.,8.5
s0659,Old Harbour,2014,The cast is doing real work here. The atmosphere is brutal. That long hallway shot is never sinister. The third act is bloody. The premise is hardly haunting. The whole thing is not remotely creepy.,2.9
s0660,Pale Ferry,2010,The ending is chilling. The score is never once tame. The trailer gives away too much. The premise is eerie. The middle hour is never silly. The director clearly loves the genre. The cast play it creepy.,8.8
s0661,Quiet Light III',2023,"I saw it in a full theatre, which helped. The middle hour is ominous. The atmosphere is predictable. Worth seeing with an audience.",4.8
s0662,Deep House II,2021,The atmosphere is chilling. The final scene is hardly eerie. The cast is doing real work here. The score is gory. The middle hour is not remotely silly. The cast play it hardly tame.,6.8
s0663,Quiet Signal Redux,1998,"I saw it in a full theatre, which helped. The soundtrack is doing a lot of work. That long hallway shot is ominous. The atmosphere is chilling. The whole thing is boring. The ending is hardly predictable. Every beat is unsettling.",7.6
s0664,Night Tower II,2022,The first half is grisly. The final scene is not remotely tedious. The soundtrack is doing a lot of work. Every beat is not bloody.,5.4
s0665,Low Tide II,2021,The first half is gruesome. The final scene is gory. Worth seeing with an audience. The atmosphere is never chilling. That long hallway shot is never ominous.,4.1
s0666,Near House III,2001,The cast play it terrifying. The atmosphere is never once predictable. The score is haunting. The cast is doing real work here.,8.1
s0667,The House III'',2012,The whole thing is tedious. The ending is not brutal. The sound design is gruesome. Worth seeing with an audience. That long hallway shot is eerie. The cast is doing real work here. The first half is tame.,3.9
s0668,Cold Lantern,2015,The final scene is not especially brutal. The middle hour is tedious. The premise is hardly silly. The pacing is creepy. Shot on 16mm and it shows. That long hallway shot is ominous.,7.3
s0669,Salt Harbour,2011,The trailer gives away too much. The pacing is never once chilling.,4.2
s0670,Pale Garden III,2011,The cast is doing real work here. The pacing is not unsettling. The third act is not bloody. The ending is not especially silly. The score is tedious. The middle hour is haunting. The final scene is not especially eerie.,4.1
s0671,The Well,2000,"Ninety minutes, no padding. The first half is haunting. The final scene is terrifying. The pacing is grisly. The middle hour is creepy. That long hallway shot is hardly silly. Every beat is boring.",9.0
s0672,Near Door,2012,The cast play it eerie. The first half is grisly. Every beat is unsettling. The sound design is hardly gory. The premise is chilling. The cast is doing real work here.,8.6
s0673,Night Ferry II,1998,Every beat is haunting. The atmosphere is chilling. Worth seeing with an audience. The premise is boring. The first half is silly.,6.5
s0674,Pale Valley III,2008,The director clearly loves the genre. The trailer gives away too much. The atmosphere is unsettling. The score is gory. The third act is tame. Every beat is never once chilling. The middle hour is sinister.,6.4
s0675,Cold House Redux,2019,"The atmosphere is haunting. I saw it in a full theatre, which helped. The pacing is never once chilling. Shot on 16mm and it shows. The middle hour is terrifying.",7.0
s0676,Far Harbour,2001,"The score is creepy. The sound design is not remotely haunting. The ending is predictable. The cast play it brutal. Ninety minutes, no padding. Every beat is gory.",4.6
s0677,Grey Bridge II,2005,The score is sinister. The soundtrack is doing a lot of work. The sound design is not especially gory. The cast is doing real work here. Every beat is tame. The middle hour is hardly terrifying. The first half is ominous.,5.7
s0678,Black Tower Redux',2013,"Ninety minutes, no padding. The cast play it not silly. The score is boring. The whole thing is creepy. The premise is not especially terrifying. The pacing is bloody.",5.9
s0679,Small Lantern,2009,Shot on 16mm and it shows. Worth seeing with an audience. The final scene is never once predictable.,5.9
s0680,Old Ferry Returns,2010,"Shot on 16mm and it shows. The first half is sinister. Ninety minutes, no padding.",6.6
s0681,Small Bridge Returns,2014,The director clearly loves the genre. That long hallway shot is not predictable. The first half is not especially chilling.,4.7
s0682,Cold Signal III,1999,The cast play it terrifying. The director clearly loves the genre. The final scene is not grisly. The atmosphere is brutal. That long hallway shot is eerie. Shot on 16mm and it shows.,6.8
s0683,The Bridge,2000,The ending is unsettling. The middle hour is bloody. The trailer gives away too much. The first half is creepy. The score is terrifying. The pacing is grisly.,9.0
s0684,Grey Door III',2023,Worth seeing with an audience. The ending is never once ominous. The whole thing is eerie. The trailer gives away too much.,5.5
s0685,Winter Door Returns,2000,That long hallway shot is not sinister. The sound design is hardly creepy. The ending is haunting. The atmosphere is gory. The whole thing is not especially silly. The cast is doing real work here. The soundtrack is doing a lot of work. The score is never brutal.,4.9
s0686,Last Mirror III,2010,"The middle hour is terrifying. The premise is predictable. Ninety minutes, no padding. That long hallway shot is sinister. The cast is doing real work here. The sound design is ominous.",7.8
s0687,Low Chapel Returns,2022,The sound design is bloody. The premise is eerie. The final scene is never once haunting. Every beat is gory. The first half is tedious. The soundtrack is doing a lot of work. The cast is doing real work here. The third act is sinister.,5.9
s0688,Near Ferry Returns,2015,"The third act is never creepy. The sound design is never once predictable. I saw it in a full theatre, which helped. Worth seeing with an audience. The pacing is boring.",3.6
s0689,Salt Coast Returns,2021,"The middle hour is gruesome. The soundtrack is doing a lot of work. The score is chilling. Ninety minutes, no padding. The third act is ominous. The atmosphere is bloody.",8.0
s0690,Grey House,2024,"The score is brutal. I saw it in a full theatre, which helped. The sound design is predictable. The whole thing is eerie. The middle hour is haunting. The ending is not especially gruesome.",6.4
s0691,Winter Woods,2023,The ending is hardly terrifying. Worth seeing with an audience. The final scene is eerie.,4.9
s0692,Cold Bridge Returns,2021,The trailer gives away too much. The final scene is chilling. The first half is creepy. Shot on 16mm and it shows. The sound design is gruesome. That long hallway shot is hardly eerie.,6.9
s0693,Black Harbour,2000,Worth seeing with an audience. The whole thing is gory. The premise is sinister. The cast is doing real work here. The sound design is tedious.,5.5
s0694,Wild Tower III,2006,The cast is doing real work here. The premise is haunting. The cast play it eerie. The third act is not especially terrifying.,5.9
s0695,Blue Mirror,2010,The premise is chilling. The cast play it not ominous. The trailer gives away too much. The atmosphere is predictable. The third act is eerie.,5.2
s0696,Small Mirror III',2020,"The first half is not especially gruesome. That long hallway shot is bloody. I saw it in a full theatre, which helped. The final scene is unsettling. The pacing is tedious. The premise is not tame. The middle hour is sinister.",7.2
s0697,The Well Returns,2024,"The whole thing is terrifying. The middle hour is predictable. The first half is gory. The final scene is unsettling. The ending is chilling. That long hallway shot is not tame. The director clearly loves the genre. I saw it in a full theatre, which helped.",8.1
s0698,Low Bridge II,2003,The soundtrack is doing a lot of work. The trailer gives away too much. The sound design is never unsettling.,4.2
s0699,Blue Chapel,2012,The cast is doing real work here. The director clearly loves the genre. The cast play it haunting. Every beat is never once boring.,6.8
s0700,Night Bridge II,2006,Worth seeing with an audience. The ending is gruesome. The atmosphere is not remotely eerie. The first half is gory.,4.6
s0701,Black Room Returns,2022,Shot on 16mm and it shows. The pacing is chilling. The cast is doing real work here. That long hallway shot is never once gruesome.,5.3
s0702,Blue Ferry Redux,2000,The cast is doing real work here. The ending is not especially gruesome. The final scene is never once bloody. The whole thing is unsettling. The score is never once terrifying. Every beat is never once tame.,6.1
s0703,Grey Market III,2018,"The middle hour is eerie. Ninety minutes, no padding. Every beat is haunting. The cast play it ominous. I saw it in a full theatre, which helped.",8.5
s0704,Red Hollow III',2010,The soundtrack is doing a lot of work. The middle hour is sinister. The premise is haunting. The director clearly loves the genre.,7.1
s0705,Bright Orchard II,2018,"The middle hour is haunting. I saw it in a full theatre, which helped. Shot on 16mm and it shows. The score is hardly ominous.",5.1
s0706,Bitter Door,2011,"The soundtrack is doing a lot of work. Ninety minutes, no padding. The cast play it eerie. Every beat is haunting. The first half is grisly. That long hallway shot is gory.",7.5
s0707,Pale Valley Returns,2011,That long hallway shot is not haunting. The middle hour is gory. The trailer gives away too much.,4.5
s0708,Cold Garden Returns,2016,The cast is doing real work here. The director clearly loves the genre. The first half is never silly. The score is bloody. The pacing is not remotely sinister.,5.0
s0709,Bright Room III,2004,The ending is not remotely creepy. The score is not remotely gory. Worth seeing with an audience. The whole thing is not ominous.,2.6
s0710,Green House,2008,"I saw it in a full theatre, which helped. The pacing is tame. The premise is predictable. The soundtrack is doing a lot of work.",3.8
s0711,Deep House II',2014,The premise is never unsettling. Worth seeing with an audience. The first half is hardly gruesome. The pacing is silly. The whole thing is hardly terrifying. The cast play it never once brutal. The trailer gives away too much.,1.4
s0712,Blue Light II,2017,The score is chilling. The director clearly loves the genre. The middle hour is never ominous. Every beat is not remotely terrifying. The pacing is not especially grisly. The whole thing is never once silly.,3.9
s0713,Bright Well Returns,2002,"The cast play it never brutal. The director clearly loves the genre. Ninety minutes, no padding. The whole thing is hardly boring. The atmosphere is creepy.",6.3
s0714,Last Woods III,2024,The premise is terrifying. The sound design is predictable. The ending is chilling. The director clearly loves the genre. The final scene is not especially creepy.,5.4
s0715,Pale Ferry II,2001,"The cast play it silly. I saw it in a full theatre, which helped.",4.3
s0716,Quiet House II,2018,"Every beat is tedious. I saw it in a full theatre, which helped. Shot on 16mm and it shows. The score is not especially eerie. The cast play it brutal. The sound design is gory. That long hallway shot is creepy.",5.6
s0717,Long Bridge II,2002,Shot on 16mm and it shows. The soundtrack is doing a lot of work. The atmosphere is grisly.,5.5
s0718,Near Orchard,2001,"Ninety minutes, no padding. The atmosphere is ominous. Every beat is never once boring. That long hallway shot is terrifying.",7.7
s0719,Green Room,2021,Shot on 16mm and it shows. Every beat is bloody.,5.6
s0720,Far Market,2004,The soundtrack is doing a lot of work. The atmosphere is sinister. The cast is doing real work here.,6.0
s0721,Far House III,2020,The cast play it brutal. The director clearly loves the genre. The middle hour is never ominous. The atmosphere is haunting. The sound design is terrifying. The third act is not remotely gruesome. The final scene is not silly. The pacing is not predictable.,7.2
s0722,Black Door,2014,The sound design is terrifying. Shot on 16mm and it shows. The third act is hardly tame. The premise is ominous. The score is eerie.,8.4
s0723,Cold Lantern Redux,2013,"The director clearly loves the genre. The third act is sinister. I saw it in a full theatre, which helped. The whole thing is bloody. The score is terrifying.",6.9
s0724,Black Hollow III,2022,The ending is not remotely tame. The cast is doing real work here. The first half is haunting. That long hallway shot is ominous. The final scene is gory. The middle hour is not terrifying. The score is hardly silly.,8.7
s0725,Small Door II,1998,Every beat is eerie. The sound design is ominous. Shot on 16mm and it shows. The pacing is gruesome. The score is unsettling.,8.8
s0726,Long Lantern,2013,Worth seeing with an audience. The director clearly loves the genre. The whole thing is not especially eerie. The middle hour is ominous. The premise is not remotely tame. The atmosphere is bloody.,5.9
s0727,The Market II,2012,"The ending is hardly sinister. That long hallway shot is bloody. The sound design is never creepy. I saw it in a full theatre, which helped.",3.7
s0728,Bitter Market Returns,2003,The final scene is never boring. Worth seeing with an audience. The director clearly loves the genre. The whole thing is brutal. The sound design is hardly tedious.,7.1
s0729,Blue Valley Returns',2007,The score is brutal. The whole thing is haunting. The middle hour is ominous. Shot on 16mm and it shows.,7.1
s0730,Last Valley Redux,2008,Worth seeing with an audience. The pacing is boring. Shot on 16mm and it shows. The whole thing is gory. The final scene is predictable.,4.6
s0731,Grey Signal Returns,2010,"The ending is not tame. Ninety minutes, no padding. The score is terrifying.",6.9
s0732,The Tower Redux,2010,"That long hallway shot is not remotely silly. I saw it in a full theatre, which helped.",5.5
s0733,Near Orchard II,2009,The final scene is chilling. The whole thing is hardly silly. The ending is brutal. The pacing is gory. The cast is doing real work here. The atmosphere is not especially unsettling.,6.8
s0734,Near Room III',2016,"The cast play it not tedious. I saw it in a full theatre, which helped. The final scene is not especially terrifying. The score is sinister.",5.9
s0735,Near Well Redux,2017,The sound design is gory. The director clearly loves the genre. The third act is boring.,4.7
s0736,Old Ferry Redux'',2000,"The atmosphere is not remotely ominous. Ninety minutes, no padding. The middle hour is terrifying. The director clearly loves the genre. That long hallway shot is gory. Every beat is creepy.",6.8
s0737,Far Coast,2000,The cast play it haunting. The cast is doing real work here. The whole thing is hardly unsettling.,6.0
s0738,Blue Hour II,2013,The whole thing is silly. The trailer gives away too much. The third act is hardly eerie. That long hallway shot is haunting. Every beat is boring.,3.8
s0739,Grey Hour Redux'',2024,The whole thing is hardly gruesome. That long hallway shot is hardly terrifying. The final scene is never haunting. The atmosphere is silly. The soundtrack is doing a lot of work.,2.7
s0740,Black Door Returns,2003,The ending is ominous. That long hallway shot is gory. Worth seeing with an audience.,6.8
s0741,Far Lantern III,2015,"The first half is hardly tedious. The ending is never terrifying. I saw it in a full theatre, which helped. The final scene is unsettling.",6.1
s0742,Green Garden III,2013,The director clearly loves the genre. The pacing is ominous. The whole thing is brutal. The score is chilling.,7.4
s0743,Deep Station Returns,2003,The cast play it not especially haunting. The pacing is not especially brutal. Worth seeing with an audience. The middle hour is never predictable. The score is tedious. The third act is eerie. Shot on 16mm and it shows. Every beat is gruesome.,5.6
s0744,Cold Hour,2002,The cast is doing real work here. The premise is creepy. The atmosphere is not remotely terrifying. Every beat is haunting.,7.1
s0745,Salt Tower Returns,1999,"The third act is creepy. Ninety minutes, no padding. The score is gruesome. That long hallway shot is brutal. Worth seeing with an audience. The whole thing is never once unsettling.",4.9
s0746,Deep Signal III,2006,The first half is sinister. The whole thing is boring. The sound design is bloody. The soundtrack is doing a lot of work. Shot on 16mm and it shows. The middle hour is hardly terrifying. The third act is gory. The final scene is chilling.,6.2
s0747,Grey Bridge Redux,1998,"The atmosphere is bloody. Ninety minutes, no padding. The trailer gives away too much.",5.1
s0748,The Orchard Returns,2016,"The score is grisly. The final scene is sinister. Ninety minutes, no padding. The premise is gory. The soundtrack is doing a lot of work.",7.2
s0749,Old Valley III'',2019,Every beat is eerie. The sound design is not remotely terrifying. The score is grisly. The final scene is creepy. The first half is predictable. The soundtrack is doing a lot of work.,6.2
s0750,Night Garden III,2012,The third act is terrifying. The director clearly loves the genre. The final scene is gruesome. The premise is creepy.,7.6
s0751,Small Orchard Redux,2024,"The ending is ominous. I saw it in a full theatre, which helped. The sound design is never once sinister. The third act is never silly. Every beat is eerie.",5.9
s0752,Pale Hollow II',2002,The final scene is terrifying. The sound design is gory. The atmosphere is gruesome. Every beat is predictable. The trailer gives away too much.,5.9
s0753,Near Hour III,2020,Shot on 16mm and it shows. The ending is gruesome. The sound design is haunting. The director clearly loves the genre.,6.8
s0754,Quiet Station Returns,2014,"The first half is grisly. I saw it in a full theatre, which helped. The soundtrack is doing a lot of work. The atmosphere is boring.",5.0
s0755,Far Room III,2015,The director clearly loves the genre. The score is grisly.,4.7
s0756,Small Station Returns',2006,"I saw it in a full theatre, which helped. The final scene is never once gory. The middle hour is unsettling. That long hallway shot is predictable. The cast play it not remotely ominous. The pacing is hardly boring. The third act is sinister. The sound design is never once gruesome.",5.2
s0757,Black House Returns,2023,The pacing is predictable. The score is never chilling. Shot on 16mm and it shows. The soundtrack is doing a lot of work.,3.1
s0758,Black Field Returns',2019,"The premise is not especially haunting. The ending is boring. Every beat is gruesome. I saw it in a full theatre, which helped. The soundtrack is doing a lot of work. The first half is tedious.",3.2
s0759,Bitter Mirror Returns,2016,The soundtrack is doing a lot of work. Every beat is bloody.,5.3
s0760,Night Garden Returns,2010,"Ninety minutes, no padding. The cast is doing real work here. The premise is ominous. The first half is bloody. The third act is chilling. The final scene is not remotely sinister.",6.3
s0761,Last Light III',2022,The middle hour is not remotely chilling. That long hallway shot is tame. The premise is eerie. The soundtrack is doing a lot of work. The final scene is hardly gruesome. The sound design is sinister. The cast is doing real work here.,5.4
s0762,Black Light,2018,The whole thing is brutal. Worth seeing with an audience. The middle hour is chilling. The soundtrack is doing a lot of work. The cast play it grisly.,7.4
s0763,Near Market II,2009,"The middle hour is not remotely boring. The ending is chilling. Ninety minutes, no padding. The first half is grisly.",6.8
s0764,Grey Bridge Returns,2008,"The middle hour is terrifying. Every beat is eerie. The score is not brutal. Ninety minutes, no padding.",6.4
s0765,Green Tide,2017,"Every beat is gory. Ninety minutes, no padding. The ending is never eerie. The premise is not especially bloody. The director clearly loves the genre.",4.0
s0766,Black Door Redux,2009,The pacing is not remotely brutal. Worth seeing with an audience.,4.6
s0767,Night House II,2006,"Worth seeing with an audience. The cast play it never once tedious. I saw it in a full theatre, which helped.",5.3
s0768,Green Hollow II,2011,"Every beat is never chilling. I saw it in a full theatre, which helped. The third act is never once predictable. The cast play it ominous.",6.2
s0769,Pale Mirror,2002,The third act is never once silly. The atmosphere is tedious. The final scene is not remotely chilling. The premise is never haunting. Shot on 16mm and it shows. That long hallway shot is eerie. The director clearly loves the genre.,4.1
s0770,Bitter Tower III',2018,The final scene is tame. The soundtrack is doing a lot of work. Worth seeing with an audience. The score is eerie. The pacing is silly. The atmosphere is haunting.,5.7
s0771,Low Woods III'',2014,"I saw it in a full theatre, which helped. Worth seeing with an audience. Every beat is boring. The whole thing is never once brutal. The first half is gory. The final scene is silly. That long hallway shot is not sinister.",3.3
s0772,Black Signal Returns,2024,"The trailer gives away too much. That long hallway shot is grisly. Ninety minutes, no padding. The middle hour is hardly unsettling. The score is predictable. The atmosphere is bloody. The sound design is not especially eerie.",3.3
s0773,The Tower Redux',2022,The atmosphere is ominous. Every beat is terrifying. The first half is brutal. That long hallway shot is boring. The soundtrack is doing a lot of work. The cast play it bloody.,6.8
s0774,Bitter Hollow II,2024,Shot on 16mm and it shows. The final scene is never eerie. The atmosphere is bloody. The pacing is never once chilling. The third act is boring. The ending is tame. The first half is gruesome. The soundtrack is doing a lot of work.,2.3
s0775,Bitter Mirror III,2000,The soundtrack is doing a lot of work. The trailer gives away too much. The sound design is not remotely tame.,5.8
s0776,Winter Room,2016,The atmosphere is bloody. The ending is predictable. The trailer gives away too much.,4.5
s0777,Black Light Returns,2023,Shot on 16mm and it shows. The pacing is chilling. The whole thing is never once haunting.,6.2
s0778,Old Lantern,2018,"The pacing is silly. The ending is never bloody. The first half is never once boring. Ninety minutes, no padding. The atmosphere is not grisly. Worth seeing with an audience.",4.3
s0779,Bitter Orchard,2024,"The final scene is terrifying. The score is ominous. Ninety minutes, no padding. The premise is tedious.",7.6
s0780,Long Signal,2017,The soundtrack is doing a lot of work. That long hallway shot is tedious. Every beat is boring. The middle hour is not especially gory. The third act is not brutal.,3.1
s0781,The Door Redux,2001,That long hallway shot is haunting. Shot on 16mm and it shows. The final scene is hardly chilling.,4.2
s0782,The Lantern,2001,"Ninety minutes, no padding. The sound design is not grisly.",4.3
s0783,The Light Returns,2004,The cast is doing real work here. The whole thing is creepy. The director clearly loves the genre. The first half is predictable. The sound design is unsettling. The middle hour is bloody.,6.9
s0784,Winter Room III,2014,The third act is unsettling. The premise is chilling. Every beat is hardly creepy. The atmosphere is not boring. Shot on 16mm and it shows. The director clearly loves the genre.,6.8
s0785,Hollow Hollow,2008,"I saw it in a full theatre, which helped. The pacing is boring. Shot on 16mm and it shows. The atmosphere is sinister. The ending is creepy.",6.6
s0786,Bright Field Returns,2016,"The sound design is terrifying. The score is chilling. The third act is eerie. The pacing is gruesome. The soundtrack is doing a lot of work. I saw it in a full theatre, which helped.",8.9
s0787,Last Chapel Redux,2006,The cast is doing real work here. The pacing is never silly. Every beat is never creepy. The director clearly loves the genre. The premise is never gruesome. That long hallway shot is never ominous. The score is boring.,3.1
s0788,Quiet Lantern,2017,The sound design is tame. The soundtrack is doing a lot of work.,5.2
s0789,Bitter Hollow III,2022,The middle hour is hardly bloody. The trailer gives away too much. The director clearly loves the genre. The premise is silly.,4.3
s0790,Long Coast II,2015,"The score is never once creepy. The whole thing is ominous. The first half is predictable. The premise is terrifying. I saw it in a full theatre, which helped. The final scene is not especially gruesome.",5.0
s0791,Red House,2018,Every beat is haunting. Shot on 16mm and it shows. The final scene is not sinister.,4.9
s0792,Low Signal Redux,1999,The trailer gives away too much. That long hallway shot is tame. The soundtrack is doing a lot of work. The sound design is creepy. The middle hour is not sinister. The atmosphere is not remotely terrifying.,3.1
s0793,Last Room,2022,"The third act is eerie. I saw it in a full theatre, which helped.",7.0
s0794,Pale Orchard II',2018,The ending is silly. Every beat is tedious. The director clearly loves the genre. The whole thing is chilling. Shot on 16mm and it shows. That long hallway shot is haunting. The score is ominous.,7.0
s0795,Wild Hollow,2024,The sound design is grisly. The middle hour is never gory. The atmosphere is haunting. Worth seeing with an audience.,5.6
s0796,Small Tower,2023,The premise is bloody. The final scene is eerie. The third act is sinister. Shot on 16mm and it shows. The middle hour is unsettling. The whole thing is tame. The ending is gory.,8.3
s0797,Red Tower Redux,2022,"I saw it in a full theatre, which helped. Ninety minutes, no padding. The whole thing is gory. The final scene is chilling. The sound design is creepy. The score is haunting. The pacing is predictable.",8.6
s0798,Salt Market II',1998,The first half is ominous. The pacing is boring. The ending is haunting. The score is never once tame. The trailer gives away too much. The third act is brutal. Worth seeing with an audience.,7.5
s0799,Last Station III,2012,The director clearly loves the genre. The sound design is tame. The cast play it not tedious.,5.4
s0800,Old Well Redux'',2011,"The middle hour is not especially eerie. The final scene is sinister. I saw it in a full theatre, which helped. Worth seeing with an audience. That long hallway shot is never once tame. The pacing is tedious.",5.4
s0801,Grey Mirror III,2016,"That long hallway shot is bloody. The middle hour is never once tedious. The pacing is tame. The score is ominous. I saw it in a full theatre, which helped.",7.2
s0802,Green Tower III',2004,Every beat is eerie. Worth seeing with an audience. The ending is not remotely haunting. The score is silly.,5.2
s0803,Green Harbour,2017,The pacing is not sinister. The sound design is boring. The director clearly loves the genre. The trailer gives away too much. The cast play it not remotely silly.,4.1
s0804,Grey Woods,2007,The score is gruesome. Every beat is boring. The director clearly loves the genre. The first half is not haunting.,3.1
s0805,Green Orchard Returns,2023,"The pacing is hardly unsettling. Ninety minutes, no padding. The cast play it terrifying. The first half is eerie. The trailer gives away too much.",5.7
s0806,Hollow Hollow II,2017,"I saw it in a full theatre, which helped. Shot on 16mm and it shows. The score is gruesome. The premise is brutal.",6.3
s0807,Blue Hour Returns,2009,"The sound design is bloody. The cast play it silly. The atmosphere is gory. I saw it in a full theatre, which helped. Ninety minutes, no padding. The premise is never once ominous.",4.3
s0808,Cold Harbour III',2004,"That long hallway shot is sinister. The soundtrack is doing a lot of work. The cast play it tedious. Every beat is eerie. The atmosphere is not gory. The score is not boring. Ninety minutes, no padding.",6.7
s0809,Winter Ferry III',2009,The first half is creepy. Shot on 16mm and it shows. The third act is eerie. The ending is not especially sinister. The premise is boring.,4.9
s0810,Grey Light,2004,The premise is gory. The cast is doing real work here. The score is never sinister.,4.3
s0811,Salt Tower III,2005,The third act is never sinister. The trailer gives away too much. The middle hour is grisly. The whole thing is brutal. The atmosphere is not especially chilling. Worth seeing with an audience. The premise is not especially eerie.,2.8
s0812,Black Lantern,1998,The premise is hardly bloody. The ending is not especially predictable. The cast is doing real work here. Worth seeing with an audience. The atmosphere is creepy.,6.0
s0813,Bright Ferry Redux,1998,"Ninety minutes, no padding. The cast is doing real work here. The ending is not especially eerie.",4.1
s0814,Wild Valley,2018,Every beat is ominous. The middle hour is gruesome. The first half is gory. The soundtrack is doing a lot of work. The cast play it tedious.,6.7
s0815,Long Ferry,2013,The atmosphere is gory. The ending is chilling. The first half is not remotely eerie. The director clearly loves the genre. The middle hour is ominous. That long hallway shot is never once predictable. Shot on 16mm and it shows.,7.0
s0816,Green Ferry Redux,1999,The soundtrack is doing a lot of work. Every beat is creepy. The third act is brutal. The ending is boring.,6.5
s0817,Blue Garden,2004,The sound design is never once unsettling. The score is gruesome. The first half is never once ominous. Shot on 16mm and it shows. The final scene is terrifying.,4.6
s0818,Black Station,1998,"The sound design is not remotely brutal. Ninety minutes, no padding.",4.6
s0819,Pale Hour Returns',2014,The whole thing is chilling. The ending is not gruesome. The pacing is not haunting. The final scene is not silly. That long hallway shot is ominous. The trailer gives away too much. The cast is doing real work here.,6.4
s0820,Cold Market,2002,The director clearly loves the genre. The final scene is gruesome. The pacing is creepy. The atmosphere is never brutal. Shot on 16mm and it shows.,6.2
s0821,Small House,2009,Worth seeing with an audience. The premise is never once terrifying. The first half is bloody. The soundtrack is doing a lot of work. Every beat is not remotely gory.,5.1
s0822,Winter Tower III,2005,The pacing is tame. The middle hour is predictable. The third act is unsettling. The atmosphere is gruesome. Worth seeing with an audience. The soundtrack is doing a lot of work.,5.4
s0823,Bright Field Returns',2020,"The premise is unsettling. The final scene is gory. The sound design is not remotely eerie. Ninety minutes, no padding. The first half is hardly chilling. The pacing is grisly.",5.2
s0824,Last Station Redux,2002,"I saw it in a full theatre, which helped. The first half is tedious. The whole thing is not especially creepy. The sound design is not remotely terrifying. The atmosphere is gruesome. The cast play it not ominous.",2.2
s0825,Hollow Tower III,2022,The sound design is hardly eerie. The soundtrack is doing a lot of work. The third act is brutal. The premise is boring. The whole thing is grisly.,4.5
s0826,Last Hour,2009,"The score is silly. I saw it in a full theatre, which helped. The middle hour is bloody. The whole thing is tame.",3.7
s0827,Long Garden II,2010,The cast play it never once tame. The third act is brutal. The atmosphere is terrifying. The whole thing is chilling. The sound design is gruesome. Every beat is silly. Shot on 16mm and it shows. The soundtrack is doing a lot of work.,8.5
s0828,Far Market Returns,2021,The cast play it gory. The director clearly loves the genre. The pacing is not especially chilling. The soundtrack is doing a lot of work. The score is silly. Every beat is hardly sinister.,3.0
s0829,Night Tower II',2017,The trailer gives away too much. The soundtrack is doing a lot of work. The ending is hardly silly. The atmosphere is boring.,5.1
s0830,Salt Lantern Returns,2011,The whole thing is unsettling. Every beat is bloody. The trailer gives away too much. The score is tedious.,6.0
s0831,Night Ferry Redux'',2015,Shot on 16mm and it shows. The final scene is ominous. Every beat is never chilling. The ending is gory. That long hallway shot is gruesome.,6.2
s0832,Blue Chapel Redux,2017,The first half is gruesome. That long hallway shot is boring. The whole thing is terrifying. The atmosphere is chilling. The cast is doing real work here. The director clearly loves the genre.,7.3
s0833,Night Station III,2011,The pacing is sinister. The cast play it creepy. The sound design is eerie. The soundtrack is doing a lot of work. The cast is doing real work here. The score is brutal. Every beat is never tame.,9.0
s0834,Green Market Redux,2009,The director clearly loves the genre. The atmosphere is gruesome. The first half is grisly.,5.8
s0835,Black Woods III,2024,The director clearly loves the genre. The sound design is not especially bloody. That long hallway shot is grisly.,6.2
s0836,Bright Mirror,2002,The cast is doing real work here. The soundtrack is doing a lot of work. The first half is tame. The score is not unsettling. The premise is sinister.,4.7
s0837,Near Bridge,2002,"The ending is never once silly. The middle hour is grisly. The premise is hardly gruesome. Ninety minutes, no padding. The score is boring.",4.9
s0838,Red Room,2011,The cast play it never predictable. The first half is bloody. Worth seeing with an audience.,6.3
s0839,Deep Coast,2013,"The sound design is not especially creepy. The cast play it gory. The first half is not especially ominous. Ninety minutes, no padding. The ending is not remotely chilling. I saw it in a full theatre, which helped.",2.1
s0840,Old Woods III,2006,The premise is not especially sinister. The cast play it chilling. The trailer gives away too much. The score is eerie. Worth seeing with an audience.,6.6
s0841,Quiet Harbour Redux',2009,The whole thing is tedious. The premise is not especially predictable. The trailer gives away too much. The third act is never once creepy. Worth seeing with an audience. That long hallway shot is chilling.,5.2
s0842,Long Hollow Returns,2018,The premise is eerie. Every beat is hardly terrifying. The middle hour is never gory. The cast is doing real work here. The pacing is not especially ominous.,4.6
s0843,Salt Hour III,2015,The score is terrifying. The trailer gives away too much. The third act is unsettling.,6.9
s0844,Grey Tower,2017,The sound design is not especially brutal. The final scene is terrifying. Shot on 16mm and it shows.,5.4
s0845,Hollow Station II,2017,"The trailer gives away too much. I saw it in a full theatre, which helped. That long hallway shot is tame. The atmosphere is not remotely gory.",3.3
s0846,Black Door Redux',2006,The final scene is unsettling. The trailer gives away too much. Shot on 16mm and it shows.,6.1
s0847,Pale Market,2002,Every beat is not terrifying. The trailer gives away too much. The atmosphere is unsettling. The third act is tame. The whole thing is sinister.,5.5
s0848,Quiet Door,1999,"The premise is never once unsettling. The score is boring. The ending is not gory. The cast play it never tame. The pacing is sinister. I saw it in a full theatre, which helped.",5.2
s0849,Night Woods Redux,2007,That long hallway shot is hardly eerie. The soundtrack is doing a lot of work. The cast play it hardly brutal. The cast is doing real work here. Every beat is bloody. The middle hour is never boring.,4.3
s0850,Low Coast,2020,The premise is sinister. The sound design is tedious. Every beat is eerie. The trailer gives away too much. Shot on 16mm and it shows. The ending is unsettling.,8.2
s0851,Winter Field II,2022,"Shot on 16mm and it shows. The whole thing is not creepy. I saw it in a full theatre, which helped. The atmosphere is never once sinister. The final scene is predictable.",3.3
s0852,The Coast Returns,2022,The director clearly loves the genre.,5.4
s0853,Long House,2009,"The first half is hardly tedious. The director clearly loves the genre. Ninety minutes, no padding. The ending is not remotely creepy.",4.8
s0854,Old Signal Redux,2018,"I saw it in a full theatre, which helped. The sound design is never once bloody. The third act is not creepy. The atmosphere is never grisly.",2.6
s0855,Black Harbour Redux,2005,The atmosphere is predictable. The middle hour is tedious. Shot on 16mm and it shows. Every beat is ominous.,4.7
s0856,Near Hollow II,2012,The soundtrack is doing a lot of work. Every beat is sinister. The trailer gives away too much. The middle hour is haunting.,6.6
s0857,Salt Garden,2004,"Ninety minutes, no padding. The premise is ominous. The first half is never creepy.",4.6
s0858,Bright Garden Returns,2021,The final scene is not especially creepy. Worth seeing with an audience. The ending is terrifying. The premise is ominous. The sound design is gory. The third act is grisly.,7.6
s0859,Low Station Redux,2022,The ending is brutal. That long hallway shot is unsettling. The atmosphere is not especially ominous. The soundtrack is doing a lot of work.,5.1
s0860,Blue Tower II',2022,"I saw it in a full theatre, which helped. Every beat is eerie. That long hallway shot is never creepy. The atmosphere is hardly unsettling. The sound design is tame. The director clearly loves the genre.",4.0
s0861,Salt Door,2013,The pacing is not remotely silly. The first half is not remotely grisly. The middle hour is not especially brutal. The cast play it sinister. The trailer gives away too much. Every beat is predictable. The cast is doing real work here.,5.1
s0862,Blue Well,2006,"That long hallway shot is not ominous. Ninety minutes, no padding. The whole thing is terrifying. The cast play it not gruesome. The third act is not especially brutal. I saw it in a full theatre, which helped.",4.8
s0863,Bitter Hour Returns,2012,"The premise is sinister. The ending is bloody. The cast play it tedious. The whole thing is haunting. Ninety minutes, no padding. Every beat is terrifying.",7.8
s0864,Bright Door III,1998,"The pacing is terrifying. The soundtrack is doing a lot of work. The score is boring. The first half is bloody. Ninety minutes, no padding.",6.3
s0865,Green Mirror Returns,2018,The premise is bloody. Every beat is brutal. The first half is never tame. Shot on 16mm and it shows. The ending is chilling. Worth seeing with an audience. The third act is not remotely ominous. That long hallway shot is tedious.,5.6
s0866,Red Lantern Returns,2007,"The cast is doing real work here. Ninety minutes, no padding. The final scene is tedious. The sound design is never once predictable. The first half is brutal. The whole thing is chilling.",6.8
s0867,Last Light III'',2012,The pacing is not remotely gory. The third act is predictable. The sound design is unsettling. Every beat is creepy. The trailer gives away too much. The middle hour is never once silly.,7.2
s0868,Grey Hour Redux''',2014,"The whole thing is brutal. Worth seeing with an audience. The pacing is creepy. I saw it in a full theatre, which helped. The sound design is never sinister. The atmosphere is never tedious. The ending is unsettling. The score is predictable. Every beat is grisly.",6.1
s0869,Far Tower III,2003,Every beat is never terrifying. The premise is not remotely haunting. The pacing is not chilling. The whole thing is silly. That long hallway shot is tedious. The score is brutal. The first half is grisly. The cast is doing real work here.,2.2
s0870,Small Hollow,2008,The score is terrifying. The premise is not especially grisly. The soundtrack is doing a lot of work. The pacing is never unsettling.,5.0
s0871,Far Mirror II,2023,The first half is sinister. The pacing is grisly. Shot on 16mm and it shows. The third act is bloody. The cast is doing real work here.,7.1
s0872,Low Hollow II'',2023,That long hallway shot is eerie. The third act is tedious. The atmosphere is haunting. The final scene is silly. The director clearly loves the genre. The cast is doing real work here.,5.8
s0873,Winter Hour II',2002,"Every beat is gory. The final scene is chilling. The cast play it brutal. The first half is creepy. That long hallway shot is haunting. Shot on 16mm and it shows. I saw it in a full theatre, which helped.",9.0
s0874,Red Tide III',1999,The atmosphere is hardly haunting. The whole thing is hardly grisly. The sound design is not ominous. The cast is doing real work here. The soundtrack is doing a lot of work. That long hallway shot is creepy. The middle hour is not remotely brutal.,3.4
s0875,Night Lantern II,2021,The trailer gives away too much. The final scene is never once haunting. That long hallway shot is eerie. The third act is bloody. The ending is predictable.,5.4
s0876,Long Tide,2002,The atmosphere is unsettling. The score is bloody. Shot on 16mm and it shows. The sound design is tame. The premise is hardly tedious.,5.9
s0877,Near Station Returns,2001,"The whole thing is eerie. I saw it in a full theatre, which helped. The atmosphere is terrifying. The pacing is not remotely haunting. Every beat is never predictable. The final scene is never tedious. The first half is grisly.",8.0
s0878,Near Well Returns,2023,"The atmosphere is not brutal. The premise is gory. I saw it in a full theatre, which helped. The whole thing is haunting.",5.7
s0879,Quiet Mirror Returns,1999,The whole thing is tedious. The director clearly loves the genre. The ending is sinister.,5.5
s0880,Near Lantern II,1998,The soundtrack is doing a lot of work. The middle hour is terrifying. The premise is not remotely grisly. That long hallway shot is chilling. The director clearly loves the genre.,7.0
s0881,Far Coast Returns,2004,"The pacing is chilling. The middle hour is not remotely ominous. The cast play it creepy. Ninety minutes, no padding.",5.9
s0882,Grey Station Redux,2003,The soundtrack is doing a lot of work. That long hallway shot is hardly ominous. The trailer gives away too much. The score is bloody.,4.9
s0883,Bitter Market Redux,2004,"The score is never grisly. Worth seeing with an audience. Ninety minutes, no padding. The pacing is sinister.",5.2
s0884,Small Ferry,2019,The ending is silly. That long hallway shot is eerie. The sound design is hardly sinister. The pacing is not especially bloody. The first half is not unsettling. The director clearly loves the genre.,2.8
s0885,Near Hollow Returns,2006,"The cast play it sinister. Worth seeing with an audience. I saw it in a full theatre, which helped. The middle hour is never silly. The third act is tame. The whole thing is hardly haunting.",5.0
s0886,Low Coast Redux,2008,The trailer gives away too much. The atmosphere is terrifying. The final scene is brutal.,6.3
s0887,Red Ferry,2013,The pacing is not especially unsettling. The score is boring. The ending is ominous. The cast is doing real work here. The atmosphere is not remotely terrifying. The soundtrack is doing a lot of work.,2.9
s0888,Pale Hollow II'',2019,"The score is terrifying. The director clearly loves the genre. The middle hour is haunting. Every beat is sinister. The pacing is grisly. The third act is never silly. Ninety minutes, no padding.",8.6
s0889,Winter Tower III',2014,The pacing is never terrifying. The cast play it hardly gory. The final scene is hardly grisly. The soundtrack is doing a lot of work. Worth seeing with an audience.,3.1
s0890,Low Room,1998,"The trailer gives away too much. The middle hour is not especially boring. I saw it in a full theatre, which helped. The cast play it brutal. The atmosphere is predictable.",5.9
s0891,Last Coast II,2021,The score is creepy. Worth seeing with an audience. The premise is never sinister. Every beat is tame. That long hallway shot is not remotely boring.,5.0
s0892,Pale Station III,2020,Shot on 16mm and it shows. The trailer gives away too much. The cast play it brutal. The whole thing is gory. The score is sinister.,7.1
s0893,Wild Bridge Returns,2002,The premise is hardly sinister. The first half is tame. The final scene is terrifying. The whole thing is not remotely grisly. Worth seeing with an audience. The cast play it gory. The score is never once silly. The atmosphere is not remotely haunting. The director clearly loves the genre.,4.8
s0894,Deep Station Redux,2011,The trailer gives away too much. The ending is never predictable. The director clearly loves the genre. The atmosphere is boring.,5.8
s0895,Near Hour Returns,2004,"I saw it in a full theatre, which helped. That long hallway shot is gory. The sound design is not remotely terrifying.",4.6
s0896,Bitter Coast,2009,The score is unsettling. Worth seeing with an audience. The cast play it not especially gruesome.,5.7
s0897,Bitter Tower Returns,2008,The soundtrack is doing a lot of work. Every beat is sinister. Worth seeing with an audience.,6.6
s0898,Long Garden Returns,2022,The ending is not ominous. The premise is not tame. The director clearly loves the genre. The score is haunting. The trailer gives away too much. That long hallway shot is hardly tedious.,6.6
s0899,Red Well II,1999,The soundtrack is doing a lot of work. The whole thing is eerie. The score is creepy. The cast play it haunting.,8.4
s0900,Wild Lantern Redux,2018,Every beat is never once creepy. Shot on 16mm and it shows. The trailer gives away too much. The first half is not remotely tedious.,4.2
s0901,Pale Bridge III',2015,"Ninety minutes, no padding. The final scene is tedious. The cast play it eerie. The third act is sinister. The whole thing is not especially grisly. The soundtrack is doing a lot of work. The first half is not especially haunting.",5.5
s0902,Black Hollow Redux,2010,"The cast is doing real work here. That long hallway shot is not remotely creepy. Ninety minutes, no padding. The sound design is predictable. The atmosphere is silly.",3.0
s0903,Low Woods Returns',2006,The cast play it terrifying. The director clearly loves the genre.,6.2
s0904,Cold Woods III,2005,"The sound design is gory. The director clearly loves the genre. I saw it in a full theatre, which helped.",5.5
s0905,Far Field II,2024,The pacing is sinister. The trailer gives away too much. The premise is never silly. That long hallway shot is not remotely haunting. The whole thing is gruesome. The final scene is not especially eerie.,5.7
s0906,Quiet Hour,2005,"The third act is hardly tedious. I saw it in a full theatre, which helped. The first half is hardly ominous. Shot on 16mm and it shows. The premise is hardly tame. The final scene is grisly. The pacing is not especially sinister. The whole thing is terrifying.",6.0
s0907,Small Field,1999,The director clearly loves the genre. The atmosphere is hardly gruesome.,4.7
s0908,Long Tide Redux,1999,"The score is never terrifying. Every beat is boring. The cast play it gruesome. Worth seeing with an audience. Ninety minutes, no padding. The final scene is eerie. The first half is gory. The third act is hardly tedious.",5.8
s0909,Old Mirror,1998,The score is not boring. The atmosphere is tame. That long hallway shot is never brutal. The final scene is gruesome. Shot on 16mm and it shows. The first half is terrifying.,6.3
s0910,Low Room II,1999,Every beat is hardly creepy. The final scene is sinister. The ending is grisly. The third act is not especially eerie. The atmosphere is tedious. The director clearly loves the genre.,3.3
s0911,Cold Door Returns,1999,Worth seeing with an audience. The pacing is not remotely predictable. Every beat is eerie. The cast is doing real work here. The score is unsettling.,8.2
s0912,Wild Market Returns,2001,The sound design is sinister. The ending is unsettling. The cast is doing real work here.,7.2
s0913,Hollow Station II',2007,"Ninety minutes, no padding. The first half is sinister. The sound design is tedious. The atmosphere is never grisly. The premise is gory.",5.3
s0914,Hollow Lantern II,2016,The first half is ominous. The final scene is never unsettling. The score is not especially chilling. The trailer gives away too much. Worth seeing with an audience.,3.9
s0915,Green Tower Redux,2021,The trailer gives away too much. The cast play it terrifying. Worth seeing with an audience. The ending is ominous.,7.3
s0916,Small Signal,1999,"The sound design is predictable. The ending is not remotely ominous. That long hallway shot is chilling. The final scene is grisly. I saw it in a full theatre, which helped.",5.5
s0917,Green Hour II,2020,Shot on 16mm and it shows. The middle hour is silly. The soundtrack is doing a lot of work. Every beat is sinister. The atmosphere is not remotely gory.,4.9
s0918,Old Market Returns,2019,That long hallway shot is grisly. The trailer gives away too much. The third act is never once sinister.,4.2
s0919,Cold Door II,2001,"The atmosphere is predictable. Ninety minutes, no padding. The cast is doing real work here.",4.5
s0920,Low Room III,2010,"Ninety minutes, no padding. Every beat is gory. The cast play it predictable. The premise is tedious. The whole thing is gruesome. The score is unsettling.",6.2
s0921,Cold Lantern II,2006,"That long hallway shot is not especially haunting. The premise is not tame. I saw it in a full theatre, which helped. The final scene is unsettling. The first half is chilling. The sound design is bloody. The middle hour is predictable.",6.8
s0922,Night Signal,2003,The cast play it silly. The pacing is not tame. The cast is doing real work here. The director clearly loves the genre.,5.2
s0923,Bitter Woods II,2005,"The first half is not haunting. The cast play it boring. The trailer gives away too much. The premise is never grisly. The sound design is unsettling. The whole thing is never once chilling. I saw it in a full theatre, which helped.",3.5
s0924,Bitter Market Returns',2023,Shot on 16mm and it shows. The atmosphere is predictable. Worth seeing with an audience. The score is not especially brutal. The middle hour is eerie.,5.2
s0925,Old Hour,2007,The director clearly loves the genre. That long hallway shot is bloody. The first half is never gruesome. The pacing is creepy. The middle hour is silly. The final scene is never predictable. Every beat is never haunting.,5.2
s0926,Small Door Returns,2016,"Every beat is haunting. That long hallway shot is sinister. Ninety minutes, no padding. Worth seeing with an audience. The third act is never eerie.",5.8
s0927,Near Door III,2001,The first half is ominous. The score is never boring. The trailer gives away too much. The pacing is unsettling. That long hallway shot is never once grisly. The third act is never silly. The sound design is not remotely terrifying.,7.5
s0928,Old Hour II,2007,"The first half is creepy. The trailer gives away too much. The score is boring. I saw it in a full theatre, which helped.",5.8
s0929,Near Woods,2008,"The final scene is bloody. Every beat is not gruesome. The pacing is creepy. The trailer gives away too much. I saw it in a full theatre, which helped. The middle hour is sinister.",7.1
s0930,Wild Chapel,1998,"The pacing is boring. Every beat is terrifying. The ending is brutal. That long hallway shot is gory. I saw it in a full theatre, which helped. The first half is sinister. The cast play it ominous. The soundtrack is doing a lot of work.",8.9
s0931,Salt Well III',2007,The premise is gory. The soundtrack is doing a lot of work. Shot on 16mm and it shows. The ending is gruesome. The atmosphere is ominous. The sound design is haunting.,8.4
s0932,Long Harbour III,2017,Worth seeing with an audience. Every beat is not especially silly. The premise is creepy. The director clearly loves the genre. The middle hour is never once brutal. The final scene is unsettling. The atmosphere is never tedious. The score is never once grisly.,7.3
s0933,Long Light III,2015,"That long hallway shot is never unsettling. Ninety minutes, no padding. The whole thing is never once boring. The cast play it bloody. The sound design is brutal. Worth seeing with an audience. The ending is haunting.",6.6
s0934,Hollow Room III,2016,The trailer gives away too much. The director clearly loves the genre. That long hallway shot is never unsettling. The ending is tedious.,3.5
s0935,Blue Orchard III',2000,Every beat is tame. The premise is creepy. The cast play it ominous. The atmosphere is brutal. The cast is doing real work here.,7.7
s0936,Far Light,1999,The final scene is tedious. The premise is creepy. The cast play it gory. The ending is brutal. The cast is doing real work here.,6.1
s0937,Cold House Redux',2008,The third act is never creepy. The atmosphere is tedious. The whole thing is not remotely ominous. The director clearly loves the genre. The sound design is not remotely grisly. The score is haunting. Every beat is gory.,4.7
s0938,Winter Signal,2017,That long hallway shot is predictable. The middle hour is gory. The sound design is not especially chilling. Every beat is never once ominous. The director clearly loves the genre. The atmosphere is hardly unsettling.,1.8
s0939,Last Valley III,2002,The final scene is silly. The whole thing is never eerie. The middle hour is boring. Shot on 16mm and it shows.,3.7
s0940,Last Valley Redux',2024,The pacing is never gruesome. The middle hour is sinister. The atmosphere is not remotely unsettling. The soundtrack is doing a lot of work.,4.8
s0941,Cold Hollow Returns,2023,The third act is chilling. The soundtrack is doing a lot of work. The cast is doing real work here.,6.4
s0942,Pale Lantern,2010,"I saw it in a full theatre, which helped. Shot on 16mm and it shows.",5.7
s0943,Green Ferry Returns,1999,That long hallway shot is gruesome. The middle hour is not ominous. The cast play it unsettling. The cast is doing real work here. The premise is haunting.,6.8
s0944,Small Tide II,2018,The final scene is unsettling. The trailer gives away too much. The third act is never haunting. The cast play it brutal. The sound design is ominous. The soundtrack is doing a lot of work.,6.3
s0945,Wild Market III,2011,The director clearly loves the genre. The cast play it ominous. The premise is sinister. The trailer gives away too much. Every beat is not remotely gruesome.,6.5
s0946,Quiet Woods Redux,2021,The cast play it never bloody. The atmosphere is gory. The soundtrack is doing a lot of work.,4.9
s0947,Pale Coast II,2016,The soundtrack is doing a lot of work. The third act is sinister. The director clearly loves the genre.,6.5
s0948,Low Light II,2004,"The first half is never once brutal. Every beat is tedious. The cast play it silly. That long hallway shot is not remotely sinister. Ninety minutes, no padding.",2.6
s0949,Bright Valley III,2007,"The cast play it never haunting. The pacing is gory. The ending is gruesome. I saw it in a full theatre, which helped. The final scene is tame. The sound design is not remotely tedious.",5.0
s0950,Winter Field Returns,2000,The whole thing is not remotely grisly. The sound design is never bloody. The pacing is hardly creepy. The director clearly loves the genre. The third act is never eerie.,2.3
s0951,Red Tower II,2012,The atmosphere is eerie. The soundtrack is doing a lot of work. The ending is creepy. The pacing is chilling. The first half is gruesome. That long hallway shot is boring. Every beat is predictable.,7.3
s0952,Hollow Field II,2021,Every beat is creepy. The first half is sinister. The cast is doing real work here. The director clearly loves the genre.,7.7
s0953,Black Mirror,2004,The cast play it brutal. The cast is doing real work here. The final scene is gruesome.,5.9
s0954,Green Orchard II,2010,Shot on 16mm and it shows. The first half is brutal. That long hallway shot is haunting. The ending is predictable. The score is never boring.,6.5
s0955,Quiet Orchard Returns,2024,"The atmosphere is ominous. Ninety minutes, no padding. Shot on 16mm and it shows. The third act is creepy.",7.9
s0956,Salt Market II'',2021,The cast is doing real work here. Worth seeing with an audience. That long hallway shot is haunting. The whole thing is hardly terrifying. The sound design is gruesome.,5.7
s0957,Grey Tide III,2021,The trailer gives away too much. The pacing is unsettling. The final scene is not especially creepy. The middle hour is boring. The premise is terrifying.,5.7
s0958,Blue Woods III',2011,"The final scene is gruesome. I saw it in a full theatre, which helped. Shot on 16mm and it shows.",5.3
s0959,Wild Light Redux,2016,Worth seeing with an audience. The whole thing is creepy. The cast play it silly. That long hallway shot is predictable. The third act is not brutal. The final scene is gruesome.,4.8
s0960,Night Woods II,2003,The atmosphere is not boring. Every beat is tame. The director clearly loves the genre. Worth seeing with an audience.,5.7
s0961,Small Tower Returns,2002,"The pacing is never terrifying. The score is tedious. The premise is unsettling. I saw it in a full theatre, which helped. The sound design is brutal. Ninety minutes, no padding.",5.2
s0962,Grey Mirror Returns,2021,"The ending is haunting. The sound design is creepy. The middle hour is eerie. The first half is gruesome. I saw it in a full theatre, which helped.",8.4
s0963,Bright Tower III,2008,The cast is doing real work here. The whole thing is brutal. The premise is creepy. The trailer gives away too much. The atmosphere is never unsettling. The pacing is terrifying. The third act is predictable. The middle hour is not especially bloody.,4.9
s0964,Bright Hollow,2022,"Ninety minutes, no padding. The cast play it not remotely chilling. That long hallway shot is creepy. The final scene is gruesome. The premise is ominous.",6.0
s0965,Old Market III,2013,The ending is ominous. The trailer gives away too much. The director clearly loves the genre. The premise is predictable.,5.7
s0966,Salt Door Redux,1998,The premise is not bloody. The pacing is gory. The score is not especially silly. The trailer gives away too much. The director clearly loves the genre. The final scene is boring.,5.2
s0967,Hollow Hour II,2020,The trailer gives away too much. The director clearly loves the genre. Every beat is not especially bloody.,4.3
s0968,Night Field Returns,2017,The director clearly loves the genre. The cast play it hardly gory. The third act is tame. The cast is doing real work here. The first half is brutal. The final scene is hardly tedious.,5.0
s0969,Green Tide II,2005,The ending is never tedious. The soundtrack is doing a lot of work. The first half is unsettling.,7.0
s0970,Wild Valley Returns,1999,Worth seeing with an audience. The cast is doing real work here. The score is never once brutal. The first half is not eerie.,3.9
s0971,Cold Ferry II,2011,"That long hallway shot is bloody. The score is not especially predictable. The atmosphere is chilling. I saw it in a full theatre, which helped. The soundtrack is doing a lot of work. The ending is hardly ominous. The first half is not remotely brutal.",5.3
s0972,Old Station,2012,The ending is gory. Worth seeing with an audience. The cast is doing real work here. The pacing is never once creepy. The third act is eerie.,5.1
s0973,Night Chapel III',2020,"The middle hour is never once grisly. The whole thing is hardly chilling. The third act is ominous. Every beat is haunting. Ninety minutes, no padding.",6.3
s0974,Hollow Light III,2007,The first half is sinister. The atmosphere is chilling. That long hallway shot is hardly unsettling. The cast is doing real work here. Worth seeing with an audience.,5.7
s0975,Grey House II,2011,Every beat is sinister. The premise is not remotely creepy. The director clearly loves the genre. The middle hour is haunting. The cast play it boring.,5.7
s0976,The Hour Redux',2013,"I saw it in a full theatre, which helped. The pacing is not especially eerie. The sound design is never once grisly. The ending is gory. Every beat is silly.",4.1
s0977,Bitter Mirror Returns',2021,"Ninety minutes, no padding. That long hallway shot is grisly. The first half is tedious. The pacing is not remotely ominous.",4.3
s0978,Grey Field Redux',2000,"Ninety minutes, no padding. The score is tedious. The cast play it not chilling. The whole thing is ominous. That long hallway shot is tame. The premise is never once bloody. The middle hour is terrifying. The ending is not remotely brutal. The director clearly loves the genre.",4.4
s0979,Long Signal Redux,2000,"The score is creepy. Every beat is hardly ominous. I saw it in a full theatre, which helped. The whole thing is not remotely sinister. Ninety minutes, no padding.",4.3
s0980,Grey Woods II,2014,The cast play it not tame. The atmosphere is sinister. That long hallway shot is hardly boring. The soundtrack is doing a lot of work. The sound design is not gory. The whole thing is haunting.,8.6
s0981,Wild Woods Returns',2014,The trailer gives away too much. The cast play it hardly eerie. The soundtrack is doing a lot of work.,3.4
s0982,Bright Woods Returns,2010,"Ninety minutes, no padding. The premise is ominous. The ending is gory. Every beat is not silly.",7.2
s0983,Long Signal III,2006,Worth seeing with an audience. The score is boring.,4.5
s0984,Old Woods Redux,2019,"The score is hardly tame. Ninety minutes, no padding. The cast is doing real work here. The third act is hardly boring.",5.7
s0985,Pale Hollow Redux,2007,"The middle hour is brutal. Ninety minutes, no padding. The whole thing is not especially tedious. The sound design is gory. The premise is terrifying.",7.2
s0986,Grey Garden III,2010,The soundtrack is doing a lot of work. The sound design is silly. Shot on 16mm and it shows. The middle hour is creepy. The final scene is not terrifying. The pacing is hardly unsettling.,2.9
s0987,Near Light,2014,"The third act is hardly tame. The whole thing is haunting. The final scene is chilling. I saw it in a full theatre, which helped. Shot on 16mm and it shows. Every beat is not gory.",7.2
s0988,The Hollow Returns,2014,Worth seeing with an audience. The soundtrack is doing a lot of work. The final scene is not sinister. The third act is tedious. The premise is not remotely gory.,3.1
s0989,Black Chapel Redux,2022,The atmosphere is not remotely eerie. Shot on 16mm and it shows. The sound design is bloody. The trailer gives away too much.,4.7
s0990,Quiet Chapel III,2003,"Shot on 16mm and it shows. The final scene is chilling. I saw it in a full theatre, which helped. The sound design is sinister.",7.6
s0991,Grey Field Redux'',1999,"I saw it in a full theatre, which helped. That long hallway shot is never once brutal. The middle hour is sinister. The director clearly loves the genre. The atmosphere is not especially gruesome. The third act is ominous. Every beat is tedious. The sound design is chilling.",7.0
s0992,Hollow Harbour Redux,2018,"The atmosphere is grisly. The director clearly loves the genre. The first half is sinister. Ninety minutes, no padding. The pacing is never once brutal. The sound design is ominous.",6.9
s0993,Cold House II,2008,"The atmosphere is eerie. Ninety minutes, no padding. Every beat is chilling. That long hallway shot is not terrifying. The cast play it brutal.",6.2
s0994,Night Woods III,2004,The director clearly loves the genre. The third act is boring. The final scene is creepy. The score is brutal. The cast play it not especially eerie. The premise is sinister. The whole thing is predictable. The cast is doing real work here. The ending is hardly gruesome.,5.2
s0995,Red Hollow II,2022,The cast is doing real work here. The first half is sinister. The score is unsettling. The trailer gives away too much. The pacing is terrifying. Every beat is silly.,7.4
s0996,Far Lantern II,2000,"I saw it in a full theatre, which helped. Every beat is never once unsettling. The pacing is sinister. Ninety minutes, no padding. The atmosphere is predictable.",4.7
s0997,Bright Hour II,2008,The first half is predictable. The atmosphere is tame. Every beat is gory. The middle hour is never once ominous. The soundtrack is doing a lot of work. The pacing is hardly gruesome.,2.7
s0998,Quiet House Returns,2002,The premise is not remotely grisly. The ending is never once gory. The atmosphere is silly. The director clearly loves the genre.,3.9
s0999,Cold Light Redux',2005,That long hallway shot is boring. The middle hour is unsettling. The first half is gruesome. The pacing is bloody. The director clearly loves the genre.,6.5
s1000,Old Signal Redux',2011,The cast play it tame. The director clearly loves the genre. Shot on 16mm and it shows. The whole thing is not brutal. The premise is not unsettling. Every beat is not sinister. The third act is haunting.,2.9
s1001,Winter Orchard II,2011,The third act is never eerie. The middle hour is sinister. Worth seeing with an audience.,4.7
s1002,Long Field,1998,"The sound design is boring. The ending is hardly terrifying. The soundtrack is doing a lot of work. I saw it in a full theatre, which helped. The pacing is haunting.",4.6
s1003,Small Hour III,2016,Shot on 16mm and it shows. The first half is not especially boring. The ending is predictable. The atmosphere is not remotely sinister. The trailer gives away too much. The pacing is not remotely gruesome.,3.2
s1004,Bright Signal,2019,The final scene is silly. The sound design is tedious. The first half is unsettling. The score is terrifying. The trailer gives away too much.,6.0
s1005,Night Tide,2005,The score is terrifying. Every beat is haunting. The premise is unsettling. The soundtrack is doing a lot of work.,8.2
s1006,Hollow Bridge Returns,2005,"The cast play it eerie. That long hallway shot is never once unsettling. The atmosphere is never tedious. The director clearly loves the genre. Ninety minutes, no padding. The ending is tame.",5.7
s1007,Low Hollow III',2006,"Ninety minutes, no padding. The first half is not silly. The director clearly loves the genre. The cast play it not remotely creepy. The third act is not especially chilling. The whole thing is haunting.",4.9
s1008,Red Hour II,2001,The middle hour is tame. The whole thing is predictable. The first half is bloody. That long hallway shot is ominous. The trailer gives away too much.,5.2
s1009,Red Ferry Returns,2008,That long hallway shot is not especially predictable. The cast is doing real work here. The soundtrack is doing a lot of work.,5.8
s1010,The Tower Returns,2017,The cast play it haunting. The trailer gives away too much. That long hallway shot is predictable. The cast is doing real work here. The final scene is gory. The sound design is hardly brutal. The third act is unsettling.,7.1
s1011,Small Field II,2015,Worth seeing with an audience. That long hallway shot is haunting. The trailer gives away too much. Every beat is chilling. The sound design is eerie.,8.3
s1012,Deep Hollow III,2020,The trailer gives away too much. The pacing is bloody.,5.5
s1013,Deep Mirror,2000,The cast is doing real work here. The cast play it hardly terrifying. The trailer gives away too much.,4.1
s1014,The Garden,2006,The score is not especially eerie. The pacing is sinister. The ending is terrifying. The atmosphere is tedious. The director clearly loves the genre. The trailer gives away too much.,4.9
s1015,Long Hour,2014,The cast is doing real work here. The ending is creepy. Every beat is tame.,5.4
s1016,Winter Lantern II,2014,"The atmosphere is never once tedious. The first half is never once grisly. Every beat is bloody. Ninety minutes, no padding. The middle hour is boring.",4.9
s1017,Pale Garden Redux,2021,The atmosphere is never brutal. Every beat is bloody. Worth seeing with an audience.,5.3
s1018,Black House Returns',1999,The atmosphere is predictable. The whole thing is boring. The trailer gives away too much.,4.8
s1019,Wild Room Redux,2009,The atmosphere is haunting. The cast is doing real work here. Shot on 16mm and it shows. The ending is boring. The whole thing is sinister. The cast play it tame. The pacing is chilling. The third act is never once brutal.,7.2
s1020,Pale Tower Returns,2001,Every beat is terrifying. The premise is brutal. The trailer gives away too much. The third act is haunting. The final scene is tedious.,7.2
s1021,Salt Hour Redux,2020,"The score is not remotely terrifying. Ninety minutes, no padding. I saw it in a full theatre, which helped.",4.2
s1022,Bright Valley II,2005,"The atmosphere is terrifying. The soundtrack is doing a lot of work. The cast play it grisly. The first half is not ominous. The premise is tedious. I saw it in a full theatre, which helped. Every beat is hardly unsettling.",3.9
s1023,Near Bridge III,2014,The final scene is silly. The atmosphere is haunting. Every beat is not remotely sinister. The trailer gives away too much. The premise is hardly boring. The soundtrack is doing a lot of work.,5.0
s1024,Red Bridge,1998,The middle hour is chilling. The third act is never once creepy. The cast is doing real work here.,5.0
s1025,Wild Tide II,2018,The score is never once tame. Shot on 16mm and it shows. That long hallway shot is eerie. The ending is never boring. The sound design is ominous. The cast play it not chilling. The middle hour is not remotely grisly.,6.8
s1026,Green Room Redux,2020,Worth seeing with an audience. The third act is not tame. The soundtrack is doing a lot of work. Every beat is terrifying.,6.4
s1027,Long Field II,2018,"The final scene is grisly. The premise is not remotely predictable. Ninety minutes, no padding. That long hallway shot is ominous.",7.3
s1028,Winter Field III,2022,"The whole thing is sinister. The cast play it eerie. Ninety minutes, no padding. Every beat is not remotely haunting. The score is bloody. The trailer gives away too much.",7.2
s1029,Low Tower,2012,The soundtrack is doing a lot of work. The middle hour is never once haunting.,3.9
s1030,Wild Chapel II,2004,"The final scene is grisly. That long hallway shot is haunting. The sound design is gory. Worth seeing with an audience. The premise is not creepy. Ninety minutes, no padding.",5.4
s1031,Near Orchard Redux,2021,"The first half is brutal. The pacing is not especially ominous. The final scene is tedious. Shot on 16mm and it shows. I saw it in a full theatre, which helped. The ending is haunting.",5.5
s1032,Quiet Hour Redux,2009,The cast is doing real work here. That long hallway shot is tame. The third act is not predictable. Worth seeing with an audience. The final scene is not remotely grisly.,4.8
s1033,Red Lantern II,2005,"Ninety minutes, no padding. The sound design is gory. The whole thing is gruesome. Shot on 16mm and it shows. The cast play it eerie. The score is ominous.",7.4
s1034,Grey Well II,2015,"The whole thing is eerie. Shot on 16mm and it shows. Ninety minutes, no padding.",6.1
s1035,Old Light III,2006,The director clearly loves the genre. Worth seeing with an audience. The third act is hardly sinister. The atmosphere is not unsettling. The final scene is not remotely tame. The whole thing is bloody.,4.0
s1036,Green Mirror II,2010,The cast play it terrifying. Worth seeing with an audience. The cast is doing real work here. The atmosphere is never once chilling.,5.2
s1037,Bright Harbour II,2008,The cast play it chilling. The trailer gives away too much. Worth seeing with an audience. That long hallway shot is ominous.,7.3
s1038,Low Orchard,1999,The cast is doing real work here.,5.6
s1039,Deep Market,2020,The cast play it not especially tame. The final scene is brutal. The cast is doing real work here. The ending is not gruesome. The director clearly loves the genre.,6.4
s1040,Cold Signal Redux',2002,"Ninety minutes, no padding. The whole thing is never chilling. The sound design is terrifying.",5.0
s1041,Blue Valley Redux,2016,The pacing is never chilling. Shot on 16mm and it shows. The third act is sinister. Every beat is not gruesome.,5.6
s1042,Long Tide Redux',1999,"The score is not remotely chilling. I saw it in a full theatre, which helped. The final scene is silly.",3.6
s1043,Cold Light II,2020,"The pacing is chilling. The final scene is hardly tame. Ninety minutes, no padding. Every beat is hardly haunting. The whole thing is grisly. The premise is creepy. The ending is not especially boring. The sound design is not remotely brutal.",7.3
s1044,Hollow Tower Redux,2011,Every beat is creepy. The pacing is eerie. The soundtrack is doing a lot of work.,8.2
s1045,Salt Harbour II,2001,"I saw it in a full theatre, which helped. The sound design is bloody. Every beat is gory.",5.7
s1046,Small Garden Redux,2002,"Ninety minutes, no padding. The director clearly loves the genre. The first half is silly. The cast play it haunting. The third act is never once ominous.",5.2
s1047,Small Coast Returns,2017,The sound design is creepy. Shot on 16mm and it shows. The pacing is never once boring. The score is never once sinister.,6.0
s1048,Quiet Light III'',2022,"The first half is never unsettling. The atmosphere is never ominous. The sound design is gory. Ninety minutes, no padding. The middle hour is boring. The final scene is chilling. That long hallway shot is silly.",3.7
s1049,The Coast II',2015,The trailer gives away too much. The pacing is not remotely creepy. The whole thing is haunting. The ending is bloody. The third act is gory.,5.3
s1050,Black Well Returns,2017,"The third act is not remotely brutal. I saw it in a full theatre, which helped. The director clearly loves the genre.",5.0
s1051,Pale Well Returns'',2020,The score is hardly eerie. The director clearly loves the genre. The ending is never once silly. The trailer gives away too much.,5.3
s1052,Small Signal III,2012,"The score is eerie. The cast play it boring. Ninety minutes, no padding.",5.7
s1053,Black Room III,1999,"The atmosphere is terrifying. The pacing is never once gruesome. The sound design is creepy. Ninety minutes, no padding.",6.7
s1054,Quiet Hollow,2016,The first half is hardly gruesome. The director clearly loves the genre. The atmosphere is not eerie. The cast play it creepy. The whole thing is hardly grisly. The trailer gives away too much.,4.6
s1055,Green Garden III',1999,The premise is terrifying. The third act is creepy. The cast is doing real work here. That long hallway shot is unsettling.,7.9
s1056,Salt Hollow Redux,2004,The ending is gory. The final scene is terrifying. The soundtrack is doing a lot of work. The pacing is unsettling. The third act is boring.,7.1
s1057,Bitter Station Redux,2006,The pacing is brutal. The first half is silly. That long hallway shot is hardly eerie. Every beat is gruesome. Shot on 16mm and it shows.,3.5
s1058,Long Room II,2023,The director clearly loves the genre. The third act is terrifying. The middle hour is not especially creepy. The sound design is tedious.,4.5
s1059,Winter Tide,2001,"I saw it in a full theatre, which helped. The sound design is sinister. The whole thing is creepy.",6.9
s1060,Deep Woods,2005,The premise is haunting. The trailer gives away too much. The third act is not grisly. The soundtrack is doing a lot of work. The middle hour is not remotely silly. Every beat is sinister.,7.7
s1061,Small Station II',2001,That long hallway shot is grisly. The ending is not remotely gory. Worth seeing with an audience.,5.1
s1062,Far Signal Redux,2020,The trailer gives away too much. Shot on 16mm and it shows. The pacing is terrifying. The sound design is brutal. The whole thing is never gory. The first half is not remotely ominous.,4.6
s1063,Quiet Hollow Returns,2014,"Ninety minutes, no padding. Shot on 16mm and it shows. The middle hour is bloody. The first half is never once grisly.",5.1
s1064,Pale Door II',2006,Worth seeing with an audience. The first half is creepy. The premise is chilling. The atmosphere is gruesome. The middle hour is bloody.,7.9
s1065,Small Market II,2021,"The premise is never haunting. The third act is gruesome. The cast is doing real work here. I saw it in a full theatre, which helped. The final scene is never predictable. The pacing is grisly. The first half is chilling. The whole thing is never once sinister.",5.2
s1066,Red Bridge II,2018,"The final scene is not sinister. The whole thing is eerie. The cast play it haunting. Ninety minutes, no padding. The soundtrack is doing a lot of work.",6.3
s1067,Winter Valley,2010,The score is haunting. The final scene is creepy. The premise is not especially grisly. The sound design is not remotely gory. The ending is never once silly. That long hallway shot is hardly unsettling. The soundtrack is doing a lot of work.,5.7
s1068,Black Well Redux,2001,The trailer gives away too much. The first half is silly. That long hallway shot is not bloody. The atmosphere is brutal. The middle hour is never eerie.,3.7
s1069,Small Hour III',2019,"The trailer gives away too much. I saw it in a full theatre, which helped.",4.8
s1070,Deep Harbour III,2003,Worth seeing with an audience. Every beat is gruesome.,6.0
s1071,Deep Harbour Returns,2003,The middle hour is tame. The third act is never once bloody. The cast play it ominous. Shot on 16mm and it shows.,5.6
s1072,Near Room Returns,2019,The premise is not ominous. The director clearly loves the genre. The ending is boring. The first half is never once tedious. The trailer gives away too much.,3.3
s1073,Old Tide Redux,1999,The atmosphere is gory. The pacing is creepy. The director clearly loves the genre. The trailer gives away too much.,5.7
s1074,Night Signal III,2022,The cast play it gruesome. Shot on 16mm and it shows.,5.3
s1075,Last Bridge II,2012,"The first half is haunting. The third act is silly. The cast play it brutal. The ending is chilling. The pacing is predictable. Ninety minutes, no padding. That long hallway shot is never once ominous.",5.5
s1076,Wild Tower Returns,2013,The sound design is brutal. The trailer gives away too much. The score is unsettling.,6.5
s1077,The Mirror III,2001,The soundtrack is doing a lot of work. The first half is predictable.,4.4
s1078,Small Harbour,2012,"I saw it in a full theatre, which helped. The first half is not especially ominous. Worth seeing with an audience.",5.0
s1079,Far Tide III',2001,The whole thing is not sinister. The score is not remotely boring. The atmosphere is never once creepy. Shot on 16mm and it shows. The director clearly loves the genre. The cast play it haunting. The ending is hardly tedious. The third act is bloody.,5.7
s1080,Red Mirror III,2006,"The sound design is chilling. Ninety minutes, no padding. The atmosphere is haunting. The middle hour is hardly creepy.",5.9
s1081,Pale Hour Returns'',2007,"The whole thing is unsettling. The first half is gruesome. Ninety minutes, no padding. The soundtrack is doing a lot of work.",5.7
s1082,Blue Door,2019,That long hallway shot is unsettling. Every beat is gory. The trailer gives away too much. The final scene is not remotely tedious. The sound design is not brutal. The director clearly loves the genre.,6.7
s1083,Winter Hollow II',2004,The final scene is creepy. The trailer gives away too much. The sound design is gruesome. Worth seeing with an audience.,6.5
s1084,Bright Field III'',2018,The whole thing is not especially terrifying. The trailer gives away too much. The sound design is hardly silly. The pacing is not especially brutal.,4.5
s1085,Green Signal II,2014,The final scene is chilling. Worth seeing with an audience.,5.1
s1086,Green Lantern II,2004,"The sound design is silly. The director clearly loves the genre. I saw it in a full theatre, which helped.",4.5
s1087,Blue Signal III,2006,The pacing is creepy. The third act is terrifying. Worth seeing with an audience. The whole thing is hardly predictable. The final scene is sinister.,9.1
s1088,Salt Harbour Redux,2000,Shot on 16mm and it shows. Every beat is not especially grisly. The ending is not gruesome. The pacing is boring.,4.8
s1089,The Chapel,2024,The pacing is eerie. The third act is tame. The whole thing is bloody. Every beat is terrifying. Shot on 16mm and it shows.,6.6
s1090,Long Mirror Returns,2014,"The third act is not especially grisly. Ninety minutes, no padding. The premise is chilling.",5.9
s1091,Bitter Market III,2002,The score is haunting. Worth seeing with an audience. The final scene is predictable. The pacing is boring.,4.5
s1092,Quiet Hollow II,2023,The pacing is sinister. The cast is doing real work here. The whole thing is ominous. The atmosphere is tame.,6.3
s1093,Last Chapel III,2020,The pacing is grisly. The final scene is not remotely tedious. The cast is doing real work here. That long hallway shot is hardly gruesome. The score is eerie. The premise is unsettling. The atmosphere is not remotely ominous.,7.4
s1094,Long Mirror III,2020,The soundtrack is doing a lot of work. The whole thing is tedious. The trailer gives away too much.,4.3
s1095,Black Woods Redux,2010,"The middle hour is creepy. The third act is never once brutal. The first half is hardly tedious. Ninety minutes, no padding. The score is haunting.",7.3
s1096,Black Woods III',2019,"The final scene is terrifying. Ninety minutes, no padding. The cast play it haunting.",6.6
s1097,Bright Woods Returns',2005,"Ninety minutes, no padding. The sound design is predictable. The middle hour is gory. The first half is tedious. Worth seeing with an audience.",4.4
s1098,Grey Orchard III,2015,The ending is never once terrifying. The cast is doing real work here. The premise is grisly. The trailer gives away too much.,4.1
s1099,Near Room Returns',2005,The third act is boring. The soundtrack is doing a lot of work. That long hallway shot is not gory. The cast is doing real work here. The final scene is haunting. The sound design is hardly terrifying.,3.9
s1100,Wild Orchard,2016,"Every beat is not sinister. I saw it in a full theatre, which helped. The sound design is haunting. The score is hardly silly. The first half is hardly predictable. The whole thing is ominous. Worth seeing with an audience. The pacing is hardly grisly.",7.3
s1101,Last Valley Redux'',2011,That long hallway shot is chilling. The soundtrack is doing a lot of work. Shot on 16mm and it shows.,6.7
s1102,Old Coast,2000,The cast is doing real work here. The final scene is not terrifying. The cast play it not silly. The premise is chilling.,5.4
s1103,Hollow Light III',2015,The trailer gives away too much. That long hallway shot is not boring.,5.7
s1104,Cold Hour II,2010,"That long hallway shot is never predictable. Every beat is hardly gruesome. Worth seeing with an audience. Ninety minutes, no padding. The final scene is not especially sinister.",4.4
s1105,Last House II,2017,The third act is never eerie. The atmosphere is never terrifying. Every beat is gory. The pacing is never sinister. The middle hour is never once silly. Worth seeing with an audience. That long hallway shot is brutal. The soundtrack is doing a lot of work.,3.9
s1106,Old Lantern II,2008,The pacing is boring. The cast is doing real work here. The trailer gives away too much. Every beat is brutal.,5.2
s1107,Quiet Coast,2015,"Ninety minutes, no padding. The first half is eerie. The score is sinister. The third act is tame.",6.6
s1108,Wild Ferry,2004,The cast is doing real work here. The final scene is sinister. The middle hour is not chilling. The soundtrack is doing a lot of work.,5.7
s1109,Bitter Well,2008,The ending is predictable. The pacing is grisly. Shot on 16mm and it shows.,4.5
s1110,Red Mirror III',2011,"The first half is tame. The final scene is grisly. Shot on 16mm and it shows. I saw it in a full theatre, which helped. Every beat is silly.",4.6
s1111,Bitter Room Returns,2007,Worth seeing with an audience. The third act is terrifying. The cast play it grisly. Shot on 16mm and it shows. The score is brutal.,7.5
s1112,Small Light Redux,2008,"The ending is gruesome. The score is ominous. Ninety minutes, no padding. That long hallway shot is creepy. The atmosphere is terrifying. The trailer gives away too much.",8.8
s1113,Small Harbour III,1998,The final scene is bloody. The cast is doing real work here. Shot on 16mm and it shows.,5.7
s1114,The Coast III,2014,"Ninety minutes, no padding. The director clearly loves the genre. The pacing is boring. The atmosphere is hardly unsettling.",3.4
s1115,Low Woods Returns'',2017,The final scene is brutal. The ending is silly. Shot on 16mm and it shows. That long hallway shot is gory. The whole thing is tedious.,4.6
s1116,Last Lantern III,2009,"The whole thing is chilling. Every beat is haunting. Worth seeing with an audience. I saw it in a full theatre, which helped.",7.0
s1117,Quiet Hour III,2009,Worth seeing with an audience. The whole thing is never haunting. The score is sinister. The final scene is never once gruesome. The atmosphere is brutal.,5.3
s1118,Winter Field II',2021,The third act is predictable. The ending is never brutal. Every beat is silly. The whole thing is never terrifying. The premise is chilling. The soundtrack is doing a lot of work.,3.9
s1119,Far Valley,2011,The director clearly loves the genre. The pacing is predictable. The premise is tedious. Worth seeing with an audience. The cast play it never terrifying.,3.9
s1120,Pale Signal Returns,1999,"The score is boring. Worth seeing with an audience. The cast play it chilling. I saw it in a full theatre, which helped. The middle hour is gruesome. The first half is sinister.",7.4
s1121,Wild Tide Returns,2023,The cast play it brutal. Every beat is creepy. The pacing is hardly grisly. The cast is doing real work here. The third act is never once ominous. Shot on 16mm and it shows.,5.0
s1122,Grey Light Redux,2014,The trailer gives away too much. The whole thing is predictable.,4.6
s1123,Old Hour Redux,2012,"Ninety minutes, no padding. The trailer gives away too much. The premise is never creepy.",3.8
s1124,Grey Station II',2004,Worth seeing with an audience. The premise is hardly chilling. The whole thing is boring. The ending is bloody. The atmosphere is gory. The middle hour is creepy. The soundtrack is doing a lot of work. The third act is not especially silly. Every beat is ominous.,6.9
s1125,Old Well Returns,2020,"Ninety minutes, no padding. That long hallway shot is brutal. The sound design is eerie.",7.1
s1126,Long Lantern Returns,2002,The trailer gives away too much. Every beat is bloody. The ending is gruesome. The cast is doing real work here.,5.7
s1127,Night Station III',2009,"The cast play it never tame. The whole thing is silly. The cast is doing real work here. The middle hour is hardly gruesome. Ninety minutes, no padding.",4.7
s1128,Small Lantern III,2023,The first half is not remotely boring. The ending is tame. The director clearly loves the genre. Every beat is chilling.,6.3
s1129,Quiet Field III,2008,"The atmosphere is bloody. The final scene is gory. Shot on 16mm and it shows. The score is boring. Ninety minutes, no padding.",5.5
s1130,Bitter Valley Returns,1998,Shot on 16mm and it shows.,5.1
s1131,Cold Mirror Returns,2022,The atmosphere is eerie. The sound design is gruesome. The third act is not especially sinister. Every beat is bloody. The premise is haunting. The soundtrack is doing a lot of work.,6.6
s1132,Quiet Mirror Redux,2007,The soundtrack is doing a lot of work. Every beat is haunting. The pacing is not predictable. The third act is silly. The sound design is eerie. The ending is terrifying.,7.8
s1133,Long Chapel,2013,The soundtrack is doing a lot of work. The sound design is terrifying. The third act is never once brutal. Shot on 16mm and it shows. The score is not remotely haunting.,4.8
s1134,Salt Market Returns,2004,Shot on 16mm and it shows. The premise is tedious. The cast is doing real work here.,4.6
s1135,Winter Door III,2004,The final scene is bloody. The soundtrack is doing a lot of work.,5.8
s1136,Winter Well,2001,The ending is terrifying. The sound design is tedious. The score is never once gory. The cast play it predictable. The director clearly loves the genre. Every beat is creepy. The final scene is not especially bloody. The cast is doing real work here.,5.8
s1137,Black Hour Returns,2016,"The score is not ominous. The whole thing is eerie. Ninety minutes, no padding.",4.7
s1138,Last Harbour Redux,2021,Worth seeing with an audience. The sound design is predictable. The first half is hardly brutal.,3.7
s1139,The Valley III,2015,"The third act is creepy. Every beat is tame. Ninety minutes, no padding.",5.3
s1140,Winter Well Redux,2009,"The cast is doing real work here. The pacing is unsettling. That long hallway shot is creepy. The premise is gory. The atmosphere is ominous. The ending is predictable. I saw it in a full theatre, which helped. The third act is tedious.",7.8
s1141,Quiet Ferry Redux,2002,"The atmosphere is sinister. I saw it in a full theatre, which helped. The score is not remotely creepy. Every beat is not especially haunting.",4.4
s1142,Low Field Redux',2009,"The first half is gory. The pacing is eerie. The director clearly loves the genre. That long hallway shot is not remotely unsettling. Ninety minutes, no padding. Every beat is tame.",4.9
s1143,Old Tide III,2017,The premise is grisly. The final scene is gruesome. Shot on 16mm and it shows. The middle hour is hardly eerie. The cast is doing real work here.,5.0
s1144,Pale Signal II,2024,The cast play it tedious. The director clearly loves the genre. The premise is predictable. The third act is chilling. The soundtrack is doing a lot of work.,5.5
s1145,Green Garden Redux,2000,The whole thing is not terrifying. The atmosphere is not remotely ominous. The score is not especially haunting. The middle hour is predictable. The premise is not boring. Shot on 16mm and it shows.,2.4
s1146,Bright Door Redux,2006,The premise is not remotely gory. The middle hour is tedious. The whole thing is never haunting. That long hallway shot is gruesome. The cast play it never silly. The cast is doing real work here.,4.5
s1147,Near Ferry III,2010,The sound design is never once gruesome. Shot on 16mm and it shows. The cast play it not brutal. The director clearly loves the genre.,3.7
s1148,Quiet Mirror II,2023,"The ending is silly. Every beat is grisly. I saw it in a full theatre, which helped. Shot on 16mm and it shows. The third act is never unsettling. The first half is not gory. The sound design is not especially chilling.",2.2
s1149,Blue Harbour Redux,2001,"Shot on 16mm and it shows. I saw it in a full theatre, which helped. The first half is never grisly. The sound design is chilling.",6.1
s1150,Long Market Returns,2023,Worth seeing with an audience. The first half is predictable. The soundtrack is doing a lot of work. The sound design is terrifying. The pacing is tedious. The premise is chilling. That long hallway shot is eerie.,6.9
s1151,Far Bridge III',1998,That long hallway shot is sinister. The ending is boring. The soundtrack is doing a lot of work. The middle hour is not especially predictable. The premise is not especially eerie.,5.2
s1152,Pale Coast II',2012,The third act is terrifying. That long hallway shot is chilling. The atmosphere is boring. The first half is hardly grisly. The director clearly loves the genre.,6.7
s1153,Wild Market II,1999,The soundtrack is doing a lot of work. The whole thing is haunting. The final scene is unsettling. The atmosphere is not remotely ominous. The director clearly loves the genre.,6.3
s1154,Deep Door Returns,2002,The whole thing is not creepy. The ending is never unsettling. The pacing is terrifying. The sound design is grisly. Shot on 16mm and it shows. The soundtrack is doing a lot of work.,4.2
s1155,Black Coast II,2005,The premise is boring. The director clearly loves the genre. The soundtrack is doing a lot of work. The sound design is not remotely ominous. The whole thing is hardly unsettling. Every beat is not remotely silly.,3.5
s1156,Cold Field III,2001,"The sound design is not grisly. That long hallway shot is brutal. Ninety minutes, no padding. Worth seeing with an audience. The third act is unsettling. The first half is eerie.",7.2
s1157,Bright Lantern III,2019,The first half is eerie. The score is not bloody. The third act is tedious. The soundtrack is doing a lot of work. The final scene is brutal. The premise is terrifying.,6.7
s1158,Bitter Orchard Redux,2015,The cast play it never silly. The director clearly loves the genre. Every beat is not remotely eerie.,4.8
s1159,Cold Bridge Redux',2003,The whole thing is never gruesome. Every beat is boring. The final scene is silly. The atmosphere is hardly gory. Worth seeing with an audience.,3.4
s1160,Last Tower II,2000,"The atmosphere is eerie. The sound design is gruesome. The final scene is unsettling. The third act is not ominous. The pacing is not remotely gory. The director clearly loves the genre. I saw it in a full theatre, which helped. The middle hour is silly.",5.4
s1161,Deep Hour,2017,The whole thing is never once silly. The premise is chilling. That long hallway shot is never haunting. The atmosphere is sinister. Shot on 16mm and it shows. The pacing is gruesome.,6.5
s1162,Pale Woods II,2006,"Ninety minutes, no padding. The score is ominous.",6.1
s1163,Grey Tower Redux,2010,"Ninety minutes, no padding. The final scene is not especially haunting. Every beat is creepy. The atmosphere is hardly terrifying.",3.8
s1164,Small Chapel III,2016,The trailer gives away too much. Worth seeing with an audience. The first half is haunting.,6.4
s1165,The Light Redux,2019,That long hallway shot is not creepy. Shot on 16mm and it shows. The premise is silly. The soundtrack is doing a lot of work. The pacing is unsettling. The middle hour is not especially tame. The final scene is ominous.,6.5
s1166,The Hour Redux'',2014,The pacing is hardly sinister. The trailer gives away too much. The premise is ominous. The atmosphere is hardly bloody. Shot on 16mm and it shows. Every beat is unsettling.,6.1
s1167,Night Well Redux,2021,"That long hallway shot is not haunting. I saw it in a full theatre, which helped. Every beat is never ominous. Worth seeing with an audience. The atmosphere is boring. The premise is not sinister.",1.7
s1168,Long Mirror Redux,2008,The middle hour is gruesome. The director clearly loves the genre. The final scene is not remotely creepy. The cast play it sinister. The premise is bloody. Worth seeing with an audience.,5.0
s1169,Blue Hollow Redux,2006,The middle hour is hardly terrifying. The soundtrack is doing a lot of work. The third act is not remotely ominous. The premise is tame. The cast is doing real work here.,2.1
s1170,Winter House Returns,2014,The director clearly loves the genre. The middle hour is eerie. Every beat is predictable. The score is never once grisly. The whole thing is tedious. The trailer gives away too much. The sound design is terrifying. The first half is ominous. The third act is not gory.,7.1
s1171,Blue Woods Returns,2019,"I saw it in a full theatre, which helped. The sound design is tame. Worth seeing with an audience. The atmosphere is chilling.",5.0
s1172,Far Field II',2012,The ending is haunting. The trailer gives away too much. The sound design is gruesome. The first half is silly. That long hallway shot is never once creepy.,6.0
s1173,Far Valley III,2010,"Ninety minutes, no padding. The trailer gives away too much. The ending is tame. The pacing is brutal.",5.4
s1174,Bitter Field,2011,"Shot on 16mm and it shows. The pacing is gory. The first half is ominous. Ninety minutes, no padding. The atmosphere is gruesome.",7.4
s1175,Night Door Returns',2012,"The third act is gruesome. Ninety minutes, no padding. The trailer gives away too much. The first half is not tedious. Every beat is chilling.",7.5
s1176,Deep Woods Returns,1998,The soundtrack is doing a lot of work. The first half is ominous. The middle hour is not remotely brutal. The cast play it not haunting. The final scene is creepy.,5.8
s1177,Old Tower,2018,"The trailer gives away too much. The middle hour is gruesome. The atmosphere is creepy. I saw it in a full theatre, which helped. The score is sinister. The sound design is silly.",7.9
s1178,Winter Garden,2017,Shot on 16mm and it shows. Every beat is chilling. The final scene is brutal.,6.7
s1179,Old Door III',2005,The sound design is eerie. The first half is sinister. The trailer gives away too much. The director clearly loves the genre. The middle hour is not remotely chilling. The atmosphere is gruesome. The final scene is never boring.,7.2
s1180,Green Door II,2004,Every beat is not predictable. The cast is doing real work here. The score is gory. The director clearly loves the genre. The premise is silly.,5.6
s1181,Small Station III,2013,The atmosphere is eerie. The final scene is never once creepy. Worth seeing with an audience. The cast is doing real work here.,4.9
s1182,Small Door II',2022,The ending is sinister. That long hallway shot is eerie. The soundtrack is doing a lot of work. The sound design is brutal. The trailer gives away too much.,7.1
s1183,Old Door II,2010,The cast is doing real work here.,5.0
s1184,Salt Signal II,2024,Worth seeing with an audience. The cast play it gruesome. The sound design is never terrifying. The middle hour is brutal. The atmosphere is not remotely creepy. The pacing is hardly tedious.,4.1
s1185,Green Tower III'',2001,The premise is never sinister. The cast play it tame. The ending is never once predictable. Shot on 16mm and it shows. Worth seeing with an audience. The third act is gruesome.,4.4
s1186,Old House Redux,2011,The trailer gives away too much. The third act is not especially ominous. The first half is not especially grisly. The premise is bloody. The whole thing is haunting. Every beat is not boring.,5.5
s1187,Black Door II,2006,The cast is doing real work here. The pacing is boring. The final scene is ominous. Every beat is never once eerie.,5.1
s1188,Last Ferry,2014,The soundtrack is doing a lot of work. The sound design is ominous. The score is never once eerie. The atmosphere is not tame. The trailer gives away too much. The whole thing is bloody. The first half is creepy. The premise is not predictable.,8.5
s1189,Black Chapel Redux',2010,"The score is brutal. That long hallway shot is not remotely chilling. Every beat is predictable. The sound design is haunting. Ninety minutes, no padding.",5.5
s1190,Hollow Garden,2023,The soundtrack is doing a lot of work. The trailer gives away too much. The first half is predictable.,4.9
s1191,Far Hollow Redux,2002,The score is hardly bloody. The premise is ominous. The cast play it tedious. The director clearly loves the genre. The ending is never once unsettling. Worth seeing with an audience. The whole thing is creepy.,5.5
s1192,Small Orchard II,2023,The middle hour is never sinister. Shot on 16mm and it shows. That long hallway shot is eerie.,4.1
s1193,Far Lantern Returns,2014,The director clearly loves the genre. The premise is silly. The final scene is gruesome. The middle hour is grisly.,5.0
s1194,Old Light Redux,1998,The trailer gives away too much. The score is not remotely grisly. The whole thing is boring.,4.5
s1195,Old Garden Returns,2002,The middle hour is tedious. That long hallway shot is silly. The trailer gives away too much.,3.9
s1196,Cold Station II,2018,The middle hour is brutal. The third act is unsettling. That long hallway shot is grisly. The first half is terrifying. The soundtrack is doing a lot of work.,7.8
s1197,Low Market Returns',2021,The final scene is sinister. The cast is doing real work here. The premise is haunting.,7.4
s1198,Deep Tower,2016,"The pacing is unsettling. That long hallway shot is never silly. The third act is predictable. I saw it in a full theatre, which helped.",5.3
s1199,Old Signal III,2018,"I saw it in a full theatre, which helped.",5.2
s1200,Low Market Redux,2000,The score is never once terrifying. The first half is sinister. The third act is boring. The ending is tedious. Worth seeing with an audience. The cast play it not especially bloody. The atmosphere is gory.,4.0
